============================================
LIBERO + Pi0 Test Pipeline
Node: cn003
Date: Wed Mar  4 22:33:10 +04 2026
Job ID: 14300809
============================================

[GPU Info]
NVIDIA A100-PCIE-40GB, 40960 MiB

============================================
LEVEL 1: LIBERO unit tests
============================================
============================= test session starts ==============================
platform linux -- Python 3.11.14, pytest-9.0.2, pluggy-1.6.0 -- /home/at5282/.conda/envs/trace-pi0/bin/python
cachedir: .pytest_cache
rootdir: /scratch/at5282/trace/tracerobotics
configfile: pyproject.toml
plugins: cov-7.0.0
collecting ... collected 12 items

tests/test_libero_task.py::TestLiberoTaskInit::test_initialize PASSED    [  8%]
tests/test_libero_task.py::TestLiberoTaskInit::test_language_instruction PASSED [ 16%]
tests/test_libero_task.py::TestLiberoTaskReset::test_reset_returns_observation PASSED [ 25%]
tests/test_libero_task.py::TestLiberoTaskReset::test_observation_keys PASSED [ 33%]
tests/test_libero_task.py::TestLiberoTaskReset::test_image_shape PASSED  [ 41%]
tests/test_libero_task.py::TestLiberoTaskReset::test_proprioception_shapes PASSED [ 50%]
tests/test_libero_task.py::TestLiberoTaskStep::test_step_returns_tuple PASSED [ 58%]
tests/test_libero_task.py::TestLiberoTaskStep::test_step_observation_format PASSED [ 66%]
tests/test_libero_task.py::TestLiberoTaskMujoco::test_get_mujoco_model PASSED [ 75%]
tests/test_libero_task.py::TestLiberoTaskMujoco::test_get_mujoco_data PASSED [ 83%]
tests/test_libero_task.py::TestLiberoTaskSuccess::test_initial_not_success PASSED [ 91%]
tests/test_libero_task.py::TestLiberoTaskSuccess::test_no_catastrophic_failure PASSED [100%]

=============================== warnings summary ===============================
tests/test_libero_task.py::TestLiberoTaskInit::test_initialize
  /home/at5282/.conda/envs/trace-pi0/lib/python3.11/site-packages/robosuite/macros.py:53: DeprecationWarning: The 'warn' method is deprecated, use 'warning' instead
    ROBOSUITE_DEFAULT_LOGGER.warn("No private macro file found!")

tests/test_libero_task.py::TestLiberoTaskInit::test_initialize
  /home/at5282/.conda/envs/trace-pi0/lib/python3.11/site-packages/robosuite/macros.py:54: DeprecationWarning: The 'warn' method is deprecated, use 'warning' instead
    ROBOSUITE_DEFAULT_LOGGER.warn("It is recommended to use a private macro file")

tests/test_libero_task.py::TestLiberoTaskInit::test_initialize
  /home/at5282/.conda/envs/trace-pi0/lib/python3.11/site-packages/robosuite/macros.py:55: DeprecationWarning: The 'warn' method is deprecated, use 'warning' instead
    ROBOSUITE_DEFAULT_LOGGER.warn("To setup, run: python {}/scripts/setup_macros.py".format(robosuite.__path__[0]))

-- Docs: https://docs.pytest.org/en/stable/how-to/capture-warnings.html
======================= 12 passed, 3 warnings in 29.38s ========================
LEVEL 1 PASSED

============================================
Starting pi0 server on port 8000...
============================================
Waiting for server (PID 581434) to start listening on port 8000...
  ... waiting (5s)
  ... waiting (10s)
  ... waiting (15s)
  ... waiting (20s)
  ... waiting (25s)
  ... waiting (30s)
  ... waiting (35s)
  ... waiting (40s)
  ... waiting (45s)
Server is ready (took 45s).


============================================
LEVEL 2: LIBERO single-episode evaluation
============================================
[robosuite WARNING] No private macro file found! (macros.py:53)
[robosuite WARNING] It is recommended to use a private macro file (macros.py:54)
[robosuite WARNING] To setup, run: python /home/at5282/.conda/envs/trace-pi0/lib/python3.11/site-packages/robosuite/scripts/setup_macros.py (macros.py:55)
Gym has been unmaintained since 2022 and does not support NumPy 2.0 amongst other critical functionality.
Please upgrade to Gymnasium, the maintained drop-in replacement of Gym, or contact the authors of your software and request that they upgrade.
See the migration guide at https://gymnasium.farama.org/introduction/migration_guide/ for additional information.
[info] using task orders [0, 1, 2, 3, 4, 5, 6, 7, 8, 9]
[Warning]: datasets path /scratch/at5282/trace/openpi/third_party/libero/libero/datasets does not exist!
[Warning]: datasets path /scratch/at5282/trace/openpi/third_party/libero/libero/datasets does not exist!
Task: libero
Suite: libero_spatial
Language instruction: pick up the black bowl between the plate and the ramekin and place it on the plate
Success:              True
Steps:                69
Reward:               1.000
Catastrophic failure: False
LEVEL 2 PASSED
Exception ignored in: <function MjRenderContext.__del__ at 0x15540e983880>
Traceback (most recent call last):
  File "/home/at5282/.conda/envs/trace-pi0/lib/python3.11/site-packages/robosuite/utils/binding_utils.py", line 199, in __del__
  File "/home/at5282/.conda/envs/trace-pi0/lib/python3.11/site-packages/robosuite/renderers/context/egl_context.py", line 149, in free
  File "/home/at5282/.conda/envs/trace-pi0/lib/python3.11/site-packages/OpenGL/error.py", line 230, in glCheckError
OpenGL.raw.EGL._errors.EGLError: <exception str() failed>
Exception ignored in: <function EGLGLContext.__del__ at 0x15540e983740>
Traceback (most recent call last):
  File "/home/at5282/.conda/envs/trace-pi0/lib/python3.11/site-packages/robosuite/renderers/context/egl_context.py", line 155, in __del__
  File "/home/at5282/.conda/envs/trace-pi0/lib/python3.11/site-packages/robosuite/renderers/context/egl_context.py", line 149, in free
  File "/home/at5282/.conda/envs/trace-pi0/lib/python3.11/site-packages/OpenGL/error.py", line 230, in glCheckError
OpenGL.raw.EGL._errors.EGLError: <exception str() failed>

============================================
LEVEL 3: LIBERO mini sweep (quick_test.yaml)
============================================
2026-03-04 22:35:34,195 __main__ INFO: Trace Robotics Evaluation
2026-03-04 22:35:34,195 __main__ INFO: Task config: configs/tasks/libero_spatial.yaml
2026-03-04 22:35:34,195 __main__ INFO: Sweep config: configs/sweeps/quick_test.yaml
2026-03-04 22:35:34,195 __main__ INFO: Checkpoint: (none)
2026-03-04 22:35:34,195 __main__ INFO: Output: output/reports
[robosuite WARNING] No private macro file found! (macros.py:53)
2026-03-04 22:35:35,894 robosuite_logs WARNING: No private macro file found!
[robosuite WARNING] It is recommended to use a private macro file (macros.py:54)
2026-03-04 22:35:35,894 robosuite_logs WARNING: It is recommended to use a private macro file
[robosuite WARNING] To setup, run: python /home/at5282/.conda/envs/trace-pi0/lib/python3.11/site-packages/robosuite/scripts/setup_macros.py (macros.py:55)
2026-03-04 22:35:35,894 robosuite_logs WARNING: To setup, run: python /home/at5282/.conda/envs/trace-pi0/lib/python3.11/site-packages/robosuite/scripts/setup_macros.py
Gym has been unmaintained since 2022 and does not support NumPy 2.0 amongst other critical functionality.
Please upgrade to Gymnasium, the maintained drop-in replacement of Gym, or contact the authors of your software and request that they upgrade.
See the migration guide at https://gymnasium.farama.org/introduction/migration_guide/ for additional information.
2026-03-04 22:35:38,704 __main__ INFO: Task 'libero' initialized
2026-03-04 22:35:38,725 root INFO: Waiting for server at ws://localhost:8000...
2026-03-04 22:35:38,730 __main__ INFO: Using named policy: pi0
2026-03-04 22:35:38,732 __main__ INFO: Loaded 1 stressor sweeps
2026-03-04 22:35:38,733 __main__ INFO: Running sweep 1/1: LatencyStressor
2026-03-04 22:35:44,001 trace.runner.sweep_runner INFO: intensity=0.00 seed=0 ep=0 success=True steps=74
2026-03-04 22:35:50,905 trace.runner.sweep_runner INFO: intensity=0.00 seed=0 ep=1 success=True steps=109
2026-03-04 22:36:03,607 trace.runner.sweep_runner INFO: intensity=0.50 seed=0 ep=0 success=False steps=220
2026-03-04 22:36:16,563 trace.runner.sweep_runner INFO: intensity=0.50 seed=0 ep=1 success=False steps=220
2026-03-04 22:36:30,144 trace.runner.sweep_runner INFO: intensity=1.00 seed=0 ep=0 success=False steps=220
2026-03-04 22:36:42,670 trace.runner.sweep_runner INFO: intensity=1.00 seed=0 ep=1 success=False steps=220
2026-03-04 22:36:42,672 __main__ INFO:   baseline=100%, max_degradation=100%, breakpoint=0.50
2026-03-04 22:36:42,675 __main__ INFO:   Report updated: output/reports/report_Pi0PolicyAdapter_libero_20260304_223538.md (1/1 stressors)
2026-03-04 22:36:42,675 __main__ INFO: Final report: output/reports/report_Pi0PolicyAdapter_libero_20260304_223538.md
[info] using task orders [0, 1, 2, 3, 4, 5, 6, 7, 8, 9]
[Warning]: datasets path /scratch/at5282/trace/openpi/third_party/libero/libero/datasets does not exist!
[Warning]: datasets path /scratch/at5282/trace/openpi/third_party/libero/libero/datasets does not exist!
Exception ignored in: <function MjRenderContext.__del__ at 0x155406950720>
Traceback (most recent call last):
  File "/home/at5282/.conda/envs/trace-pi0/lib/python3.11/site-packages/robosuite/utils/binding_utils.py", line 199, in __del__
    self.gl_ctx.free()
  File "/home/at5282/.conda/envs/trace-pi0/lib/python3.11/site-packages/robosuite/renderers/context/egl_context.py", line 149, in free
    EGL.eglMakeCurrent(EGL_DISPLAY, EGL.EGL_NO_SURFACE, EGL.EGL_NO_SURFACE, EGL.EGL_NO_CONTEXT)
  File "/home/at5282/.conda/envs/trace-pi0/lib/python3.11/site-packages/OpenGL/error.py", line 230, in glCheckError
    raise self._errorClass(
OpenGL.raw.EGL._errors.EGLError: EGLError(
	err = EGL_NOT_INITIALIZED,
	baseOperation = eglMakeCurrent,
	cArguments = (
		<OpenGL._opaque.EGLDisplay_pointer object at 0x1553e18ae2a0>,
		<OpenGL._opaque.EGLSurface_pointer object at 0x15553d76be30>,
		<OpenGL._opaque.EGLSurface_pointer object at 0x15553d76be30>,
		<OpenGL._opaque.EGLContext_pointer object at 0x15553d76bd10>,
	),
	result = 0
)
Exception ignored in: <function EGLGLContext.__del__ at 0x1554069505e0>
Traceback (most recent call last):
  File "/home/at5282/.conda/envs/trace-pi0/lib/python3.11/site-packages/robosuite/renderers/context/egl_context.py", line 155, in __del__
    self.free()
  File "/home/at5282/.conda/envs/trace-pi0/lib/python3.11/site-packages/robosuite/renderers/context/egl_context.py", line 149, in free
    EGL.eglMakeCurrent(EGL_DISPLAY, EGL.EGL_NO_SURFACE, EGL.EGL_NO_SURFACE, EGL.EGL_NO_CONTEXT)
  File "/home/at5282/.conda/envs/trace-pi0/lib/python3.11/site-packages/OpenGL/error.py", line 230, in glCheckError
    raise self._errorClass(
OpenGL.raw.EGL._errors.EGLError: EGLError(
	err = EGL_NOT_INITIALIZED,
	baseOperation = eglMakeCurrent,
	cArguments = (
		<OpenGL._opaque.EGLDisplay_pointer object at 0x1553e18ae2a0>,
		<OpenGL._opaque.EGLSurface_pointer object at 0x15553d76be30>,
		<OpenGL._opaque.EGLSurface_pointer object at 0x15553d76be30>,
		<OpenGL._opaque.EGLContext_pointer object at 0x15553d76bd10>,
	),
	result = 0
)
LEVEL 3 PASSED

============================================
LEVEL 4: LIBERO full sweep (default_sweep.yaml)
============================================
2026-03-04 22:36:43,918 __main__ INFO: Trace Robotics Evaluation
2026-03-04 22:36:43,919 __main__ INFO: Task config: configs/tasks/libero_spatial.yaml
2026-03-04 22:36:43,919 __main__ INFO: Sweep config: configs/sweeps/default_sweep.yaml
2026-03-04 22:36:43,919 __main__ INFO: Checkpoint: (none)
2026-03-04 22:36:43,919 __main__ INFO: Output: output/reports
[robosuite WARNING] No private macro file found! (macros.py:53)
2026-03-04 22:36:45,616 robosuite_logs WARNING: No private macro file found!
[robosuite WARNING] It is recommended to use a private macro file (macros.py:54)
2026-03-04 22:36:45,616 robosuite_logs WARNING: It is recommended to use a private macro file
[robosuite WARNING] To setup, run: python /home/at5282/.conda/envs/trace-pi0/lib/python3.11/site-packages/robosuite/scripts/setup_macros.py (macros.py:55)
2026-03-04 22:36:45,616 robosuite_logs WARNING: To setup, run: python /home/at5282/.conda/envs/trace-pi0/lib/python3.11/site-packages/robosuite/scripts/setup_macros.py
Gym has been unmaintained since 2022 and does not support NumPy 2.0 amongst other critical functionality.
Please upgrade to Gymnasium, the maintained drop-in replacement of Gym, or contact the authors of your software and request that they upgrade.
See the migration guide at https://gymnasium.farama.org/introduction/migration_guide/ for additional information.
2026-03-04 22:36:48,547 __main__ INFO: Task 'libero' initialized
2026-03-04 22:36:48,577 root INFO: Waiting for server at ws://localhost:8000...
2026-03-04 22:36:48,582 __main__ INFO: Using named policy: pi0
2026-03-04 22:36:48,591 __main__ INFO: Loaded 9 stressor sweeps
2026-03-04 22:36:48,591 __main__ INFO: Running sweep 1/9: LatencyStressor
2026-03-04 22:36:53,842 trace.runner.sweep_runner INFO: intensity=0.00 seed=0 ep=0 success=True steps=74
2026-03-04 22:37:00,607 trace.runner.sweep_runner INFO: intensity=0.00 seed=0 ep=1 success=True steps=108
2026-03-04 22:37:06,168 trace.runner.sweep_runner INFO: intensity=0.00 seed=0 ep=2 success=True steps=83
2026-03-04 22:37:11,362 trace.runner.sweep_runner INFO: intensity=0.00 seed=0 ep=3 success=True steps=77
2026-03-04 22:37:16,326 trace.runner.sweep_runner INFO: intensity=0.00 seed=0 ep=4 success=True steps=74
2026-03-04 22:37:21,413 trace.runner.sweep_runner INFO: intensity=0.00 seed=0 ep=5 success=True steps=75
2026-03-04 22:37:26,205 trace.runner.sweep_runner INFO: intensity=0.00 seed=0 ep=6 success=True steps=66
2026-03-04 22:37:31,598 trace.runner.sweep_runner INFO: intensity=0.00 seed=0 ep=7 success=True steps=80
2026-03-04 22:37:36,803 trace.runner.sweep_runner INFO: intensity=0.00 seed=0 ep=8 success=True steps=76
2026-03-04 22:37:41,856 trace.runner.sweep_runner INFO: intensity=0.00 seed=0 ep=9 success=True steps=75
2026-03-04 22:37:47,249 trace.runner.sweep_runner INFO: intensity=0.00 seed=1 ep=0 success=True steps=80
2026-03-04 22:37:55,555 trace.runner.sweep_runner INFO: intensity=0.00 seed=1 ep=1 success=True steps=136
2026-03-04 22:38:00,680 trace.runner.sweep_runner INFO: intensity=0.00 seed=1 ep=2 success=True steps=80
2026-03-04 22:38:05,719 trace.runner.sweep_runner INFO: intensity=0.00 seed=1 ep=3 success=True steps=74
2026-03-04 22:38:10,775 trace.runner.sweep_runner INFO: intensity=0.00 seed=1 ep=4 success=True steps=73
2026-03-04 22:38:15,763 trace.runner.sweep_runner INFO: intensity=0.00 seed=1 ep=5 success=True steps=74
2026-03-04 22:38:20,926 trace.runner.sweep_runner INFO: intensity=0.00 seed=1 ep=6 success=True steps=75
2026-03-04 22:38:26,263 trace.runner.sweep_runner INFO: intensity=0.00 seed=1 ep=7 success=True steps=77
2026-03-04 22:38:31,708 trace.runner.sweep_runner INFO: intensity=0.00 seed=1 ep=8 success=True steps=81
2026-03-04 22:38:38,337 trace.runner.sweep_runner INFO: intensity=0.00 seed=1 ep=9 success=True steps=106
2026-03-04 22:38:43,601 trace.runner.sweep_runner INFO: intensity=0.00 seed=2 ep=0 success=True steps=78
2026-03-04 22:38:50,545 trace.runner.sweep_runner INFO: intensity=0.00 seed=2 ep=1 success=True steps=112
2026-03-04 22:38:55,716 trace.runner.sweep_runner INFO: intensity=0.00 seed=2 ep=2 success=True steps=81
2026-03-04 22:39:00,959 trace.runner.sweep_runner INFO: intensity=0.00 seed=2 ep=3 success=True steps=76
2026-03-04 22:39:05,855 trace.runner.sweep_runner INFO: intensity=0.00 seed=2 ep=4 success=True steps=71
2026-03-04 22:39:10,952 trace.runner.sweep_runner INFO: intensity=0.00 seed=2 ep=5 success=True steps=76
2026-03-04 22:39:15,914 trace.runner.sweep_runner INFO: intensity=0.00 seed=2 ep=6 success=True steps=71
2026-03-04 22:39:21,498 trace.runner.sweep_runner INFO: intensity=0.00 seed=2 ep=7 success=True steps=83
2026-03-04 22:39:26,870 trace.runner.sweep_runner INFO: intensity=0.00 seed=2 ep=8 success=True steps=80
2026-03-04 22:39:31,933 trace.runner.sweep_runner INFO: intensity=0.00 seed=2 ep=9 success=True steps=71
2026-03-04 22:39:37,311 trace.runner.sweep_runner INFO: intensity=0.00 seed=3 ep=0 success=True steps=81
2026-03-04 22:39:43,769 trace.runner.sweep_runner INFO: intensity=0.00 seed=3 ep=1 success=True steps=104
2026-03-04 22:39:49,313 trace.runner.sweep_runner INFO: intensity=0.00 seed=3 ep=2 success=True steps=85
2026-03-04 22:39:54,553 trace.runner.sweep_runner INFO: intensity=0.00 seed=3 ep=3 success=True steps=76
2026-03-04 22:40:04,493 trace.runner.sweep_runner INFO: intensity=0.00 seed=3 ep=4 success=True steps=163
2026-03-04 22:40:10,965 trace.runner.sweep_runner INFO: intensity=0.00 seed=3 ep=5 success=True steps=102
2026-03-04 22:40:16,065 trace.runner.sweep_runner INFO: intensity=0.00 seed=3 ep=6 success=True steps=75
2026-03-04 22:40:21,812 trace.runner.sweep_runner INFO: intensity=0.00 seed=3 ep=7 success=True steps=85
2026-03-04 22:40:27,201 trace.runner.sweep_runner INFO: intensity=0.00 seed=3 ep=8 success=True steps=80
2026-03-04 22:40:32,114 trace.runner.sweep_runner INFO: intensity=0.00 seed=3 ep=9 success=True steps=71
2026-03-04 22:40:37,378 trace.runner.sweep_runner INFO: intensity=0.00 seed=4 ep=0 success=True steps=78
2026-03-04 22:40:43,968 trace.runner.sweep_runner INFO: intensity=0.00 seed=4 ep=1 success=True steps=103
2026-03-04 22:40:50,409 trace.runner.sweep_runner INFO: intensity=0.00 seed=4 ep=2 success=True steps=101
2026-03-04 22:40:55,436 trace.runner.sweep_runner INFO: intensity=0.00 seed=4 ep=3 success=True steps=75
2026-03-04 22:41:00,469 trace.runner.sweep_runner INFO: intensity=0.00 seed=4 ep=4 success=True steps=72
2026-03-04 22:41:05,634 trace.runner.sweep_runner INFO: intensity=0.00 seed=4 ep=5 success=True steps=79
2026-03-04 22:41:10,476 trace.runner.sweep_runner INFO: intensity=0.00 seed=4 ep=6 success=True steps=67
2026-03-04 22:41:15,613 trace.runner.sweep_runner INFO: intensity=0.00 seed=4 ep=7 success=True steps=75
2026-03-04 22:41:28,274 trace.runner.sweep_runner INFO: intensity=0.00 seed=4 ep=8 success=False steps=220
2026-03-04 22:41:33,621 trace.runner.sweep_runner INFO: intensity=0.00 seed=4 ep=9 success=True steps=76
2026-03-04 22:41:39,287 trace.runner.sweep_runner INFO: intensity=0.10 seed=0 ep=0 success=True steps=81
2026-03-04 22:41:44,816 trace.runner.sweep_runner INFO: intensity=0.10 seed=0 ep=1 success=True steps=84
2026-03-04 22:41:53,308 trace.runner.sweep_runner INFO: intensity=0.10 seed=0 ep=2 success=True steps=139
2026-03-04 22:41:59,002 trace.runner.sweep_runner INFO: intensity=0.10 seed=0 ep=3 success=True steps=84
2026-03-04 22:42:04,608 trace.runner.sweep_runner INFO: intensity=0.10 seed=0 ep=4 success=True steps=82
2026-03-04 22:42:10,182 trace.runner.sweep_runner INFO: intensity=0.10 seed=0 ep=5 success=True steps=81
2026-03-04 22:42:15,425 trace.runner.sweep_runner INFO: intensity=0.10 seed=0 ep=6 success=True steps=75
2026-03-04 22:42:21,681 trace.runner.sweep_runner INFO: intensity=0.10 seed=0 ep=7 success=True steps=93
2026-03-04 22:42:27,266 trace.runner.sweep_runner INFO: intensity=0.10 seed=0 ep=8 success=True steps=81
2026-03-04 22:42:32,937 trace.runner.sweep_runner INFO: intensity=0.10 seed=0 ep=9 success=True steps=87
2026-03-04 22:42:38,446 trace.runner.sweep_runner INFO: intensity=0.10 seed=1 ep=0 success=True steps=82
2026-03-04 22:42:45,927 trace.runner.sweep_runner INFO: intensity=0.10 seed=1 ep=1 success=True steps=121
2026-03-04 22:42:53,315 trace.runner.sweep_runner INFO: intensity=0.10 seed=1 ep=2 success=True steps=121
2026-03-04 22:42:58,830 trace.runner.sweep_runner INFO: intensity=0.10 seed=1 ep=3 success=True steps=83
2026-03-04 22:43:04,382 trace.runner.sweep_runner INFO: intensity=0.10 seed=1 ep=4 success=True steps=81
2026-03-04 22:43:10,263 trace.runner.sweep_runner INFO: intensity=0.10 seed=1 ep=5 success=True steps=90
2026-03-04 22:43:15,844 trace.runner.sweep_runner INFO: intensity=0.10 seed=1 ep=6 success=True steps=81
2026-03-04 22:43:28,735 trace.runner.sweep_runner INFO: intensity=0.10 seed=1 ep=7 success=False steps=220
2026-03-04 22:43:34,698 trace.runner.sweep_runner INFO: intensity=0.10 seed=1 ep=8 success=True steps=88
2026-03-04 22:43:44,232 trace.runner.sweep_runner INFO: intensity=0.10 seed=1 ep=9 success=True steps=158
2026-03-04 22:43:49,828 trace.runner.sweep_runner INFO: intensity=0.10 seed=2 ep=0 success=True steps=83
2026-03-04 22:43:55,620 trace.runner.sweep_runner INFO: intensity=0.10 seed=2 ep=1 success=True steps=88
2026-03-04 22:44:03,294 trace.runner.sweep_runner INFO: intensity=0.10 seed=2 ep=2 success=True steps=126
2026-03-04 22:44:08,819 trace.runner.sweep_runner INFO: intensity=0.10 seed=2 ep=3 success=True steps=82
2026-03-04 22:44:14,216 trace.runner.sweep_runner INFO: intensity=0.10 seed=2 ep=4 success=True steps=80
2026-03-04 22:44:19,751 trace.runner.sweep_runner INFO: intensity=0.10 seed=2 ep=5 success=True steps=82
2026-03-04 22:44:25,470 trace.runner.sweep_runner INFO: intensity=0.10 seed=2 ep=6 success=True steps=85
2026-03-04 22:44:31,397 trace.runner.sweep_runner INFO: intensity=0.10 seed=2 ep=7 success=True steps=87
2026-03-04 22:44:37,227 trace.runner.sweep_runner INFO: intensity=0.10 seed=2 ep=8 success=True steps=86
2026-03-04 22:44:42,850 trace.runner.sweep_runner INFO: intensity=0.10 seed=2 ep=9 success=True steps=84
2026-03-04 22:44:48,643 trace.runner.sweep_runner INFO: intensity=0.10 seed=3 ep=0 success=True steps=88
2026-03-04 22:44:56,271 trace.runner.sweep_runner INFO: intensity=0.10 seed=3 ep=1 success=True steps=122
2026-03-04 22:45:02,044 trace.runner.sweep_runner INFO: intensity=0.10 seed=3 ep=2 success=True steps=87
2026-03-04 22:45:09,437 trace.runner.sweep_runner INFO: intensity=0.10 seed=3 ep=3 success=True steps=118
2026-03-04 22:45:15,016 trace.runner.sweep_runner INFO: intensity=0.10 seed=3 ep=4 success=True steps=83
2026-03-04 22:45:20,510 trace.runner.sweep_runner INFO: intensity=0.10 seed=3 ep=5 success=True steps=84
2026-03-04 22:45:25,735 trace.runner.sweep_runner INFO: intensity=0.10 seed=3 ep=6 success=True steps=75
2026-03-04 22:45:31,748 trace.runner.sweep_runner INFO: intensity=0.10 seed=3 ep=7 success=True steps=90
2026-03-04 22:45:37,441 trace.runner.sweep_runner INFO: intensity=0.10 seed=3 ep=8 success=True steps=85
2026-03-04 22:45:43,066 trace.runner.sweep_runner INFO: intensity=0.10 seed=3 ep=9 success=True steps=82
2026-03-04 22:45:48,675 trace.runner.sweep_runner INFO: intensity=0.10 seed=4 ep=0 success=True steps=82
2026-03-04 22:45:54,139 trace.runner.sweep_runner INFO: intensity=0.10 seed=4 ep=1 success=True steps=85
2026-03-04 22:46:01,515 trace.runner.sweep_runner INFO: intensity=0.10 seed=4 ep=2 success=True steps=118
2026-03-04 22:46:06,843 trace.runner.sweep_runner INFO: intensity=0.10 seed=4 ep=3 success=True steps=80
2026-03-04 22:46:12,512 trace.runner.sweep_runner INFO: intensity=0.10 seed=4 ep=4 success=True steps=83
2026-03-04 22:46:18,171 trace.runner.sweep_runner INFO: intensity=0.10 seed=4 ep=5 success=True steps=86
2026-03-04 22:46:23,623 trace.runner.sweep_runner INFO: intensity=0.10 seed=4 ep=6 success=True steps=78
2026-03-04 22:46:36,133 trace.runner.sweep_runner INFO: intensity=0.10 seed=4 ep=7 success=True steps=212
2026-03-04 22:46:41,902 trace.runner.sweep_runner INFO: intensity=0.10 seed=4 ep=8 success=True steps=86
2026-03-04 22:46:47,272 trace.runner.sweep_runner INFO: intensity=0.10 seed=4 ep=9 success=True steps=79
2026-03-04 22:46:53,415 trace.runner.sweep_runner INFO: intensity=0.20 seed=0 ep=0 success=True steps=91
2026-03-04 22:47:01,491 trace.runner.sweep_runner INFO: intensity=0.20 seed=0 ep=1 success=True steps=132
2026-03-04 22:47:10,440 trace.runner.sweep_runner INFO: intensity=0.20 seed=0 ep=2 success=True steps=150
2026-03-04 22:47:16,452 trace.runner.sweep_runner INFO: intensity=0.20 seed=0 ep=3 success=True steps=89
2026-03-04 22:47:25,094 trace.runner.sweep_runner INFO: intensity=0.20 seed=0 ep=4 success=True steps=140
2026-03-04 22:47:30,953 trace.runner.sweep_runner INFO: intensity=0.20 seed=0 ep=5 success=True steps=85
2026-03-04 22:47:36,653 trace.runner.sweep_runner INFO: intensity=0.20 seed=0 ep=6 success=True steps=84
2026-03-04 22:47:42,876 trace.runner.sweep_runner INFO: intensity=0.20 seed=0 ep=7 success=True steps=94
2026-03-04 22:47:49,200 trace.runner.sweep_runner INFO: intensity=0.20 seed=0 ep=8 success=True steps=96
2026-03-04 22:47:55,233 trace.runner.sweep_runner INFO: intensity=0.20 seed=0 ep=9 success=True steps=91
2026-03-04 22:48:01,400 trace.runner.sweep_runner INFO: intensity=0.20 seed=1 ep=0 success=True steps=93
2026-03-04 22:48:09,447 trace.runner.sweep_runner INFO: intensity=0.20 seed=1 ep=1 success=True steps=132
2026-03-04 22:48:17,903 trace.runner.sweep_runner INFO: intensity=0.20 seed=1 ep=2 success=True steps=139
2026-03-04 22:48:23,920 trace.runner.sweep_runner INFO: intensity=0.20 seed=1 ep=3 success=True steps=88
2026-03-04 22:48:29,875 trace.runner.sweep_runner INFO: intensity=0.20 seed=1 ep=4 success=True steps=89
2026-03-04 22:48:35,957 trace.runner.sweep_runner INFO: intensity=0.20 seed=1 ep=5 success=True steps=92
2026-03-04 22:48:42,135 trace.runner.sweep_runner INFO: intensity=0.20 seed=1 ep=6 success=True steps=92
2026-03-04 22:48:48,307 trace.runner.sweep_runner INFO: intensity=0.20 seed=1 ep=7 success=True steps=91
2026-03-04 22:48:54,429 trace.runner.sweep_runner INFO: intensity=0.20 seed=1 ep=8 success=True steps=91
2026-03-04 22:49:00,390 trace.runner.sweep_runner INFO: intensity=0.20 seed=1 ep=9 success=True steps=89
2026-03-04 22:49:06,419 trace.runner.sweep_runner INFO: intensity=0.20 seed=2 ep=0 success=True steps=90
2026-03-04 22:49:14,853 trace.runner.sweep_runner INFO: intensity=0.20 seed=2 ep=1 success=True steps=137
2026-03-04 22:49:23,158 trace.runner.sweep_runner INFO: intensity=0.20 seed=2 ep=2 success=True steps=137
2026-03-04 22:49:29,325 trace.runner.sweep_runner INFO: intensity=0.20 seed=2 ep=3 success=True steps=95
2026-03-04 22:49:35,085 trace.runner.sweep_runner INFO: intensity=0.20 seed=2 ep=4 success=True steps=84
2026-03-04 22:49:41,113 trace.runner.sweep_runner INFO: intensity=0.20 seed=2 ep=5 success=True steps=91
2026-03-04 22:49:47,071 trace.runner.sweep_runner INFO: intensity=0.20 seed=2 ep=6 success=True steps=88
2026-03-04 22:49:53,374 trace.runner.sweep_runner INFO: intensity=0.20 seed=2 ep=7 success=True steps=95
2026-03-04 22:49:59,839 trace.runner.sweep_runner INFO: intensity=0.20 seed=2 ep=8 success=True steps=98
2026-03-04 22:50:06,051 trace.runner.sweep_runner INFO: intensity=0.20 seed=2 ep=9 success=True steps=92
2026-03-04 22:50:12,091 trace.runner.sweep_runner INFO: intensity=0.20 seed=3 ep=0 success=True steps=95
2026-03-04 22:50:20,435 trace.runner.sweep_runner INFO: intensity=0.20 seed=3 ep=1 success=True steps=134
2026-03-04 22:50:26,711 trace.runner.sweep_runner INFO: intensity=0.20 seed=3 ep=2 success=True steps=99
2026-03-04 22:50:32,591 trace.runner.sweep_runner INFO: intensity=0.20 seed=3 ep=3 success=True steps=88
2026-03-04 22:50:38,378 trace.runner.sweep_runner INFO: intensity=0.20 seed=3 ep=4 success=True steps=84
2026-03-04 22:50:44,175 trace.runner.sweep_runner INFO: intensity=0.20 seed=3 ep=5 success=True steps=88
2026-03-04 22:50:49,800 trace.runner.sweep_runner INFO: intensity=0.20 seed=3 ep=6 success=True steps=83
2026-03-04 22:50:55,939 trace.runner.sweep_runner INFO: intensity=0.20 seed=3 ep=7 success=True steps=91
2026-03-04 22:51:02,027 trace.runner.sweep_runner INFO: intensity=0.20 seed=3 ep=8 success=True steps=92
2026-03-04 22:51:08,201 trace.runner.sweep_runner INFO: intensity=0.20 seed=3 ep=9 success=True steps=92
2026-03-04 22:51:14,081 trace.runner.sweep_runner INFO: intensity=0.20 seed=4 ep=0 success=True steps=88
2026-03-04 22:51:22,292 trace.runner.sweep_runner INFO: intensity=0.20 seed=4 ep=1 success=True steps=134
2026-03-04 22:51:29,741 trace.runner.sweep_runner INFO: intensity=0.20 seed=4 ep=2 success=True steps=122
2026-03-04 22:51:37,640 trace.runner.sweep_runner INFO: intensity=0.20 seed=4 ep=3 success=True steps=127
2026-03-04 22:51:43,589 trace.runner.sweep_runner INFO: intensity=0.20 seed=4 ep=4 success=True steps=90
2026-03-04 22:51:49,502 trace.runner.sweep_runner INFO: intensity=0.20 seed=4 ep=5 success=True steps=90
2026-03-04 22:51:55,168 trace.runner.sweep_runner INFO: intensity=0.20 seed=4 ep=6 success=True steps=83
2026-03-04 22:52:06,193 trace.runner.sweep_runner INFO: intensity=0.20 seed=4 ep=7 success=True steps=183
2026-03-04 22:52:12,438 trace.runner.sweep_runner INFO: intensity=0.20 seed=4 ep=8 success=True steps=95
2026-03-04 22:52:18,410 trace.runner.sweep_runner INFO: intensity=0.20 seed=4 ep=9 success=True steps=88
2026-03-04 22:52:24,500 trace.runner.sweep_runner INFO: intensity=0.30 seed=0 ep=0 success=True steps=91
2026-03-04 22:52:36,894 trace.runner.sweep_runner INFO: intensity=0.30 seed=0 ep=1 success=False steps=220
2026-03-04 22:52:49,894 trace.runner.sweep_runner INFO: intensity=0.30 seed=0 ep=2 success=False steps=220
2026-03-04 22:52:56,121 trace.runner.sweep_runner INFO: intensity=0.30 seed=0 ep=3 success=True steps=93
2026-03-04 22:53:09,385 trace.runner.sweep_runner INFO: intensity=0.30 seed=0 ep=4 success=False steps=220
2026-03-04 22:53:15,788 trace.runner.sweep_runner INFO: intensity=0.30 seed=0 ep=5 success=True steps=99
2026-03-04 22:53:23,401 trace.runner.sweep_runner INFO: intensity=0.30 seed=0 ep=6 success=True steps=115
2026-03-04 22:53:29,927 trace.runner.sweep_runner INFO: intensity=0.30 seed=0 ep=7 success=True steps=99
2026-03-04 22:53:36,387 trace.runner.sweep_runner INFO: intensity=0.30 seed=0 ep=8 success=True steps=96
2026-03-04 22:53:42,790 trace.runner.sweep_runner INFO: intensity=0.30 seed=0 ep=9 success=True steps=99
2026-03-04 22:53:49,302 trace.runner.sweep_runner INFO: intensity=0.30 seed=1 ep=0 success=True steps=99
2026-03-04 22:54:02,249 trace.runner.sweep_runner INFO: intensity=0.30 seed=1 ep=1 success=False steps=220
2026-03-04 22:54:11,764 trace.runner.sweep_runner INFO: intensity=0.30 seed=1 ep=2 success=True steps=164
2026-03-04 22:54:24,781 trace.runner.sweep_runner INFO: intensity=0.30 seed=1 ep=3 success=False steps=220
2026-03-04 22:54:37,498 trace.runner.sweep_runner INFO: intensity=0.30 seed=1 ep=4 success=False steps=220
2026-03-04 22:54:44,967 trace.runner.sweep_runner INFO: intensity=0.30 seed=1 ep=5 success=True steps=112
2026-03-04 22:54:52,896 trace.runner.sweep_runner INFO: intensity=0.30 seed=1 ep=6 success=True steps=123
2026-03-04 22:54:59,873 trace.runner.sweep_runner INFO: intensity=0.30 seed=1 ep=7 success=True steps=106
2026-03-04 22:55:12,960 trace.runner.sweep_runner INFO: intensity=0.30 seed=1 ep=8 success=False steps=220
2026-03-04 22:55:19,562 trace.runner.sweep_runner INFO: intensity=0.30 seed=1 ep=9 success=True steps=102
2026-03-04 22:55:26,103 trace.runner.sweep_runner INFO: intensity=0.30 seed=2 ep=0 success=True steps=97
2026-03-04 22:55:38,241 trace.runner.sweep_runner INFO: intensity=0.30 seed=2 ep=1 success=True steps=209
2026-03-04 22:55:48,195 trace.runner.sweep_runner INFO: intensity=0.30 seed=2 ep=2 success=True steps=165
2026-03-04 22:56:00,881 trace.runner.sweep_runner INFO: intensity=0.30 seed=2 ep=3 success=False steps=220
2026-03-04 22:56:10,471 trace.runner.sweep_runner INFO: intensity=0.30 seed=2 ep=4 success=True steps=155
2026-03-04 22:56:22,691 trace.runner.sweep_runner INFO: intensity=0.30 seed=2 ep=5 success=True steps=202
2026-03-04 22:56:36,010 trace.runner.sweep_runner INFO: intensity=0.30 seed=2 ep=6 success=False steps=220
2026-03-04 22:56:42,434 trace.runner.sweep_runner INFO: intensity=0.30 seed=2 ep=7 success=True steps=98
2026-03-04 22:56:50,548 trace.runner.sweep_runner INFO: intensity=0.30 seed=2 ep=8 success=True steps=125
2026-03-04 22:56:56,858 trace.runner.sweep_runner INFO: intensity=0.30 seed=2 ep=9 success=True steps=94
2026-03-04 22:57:06,738 trace.runner.sweep_runner INFO: intensity=0.30 seed=3 ep=0 success=True steps=158
2026-03-04 22:57:16,220 trace.runner.sweep_runner INFO: intensity=0.30 seed=3 ep=1 success=True steps=154
2026-03-04 22:57:23,086 trace.runner.sweep_runner INFO: intensity=0.30 seed=3 ep=2 success=True steps=109
2026-03-04 22:57:35,269 trace.runner.sweep_runner INFO: intensity=0.30 seed=3 ep=3 success=True steps=205
2026-03-04 22:57:41,783 trace.runner.sweep_runner INFO: intensity=0.30 seed=3 ep=4 success=True steps=97
2026-03-04 22:57:48,253 trace.runner.sweep_runner INFO: intensity=0.30 seed=3 ep=5 success=True steps=99
2026-03-04 22:58:00,096 trace.runner.sweep_runner INFO: intensity=0.30 seed=3 ep=6 success=True steps=197
2026-03-04 22:58:06,726 trace.runner.sweep_runner INFO: intensity=0.30 seed=3 ep=7 success=True steps=101
2026-03-04 22:58:14,022 trace.runner.sweep_runner INFO: intensity=0.30 seed=3 ep=8 success=True steps=111
2026-03-04 22:58:23,866 trace.runner.sweep_runner INFO: intensity=0.30 seed=3 ep=9 success=True steps=158
2026-03-04 22:58:33,640 trace.runner.sweep_runner INFO: intensity=0.30 seed=4 ep=0 success=True steps=159
2026-03-04 22:58:42,205 trace.runner.sweep_runner INFO: intensity=0.30 seed=4 ep=1 success=True steps=139
2026-03-04 22:58:52,033 trace.runner.sweep_runner INFO: intensity=0.30 seed=4 ep=2 success=True steps=166
2026-03-04 22:59:01,123 trace.runner.sweep_runner INFO: intensity=0.30 seed=4 ep=3 success=True steps=151
2026-03-04 22:59:13,818 trace.runner.sweep_runner INFO: intensity=0.30 seed=4 ep=4 success=False steps=220
2026-03-04 22:59:20,208 trace.runner.sweep_runner INFO: intensity=0.30 seed=4 ep=5 success=True steps=97
2026-03-04 22:59:26,540 trace.runner.sweep_runner INFO: intensity=0.30 seed=4 ep=6 success=True steps=96
2026-03-04 22:59:39,553 trace.runner.sweep_runner INFO: intensity=0.30 seed=4 ep=7 success=False steps=220
2026-03-04 22:59:45,992 trace.runner.sweep_runner INFO: intensity=0.30 seed=4 ep=8 success=True steps=96
2026-03-04 22:59:52,288 trace.runner.sweep_runner INFO: intensity=0.30 seed=4 ep=9 success=True steps=97
2026-03-04 23:00:05,125 trace.runner.sweep_runner INFO: intensity=0.50 seed=0 ep=0 success=False steps=220
2026-03-04 23:00:17,961 trace.runner.sweep_runner INFO: intensity=0.50 seed=0 ep=1 success=False steps=220
2026-03-04 23:00:30,250 trace.runner.sweep_runner INFO: intensity=0.50 seed=0 ep=2 success=False steps=220
2026-03-04 23:00:43,000 trace.runner.sweep_runner INFO: intensity=0.50 seed=0 ep=3 success=False steps=220
2026-03-04 23:00:55,971 trace.runner.sweep_runner INFO: intensity=0.50 seed=0 ep=4 success=False steps=220
2026-03-04 23:01:08,621 trace.runner.sweep_runner INFO: intensity=0.50 seed=0 ep=5 success=True steps=208
2026-03-04 23:01:21,533 trace.runner.sweep_runner INFO: intensity=0.50 seed=0 ep=6 success=False steps=220
2026-03-04 23:01:34,587 trace.runner.sweep_runner INFO: intensity=0.50 seed=0 ep=7 success=False steps=220
2026-03-04 23:01:48,087 trace.runner.sweep_runner INFO: intensity=0.50 seed=0 ep=8 success=False steps=220
2026-03-04 23:02:00,697 trace.runner.sweep_runner INFO: intensity=0.50 seed=0 ep=9 success=False steps=220
2026-03-04 23:02:12,765 trace.runner.sweep_runner INFO: intensity=0.50 seed=1 ep=0 success=True steps=207
2026-03-04 23:02:25,321 trace.runner.sweep_runner INFO: intensity=0.50 seed=1 ep=1 success=False steps=220
2026-03-04 23:02:37,400 trace.runner.sweep_runner INFO: intensity=0.50 seed=1 ep=2 success=False steps=220
2026-03-04 23:02:50,223 trace.runner.sweep_runner INFO: intensity=0.50 seed=1 ep=3 success=False steps=220
2026-03-04 23:03:03,046 trace.runner.sweep_runner INFO: intensity=0.50 seed=1 ep=4 success=False steps=220
2026-03-04 23:03:15,846 trace.runner.sweep_runner INFO: intensity=0.50 seed=1 ep=5 success=False steps=220
2026-03-04 23:03:23,673 trace.runner.sweep_runner INFO: intensity=0.50 seed=1 ep=6 success=True steps=124
2026-03-04 23:03:35,679 trace.runner.sweep_runner INFO: intensity=0.50 seed=1 ep=7 success=True steps=197
2026-03-04 23:03:48,625 trace.runner.sweep_runner INFO: intensity=0.50 seed=1 ep=8 success=False steps=220
2026-03-04 23:04:01,614 trace.runner.sweep_runner INFO: intensity=0.50 seed=1 ep=9 success=False steps=220
2026-03-04 23:04:14,516 trace.runner.sweep_runner INFO: intensity=0.50 seed=2 ep=0 success=False steps=220
2026-03-04 23:04:27,166 trace.runner.sweep_runner INFO: intensity=0.50 seed=2 ep=1 success=False steps=220
2026-03-04 23:04:39,179 trace.runner.sweep_runner INFO: intensity=0.50 seed=2 ep=2 success=True steps=208
2026-03-04 23:04:51,854 trace.runner.sweep_runner INFO: intensity=0.50 seed=2 ep=3 success=False steps=220
2026-03-04 23:05:04,829 trace.runner.sweep_runner INFO: intensity=0.50 seed=2 ep=4 success=False steps=220
2026-03-04 23:05:17,701 trace.runner.sweep_runner INFO: intensity=0.50 seed=2 ep=5 success=False steps=220
2026-03-04 23:05:30,672 trace.runner.sweep_runner INFO: intensity=0.50 seed=2 ep=6 success=False steps=220
2026-03-04 23:05:43,506 trace.runner.sweep_runner INFO: intensity=0.50 seed=2 ep=7 success=False steps=220
2026-03-04 23:05:56,607 trace.runner.sweep_runner INFO: intensity=0.50 seed=2 ep=8 success=False steps=220
2026-03-04 23:06:09,667 trace.runner.sweep_runner INFO: intensity=0.50 seed=2 ep=9 success=False steps=220
2026-03-04 23:06:22,593 trace.runner.sweep_runner INFO: intensity=0.50 seed=3 ep=0 success=False steps=220
2026-03-04 23:06:35,345 trace.runner.sweep_runner INFO: intensity=0.50 seed=3 ep=1 success=False steps=220
2026-03-04 23:06:48,434 trace.runner.sweep_runner INFO: intensity=0.50 seed=3 ep=2 success=False steps=220
2026-03-04 23:07:01,244 trace.runner.sweep_runner INFO: intensity=0.50 seed=3 ep=3 success=False steps=220
2026-03-04 23:07:14,282 trace.runner.sweep_runner INFO: intensity=0.50 seed=3 ep=4 success=False steps=220
2026-03-04 23:07:26,900 trace.runner.sweep_runner INFO: intensity=0.50 seed=3 ep=5 success=False steps=220
2026-03-04 23:07:39,626 trace.runner.sweep_runner INFO: intensity=0.50 seed=3 ep=6 success=False steps=220
2026-03-04 23:07:52,295 trace.runner.sweep_runner INFO: intensity=0.50 seed=3 ep=7 success=False steps=220
2026-03-04 23:08:05,480 trace.runner.sweep_runner INFO: intensity=0.50 seed=3 ep=8 success=False steps=220
2026-03-04 23:08:17,942 trace.runner.sweep_runner INFO: intensity=0.50 seed=3 ep=9 success=True steps=214
2026-03-04 23:08:30,565 trace.runner.sweep_runner INFO: intensity=0.50 seed=4 ep=0 success=False steps=220
2026-03-04 23:08:43,215 trace.runner.sweep_runner INFO: intensity=0.50 seed=4 ep=1 success=False steps=220
2026-03-04 23:08:55,322 trace.runner.sweep_runner INFO: intensity=0.50 seed=4 ep=2 success=False steps=220
2026-03-04 23:09:08,133 trace.runner.sweep_runner INFO: intensity=0.50 seed=4 ep=3 success=False steps=220
2026-03-04 23:09:20,835 trace.runner.sweep_runner INFO: intensity=0.50 seed=4 ep=4 success=False steps=220
2026-03-04 23:09:33,417 trace.runner.sweep_runner INFO: intensity=0.50 seed=4 ep=5 success=False steps=220
2026-03-04 23:09:46,179 trace.runner.sweep_runner INFO: intensity=0.50 seed=4 ep=6 success=False steps=220
2026-03-04 23:09:59,335 trace.runner.sweep_runner INFO: intensity=0.50 seed=4 ep=7 success=False steps=220
2026-03-04 23:10:12,446 trace.runner.sweep_runner INFO: intensity=0.50 seed=4 ep=8 success=False steps=220
2026-03-04 23:10:25,413 trace.runner.sweep_runner INFO: intensity=0.50 seed=4 ep=9 success=False steps=220
2026-03-04 23:10:38,313 trace.runner.sweep_runner INFO: intensity=0.70 seed=0 ep=0 success=False steps=220
2026-03-04 23:10:52,694 trace.runner.sweep_runner INFO: intensity=0.70 seed=0 ep=1 success=False steps=220
2026-03-04 23:11:05,378 trace.runner.sweep_runner INFO: intensity=0.70 seed=0 ep=2 success=False steps=220
2026-03-04 23:11:18,205 trace.runner.sweep_runner INFO: intensity=0.70 seed=0 ep=3 success=False steps=220
2026-03-04 23:11:30,913 trace.runner.sweep_runner INFO: intensity=0.70 seed=0 ep=4 success=False steps=220
2026-03-04 23:11:43,758 trace.runner.sweep_runner INFO: intensity=0.70 seed=0 ep=5 success=False steps=220
2026-03-04 23:11:56,505 trace.runner.sweep_runner INFO: intensity=0.70 seed=0 ep=6 success=False steps=220
2026-03-04 23:12:09,415 trace.runner.sweep_runner INFO: intensity=0.70 seed=0 ep=7 success=False steps=220
2026-03-04 23:12:22,229 trace.runner.sweep_runner INFO: intensity=0.70 seed=0 ep=8 success=False steps=220
2026-03-04 23:12:34,930 trace.runner.sweep_runner INFO: intensity=0.70 seed=0 ep=9 success=False steps=220
2026-03-04 23:12:47,546 trace.runner.sweep_runner INFO: intensity=0.70 seed=1 ep=0 success=False steps=220
2026-03-04 23:13:00,412 trace.runner.sweep_runner INFO: intensity=0.70 seed=1 ep=1 success=False steps=220
2026-03-04 23:13:12,535 trace.runner.sweep_runner INFO: intensity=0.70 seed=1 ep=2 success=False steps=220
2026-03-04 23:13:25,484 trace.runner.sweep_runner INFO: intensity=0.70 seed=1 ep=3 success=False steps=220
2026-03-04 23:13:38,540 trace.runner.sweep_runner INFO: intensity=0.70 seed=1 ep=4 success=False steps=220
2026-03-04 23:13:51,679 trace.runner.sweep_runner INFO: intensity=0.70 seed=1 ep=5 success=False steps=220
2026-03-04 23:14:04,867 trace.runner.sweep_runner INFO: intensity=0.70 seed=1 ep=6 success=False steps=220
2026-03-04 23:14:17,720 trace.runner.sweep_runner INFO: intensity=0.70 seed=1 ep=7 success=False steps=220
2026-03-04 23:14:30,530 trace.runner.sweep_runner INFO: intensity=0.70 seed=1 ep=8 success=False steps=220
2026-03-04 23:14:43,448 trace.runner.sweep_runner INFO: intensity=0.70 seed=1 ep=9 success=False steps=220
2026-03-04 23:14:56,269 trace.runner.sweep_runner INFO: intensity=0.70 seed=2 ep=0 success=False steps=220
2026-03-04 23:15:08,973 trace.runner.sweep_runner INFO: intensity=0.70 seed=2 ep=1 success=False steps=220
2026-03-04 23:15:21,115 trace.runner.sweep_runner INFO: intensity=0.70 seed=2 ep=2 success=False steps=220
2026-03-04 23:15:34,004 trace.runner.sweep_runner INFO: intensity=0.70 seed=2 ep=3 success=False steps=220
2026-03-04 23:15:46,902 trace.runner.sweep_runner INFO: intensity=0.70 seed=2 ep=4 success=False steps=220
2026-03-04 23:16:00,095 trace.runner.sweep_runner INFO: intensity=0.70 seed=2 ep=5 success=False steps=220
2026-03-04 23:16:12,795 trace.runner.sweep_runner INFO: intensity=0.70 seed=2 ep=6 success=False steps=220
2026-03-04 23:16:25,545 trace.runner.sweep_runner INFO: intensity=0.70 seed=2 ep=7 success=False steps=220
2026-03-04 23:16:38,129 trace.runner.sweep_runner INFO: intensity=0.70 seed=2 ep=8 success=False steps=220
2026-03-04 23:16:51,067 trace.runner.sweep_runner INFO: intensity=0.70 seed=2 ep=9 success=False steps=220
2026-03-04 23:17:03,690 trace.runner.sweep_runner INFO: intensity=0.70 seed=3 ep=0 success=False steps=220
2026-03-04 23:17:16,329 trace.runner.sweep_runner INFO: intensity=0.70 seed=3 ep=1 success=False steps=220
2026-03-04 23:17:28,236 trace.runner.sweep_runner INFO: intensity=0.70 seed=3 ep=2 success=False steps=220
2026-03-04 23:17:41,168 trace.runner.sweep_runner INFO: intensity=0.70 seed=3 ep=3 success=False steps=220
2026-03-04 23:17:53,817 trace.runner.sweep_runner INFO: intensity=0.70 seed=3 ep=4 success=False steps=220
2026-03-04 23:18:06,485 trace.runner.sweep_runner INFO: intensity=0.70 seed=3 ep=5 success=False steps=220
2026-03-04 23:18:19,230 trace.runner.sweep_runner INFO: intensity=0.70 seed=3 ep=6 success=False steps=220
2026-03-04 23:18:32,472 trace.runner.sweep_runner INFO: intensity=0.70 seed=3 ep=7 success=False steps=220
2026-03-04 23:18:45,354 trace.runner.sweep_runner INFO: intensity=0.70 seed=3 ep=8 success=False steps=220
2026-03-04 23:18:58,094 trace.runner.sweep_runner INFO: intensity=0.70 seed=3 ep=9 success=False steps=220
2026-03-04 23:19:11,415 trace.runner.sweep_runner INFO: intensity=0.70 seed=4 ep=0 success=False steps=220
2026-03-04 23:19:25,554 trace.runner.sweep_runner INFO: intensity=0.70 seed=4 ep=1 success=False steps=220
2026-03-04 23:19:37,855 trace.runner.sweep_runner INFO: intensity=0.70 seed=4 ep=2 success=False steps=220
2026-03-04 23:19:50,735 trace.runner.sweep_runner INFO: intensity=0.70 seed=4 ep=3 success=False steps=220
2026-03-04 23:20:03,691 trace.runner.sweep_runner INFO: intensity=0.70 seed=4 ep=4 success=False steps=220
2026-03-04 23:20:16,829 trace.runner.sweep_runner INFO: intensity=0.70 seed=4 ep=5 success=False steps=220
2026-03-04 23:20:29,983 trace.runner.sweep_runner INFO: intensity=0.70 seed=4 ep=6 success=False steps=220
2026-03-04 23:20:43,060 trace.runner.sweep_runner INFO: intensity=0.70 seed=4 ep=7 success=False steps=220
2026-03-04 23:20:55,936 trace.runner.sweep_runner INFO: intensity=0.70 seed=4 ep=8 success=False steps=220
2026-03-04 23:21:08,693 trace.runner.sweep_runner INFO: intensity=0.70 seed=4 ep=9 success=False steps=220
2026-03-04 23:21:21,902 trace.runner.sweep_runner INFO: intensity=1.00 seed=0 ep=0 success=False steps=220
2026-03-04 23:21:37,054 trace.runner.sweep_runner INFO: intensity=1.00 seed=0 ep=1 success=False steps=220
2026-03-04 23:21:51,047 trace.runner.sweep_runner INFO: intensity=1.00 seed=0 ep=2 success=False steps=220
2026-03-04 23:22:04,395 trace.runner.sweep_runner INFO: intensity=1.00 seed=0 ep=3 success=False steps=220
2026-03-04 23:22:17,293 trace.runner.sweep_runner INFO: intensity=1.00 seed=0 ep=4 success=False steps=220
2026-03-04 23:22:30,528 trace.runner.sweep_runner INFO: intensity=1.00 seed=0 ep=5 success=False steps=220
2026-03-04 23:22:44,575 trace.runner.sweep_runner INFO: intensity=1.00 seed=0 ep=6 success=False steps=220
2026-03-04 23:22:57,541 trace.runner.sweep_runner INFO: intensity=1.00 seed=0 ep=7 success=False steps=220
2026-03-04 23:23:10,172 trace.runner.sweep_runner INFO: intensity=1.00 seed=0 ep=8 success=False steps=220
2026-03-04 23:23:23,392 trace.runner.sweep_runner INFO: intensity=1.00 seed=0 ep=9 success=False steps=220
2026-03-04 23:23:37,361 trace.runner.sweep_runner INFO: intensity=1.00 seed=1 ep=0 success=False steps=220
2026-03-04 23:23:50,422 trace.runner.sweep_runner INFO: intensity=1.00 seed=1 ep=1 success=False steps=220
2026-03-04 23:24:02,889 trace.runner.sweep_runner INFO: intensity=1.00 seed=1 ep=2 success=False steps=220
2026-03-04 23:24:15,669 trace.runner.sweep_runner INFO: intensity=1.00 seed=1 ep=3 success=False steps=220
2026-03-04 23:24:28,823 trace.runner.sweep_runner INFO: intensity=1.00 seed=1 ep=4 success=False steps=220
2026-03-04 23:24:42,166 trace.runner.sweep_runner INFO: intensity=1.00 seed=1 ep=5 success=False steps=220
2026-03-04 23:24:55,406 trace.runner.sweep_runner INFO: intensity=1.00 seed=1 ep=6 success=False steps=220
2026-03-04 23:25:09,096 trace.runner.sweep_runner INFO: intensity=1.00 seed=1 ep=7 success=False steps=220
2026-03-04 23:25:21,959 trace.runner.sweep_runner INFO: intensity=1.00 seed=1 ep=8 success=False steps=220
2026-03-04 23:25:35,049 trace.runner.sweep_runner INFO: intensity=1.00 seed=1 ep=9 success=False steps=220
2026-03-04 23:25:48,070 trace.runner.sweep_runner INFO: intensity=1.00 seed=2 ep=0 success=False steps=220
2026-03-04 23:26:01,100 trace.runner.sweep_runner INFO: intensity=1.00 seed=2 ep=1 success=False steps=220
2026-03-04 23:26:13,521 trace.runner.sweep_runner INFO: intensity=1.00 seed=2 ep=2 success=False steps=220
2026-03-04 23:26:27,908 trace.runner.sweep_runner INFO: intensity=1.00 seed=2 ep=3 success=False steps=220
2026-03-04 23:26:41,306 trace.runner.sweep_runner INFO: intensity=1.00 seed=2 ep=4 success=False steps=220
2026-03-04 23:26:54,263 trace.runner.sweep_runner INFO: intensity=1.00 seed=2 ep=5 success=False steps=220
2026-03-04 23:27:06,928 trace.runner.sweep_runner INFO: intensity=1.00 seed=2 ep=6 success=False steps=220
2026-03-04 23:27:20,174 trace.runner.sweep_runner INFO: intensity=1.00 seed=2 ep=7 success=False steps=220
2026-03-04 23:27:32,977 trace.runner.sweep_runner INFO: intensity=1.00 seed=2 ep=8 success=False steps=220
2026-03-04 23:27:46,912 trace.runner.sweep_runner INFO: intensity=1.00 seed=2 ep=9 success=False steps=220
2026-03-04 23:27:59,807 trace.runner.sweep_runner INFO: intensity=1.00 seed=3 ep=0 success=False steps=220
2026-03-04 23:28:12,849 trace.runner.sweep_runner INFO: intensity=1.00 seed=3 ep=1 success=False steps=220
2026-03-04 23:28:25,872 trace.runner.sweep_runner INFO: intensity=1.00 seed=3 ep=2 success=False steps=220
2026-03-04 23:28:38,948 trace.runner.sweep_runner INFO: intensity=1.00 seed=3 ep=3 success=False steps=220
2026-03-04 23:28:52,759 trace.runner.sweep_runner INFO: intensity=1.00 seed=3 ep=4 success=False steps=220
2026-03-04 23:29:05,676 trace.runner.sweep_runner INFO: intensity=1.00 seed=3 ep=5 success=False steps=220
2026-03-04 23:29:18,601 trace.runner.sweep_runner INFO: intensity=1.00 seed=3 ep=6 success=False steps=220
2026-03-04 23:29:32,240 trace.runner.sweep_runner INFO: intensity=1.00 seed=3 ep=7 success=False steps=220
2026-03-04 23:29:45,823 trace.runner.sweep_runner INFO: intensity=1.00 seed=3 ep=8 success=False steps=220
2026-03-04 23:29:58,866 trace.runner.sweep_runner INFO: intensity=1.00 seed=3 ep=9 success=False steps=220
2026-03-04 23:30:12,207 trace.runner.sweep_runner INFO: intensity=1.00 seed=4 ep=0 success=False steps=220
2026-03-04 23:30:25,771 trace.runner.sweep_runner INFO: intensity=1.00 seed=4 ep=1 success=False steps=220
2026-03-04 23:30:37,982 trace.runner.sweep_runner INFO: intensity=1.00 seed=4 ep=2 success=False steps=220
2026-03-04 23:30:51,749 trace.runner.sweep_runner INFO: intensity=1.00 seed=4 ep=3 success=False steps=220
2026-03-04 23:31:05,017 trace.runner.sweep_runner INFO: intensity=1.00 seed=4 ep=4 success=False steps=220
2026-03-04 23:31:18,336 trace.runner.sweep_runner INFO: intensity=1.00 seed=4 ep=5 success=False steps=220
2026-03-04 23:31:31,037 trace.runner.sweep_runner INFO: intensity=1.00 seed=4 ep=6 success=False steps=220
2026-03-04 23:31:44,338 trace.runner.sweep_runner INFO: intensity=1.00 seed=4 ep=7 success=False steps=220
2026-03-04 23:31:57,169 trace.runner.sweep_runner INFO: intensity=1.00 seed=4 ep=8 success=False steps=220
2026-03-04 23:32:10,101 trace.runner.sweep_runner INFO: intensity=1.00 seed=4 ep=9 success=False steps=220
2026-03-04 23:32:10,106 __main__ INFO:   baseline=98%, max_degradation=98%, breakpoint=0.50
2026-03-04 23:32:10,110 __main__ INFO:   Report updated: output/reports/report_Pi0PolicyAdapter_libero_20260304_223648.md (1/9 stressors)
2026-03-04 23:32:10,110 __main__ INFO: Running sweep 2/9: DropoutStressor
2026-03-04 23:32:15,375 trace.runner.sweep_runner INFO: intensity=0.00 seed=0 ep=0 success=True steps=75
2026-03-04 23:32:20,637 trace.runner.sweep_runner INFO: intensity=0.00 seed=0 ep=1 success=True steps=77
2026-03-04 23:32:26,095 trace.runner.sweep_runner INFO: intensity=0.00 seed=0 ep=2 success=True steps=82
2026-03-04 23:32:31,163 trace.runner.sweep_runner INFO: intensity=0.00 seed=0 ep=3 success=True steps=73
2026-03-04 23:32:36,533 trace.runner.sweep_runner INFO: intensity=0.00 seed=0 ep=4 success=True steps=76
2026-03-04 23:32:41,628 trace.runner.sweep_runner INFO: intensity=0.00 seed=0 ep=5 success=True steps=74
2026-03-04 23:32:46,593 trace.runner.sweep_runner INFO: intensity=0.00 seed=0 ep=6 success=True steps=70
2026-03-04 23:32:52,448 trace.runner.sweep_runner INFO: intensity=0.00 seed=0 ep=7 success=True steps=85
2026-03-04 23:32:57,814 trace.runner.sweep_runner INFO: intensity=0.00 seed=0 ep=8 success=True steps=78
2026-03-04 23:33:03,010 trace.runner.sweep_runner INFO: intensity=0.00 seed=0 ep=9 success=True steps=77
2026-03-04 23:33:08,577 trace.runner.sweep_runner INFO: intensity=0.00 seed=1 ep=0 success=True steps=81
2026-03-04 23:33:15,165 trace.runner.sweep_runner INFO: intensity=0.00 seed=1 ep=1 success=True steps=105
2026-03-04 23:33:22,132 trace.runner.sweep_runner INFO: intensity=0.00 seed=1 ep=2 success=True steps=110
2026-03-04 23:33:27,502 trace.runner.sweep_runner INFO: intensity=0.00 seed=1 ep=3 success=True steps=77
2026-03-04 23:33:32,758 trace.runner.sweep_runner INFO: intensity=0.00 seed=1 ep=4 success=True steps=75
2026-03-04 23:33:38,329 trace.runner.sweep_runner INFO: intensity=0.00 seed=1 ep=5 success=True steps=81
2026-03-04 23:33:44,067 trace.runner.sweep_runner INFO: intensity=0.00 seed=1 ep=6 success=True steps=85
2026-03-04 23:33:49,642 trace.runner.sweep_runner INFO: intensity=0.00 seed=1 ep=7 success=True steps=80
2026-03-04 23:33:55,058 trace.runner.sweep_runner INFO: intensity=0.00 seed=1 ep=8 success=True steps=77
2026-03-04 23:34:00,373 trace.runner.sweep_runner INFO: intensity=0.00 seed=1 ep=9 success=True steps=77
2026-03-04 23:34:05,717 trace.runner.sweep_runner INFO: intensity=0.00 seed=2 ep=0 success=True steps=79
2026-03-04 23:34:12,822 trace.runner.sweep_runner INFO: intensity=0.00 seed=2 ep=1 success=True steps=111
2026-03-04 23:34:17,729 trace.runner.sweep_runner INFO: intensity=0.00 seed=2 ep=2 success=True steps=74
2026-03-04 23:34:23,131 trace.runner.sweep_runner INFO: intensity=0.00 seed=2 ep=3 success=True steps=78
2026-03-04 23:34:28,253 trace.runner.sweep_runner INFO: intensity=0.00 seed=2 ep=4 success=True steps=73
2026-03-04 23:34:33,357 trace.runner.sweep_runner INFO: intensity=0.00 seed=2 ep=5 success=True steps=73
2026-03-04 23:34:38,443 trace.runner.sweep_runner INFO: intensity=0.00 seed=2 ep=6 success=True steps=72
2026-03-04 23:34:44,085 trace.runner.sweep_runner INFO: intensity=0.00 seed=2 ep=7 success=True steps=81
2026-03-04 23:34:49,823 trace.runner.sweep_runner INFO: intensity=0.00 seed=2 ep=8 success=True steps=85
2026-03-04 23:34:54,947 trace.runner.sweep_runner INFO: intensity=0.00 seed=2 ep=9 success=True steps=74
2026-03-04 23:35:04,767 trace.runner.sweep_runner INFO: intensity=0.00 seed=3 ep=0 success=True steps=164
2026-03-04 23:35:10,335 trace.runner.sweep_runner INFO: intensity=0.00 seed=3 ep=1 success=True steps=82
2026-03-04 23:35:16,156 trace.runner.sweep_runner INFO: intensity=0.00 seed=3 ep=2 success=True steps=86
2026-03-04 23:35:21,607 trace.runner.sweep_runner INFO: intensity=0.00 seed=3 ep=3 success=True steps=80
2026-03-04 23:35:26,787 trace.runner.sweep_runner INFO: intensity=0.00 seed=3 ep=4 success=True steps=73
2026-03-04 23:35:33,519 trace.runner.sweep_runner INFO: intensity=0.00 seed=3 ep=5 success=True steps=105
2026-03-04 23:35:38,634 trace.runner.sweep_runner INFO: intensity=0.00 seed=3 ep=6 success=True steps=74
2026-03-04 23:35:44,368 trace.runner.sweep_runner INFO: intensity=0.00 seed=3 ep=7 success=True steps=84
2026-03-04 23:35:49,900 trace.runner.sweep_runner INFO: intensity=0.00 seed=3 ep=8 success=True steps=80
2026-03-04 23:35:55,072 trace.runner.sweep_runner INFO: intensity=0.00 seed=3 ep=9 success=True steps=75
2026-03-04 23:36:00,408 trace.runner.sweep_runner INFO: intensity=0.00 seed=4 ep=0 success=True steps=79
2026-03-04 23:36:08,610 trace.runner.sweep_runner INFO: intensity=0.00 seed=4 ep=1 success=True steps=135
2026-03-04 23:36:15,861 trace.runner.sweep_runner INFO: intensity=0.00 seed=4 ep=2 success=True steps=112
2026-03-04 23:36:21,250 trace.runner.sweep_runner INFO: intensity=0.00 seed=4 ep=3 success=True steps=77
2026-03-04 23:36:26,454 trace.runner.sweep_runner INFO: intensity=0.00 seed=4 ep=4 success=True steps=73
2026-03-04 23:36:31,778 trace.runner.sweep_runner INFO: intensity=0.00 seed=4 ep=5 success=True steps=79
2026-03-04 23:36:36,607 trace.runner.sweep_runner INFO: intensity=0.00 seed=4 ep=6 success=True steps=69
2026-03-04 23:36:41,839 trace.runner.sweep_runner INFO: intensity=0.00 seed=4 ep=7 success=True steps=75
2026-03-04 23:36:47,096 trace.runner.sweep_runner INFO: intensity=0.00 seed=4 ep=8 success=True steps=76
2026-03-04 23:36:52,235 trace.runner.sweep_runner INFO: intensity=0.00 seed=4 ep=9 success=True steps=75
2026-03-04 23:36:57,166 trace.runner.sweep_runner INFO: intensity=0.10 seed=0 ep=0 success=True steps=68
2026-03-04 23:37:05,908 trace.runner.sweep_runner INFO: intensity=0.10 seed=0 ep=1 success=True steps=145
2026-03-04 23:37:11,438 trace.runner.sweep_runner INFO: intensity=0.10 seed=0 ep=2 success=True steps=82
2026-03-04 23:37:18,937 trace.runner.sweep_runner INFO: intensity=0.10 seed=0 ep=3 success=True steps=120
2026-03-04 23:37:24,738 trace.runner.sweep_runner INFO: intensity=0.10 seed=0 ep=4 success=True steps=86
2026-03-04 23:37:31,620 trace.runner.sweep_runner INFO: intensity=0.10 seed=0 ep=5 success=True steps=106
2026-03-04 23:37:36,853 trace.runner.sweep_runner INFO: intensity=0.10 seed=0 ep=6 success=True steps=76
2026-03-04 23:37:42,204 trace.runner.sweep_runner INFO: intensity=0.10 seed=0 ep=7 success=True steps=80
2026-03-04 23:37:50,354 trace.runner.sweep_runner INFO: intensity=0.10 seed=0 ep=8 success=True steps=131
2026-03-04 23:37:57,478 trace.runner.sweep_runner INFO: intensity=0.10 seed=0 ep=9 success=True steps=113
2026-03-04 23:38:04,890 trace.runner.sweep_runner INFO: intensity=0.10 seed=1 ep=0 success=True steps=118
2026-03-04 23:38:11,360 trace.runner.sweep_runner INFO: intensity=0.10 seed=1 ep=1 success=True steps=98
2026-03-04 23:38:16,528 trace.runner.sweep_runner INFO: intensity=0.10 seed=1 ep=2 success=True steps=78
2026-03-04 23:38:22,159 trace.runner.sweep_runner INFO: intensity=0.10 seed=1 ep=3 success=True steps=81
2026-03-04 23:38:29,829 trace.runner.sweep_runner INFO: intensity=0.10 seed=1 ep=4 success=True steps=125
2026-03-04 23:38:36,016 trace.runner.sweep_runner INFO: intensity=0.10 seed=1 ep=5 success=True steps=93
2026-03-04 23:38:41,090 trace.runner.sweep_runner INFO: intensity=0.10 seed=1 ep=6 success=True steps=72
2026-03-04 23:38:46,873 trace.runner.sweep_runner INFO: intensity=0.10 seed=1 ep=7 success=True steps=84
2026-03-04 23:38:52,893 trace.runner.sweep_runner INFO: intensity=0.10 seed=1 ep=8 success=True steps=92
2026-03-04 23:39:00,084 trace.runner.sweep_runner INFO: intensity=0.10 seed=1 ep=9 success=True steps=111
2026-03-04 23:39:05,703 trace.runner.sweep_runner INFO: intensity=0.10 seed=2 ep=0 success=True steps=81
2026-03-04 23:39:14,138 trace.runner.sweep_runner INFO: intensity=0.10 seed=2 ep=1 success=True steps=139
2026-03-04 23:39:19,412 trace.runner.sweep_runner INFO: intensity=0.10 seed=2 ep=2 success=True steps=79
2026-03-04 23:39:25,757 trace.runner.sweep_runner INFO: intensity=0.10 seed=2 ep=3 success=True steps=95
2026-03-04 23:39:31,178 trace.runner.sweep_runner INFO: intensity=0.10 seed=2 ep=4 success=True steps=78
2026-03-04 23:39:37,033 trace.runner.sweep_runner INFO: intensity=0.10 seed=2 ep=5 success=True steps=87
2026-03-04 23:39:44,117 trace.runner.sweep_runner INFO: intensity=0.10 seed=2 ep=6 success=True steps=112
2026-03-04 23:39:50,084 trace.runner.sweep_runner INFO: intensity=0.10 seed=2 ep=7 success=True steps=88
2026-03-04 23:39:55,246 trace.runner.sweep_runner INFO: intensity=0.10 seed=2 ep=8 success=True steps=74
2026-03-04 23:40:00,632 trace.runner.sweep_runner INFO: intensity=0.10 seed=2 ep=9 success=True steps=77
2026-03-04 23:40:07,687 trace.runner.sweep_runner INFO: intensity=0.10 seed=3 ep=0 success=True steps=110
2026-03-04 23:40:13,069 trace.runner.sweep_runner INFO: intensity=0.10 seed=3 ep=1 success=True steps=79
2026-03-04 23:40:18,914 trace.runner.sweep_runner INFO: intensity=0.10 seed=3 ep=2 success=True steps=88
2026-03-04 23:40:24,732 trace.runner.sweep_runner INFO: intensity=0.10 seed=3 ep=3 success=True steps=87
2026-03-04 23:40:30,098 trace.runner.sweep_runner INFO: intensity=0.10 seed=3 ep=4 success=True steps=79
2026-03-04 23:40:35,370 trace.runner.sweep_runner INFO: intensity=0.10 seed=3 ep=5 success=True steps=76
2026-03-04 23:40:40,315 trace.runner.sweep_runner INFO: intensity=0.10 seed=3 ep=6 success=True steps=70
2026-03-04 23:40:48,308 trace.runner.sweep_runner INFO: intensity=0.10 seed=3 ep=7 success=True steps=129
2026-03-04 23:40:54,330 trace.runner.sweep_runner INFO: intensity=0.10 seed=3 ep=8 success=True steps=90
2026-03-04 23:40:59,604 trace.runner.sweep_runner INFO: intensity=0.10 seed=3 ep=9 success=True steps=75
2026-03-04 23:41:04,947 trace.runner.sweep_runner INFO: intensity=0.10 seed=4 ep=0 success=True steps=79
2026-03-04 23:41:11,112 trace.runner.sweep_runner INFO: intensity=0.10 seed=4 ep=1 success=True steps=95
2026-03-04 23:41:17,198 trace.runner.sweep_runner INFO: intensity=0.10 seed=4 ep=2 success=True steps=96
2026-03-04 23:41:23,016 trace.runner.sweep_runner INFO: intensity=0.10 seed=4 ep=3 success=True steps=86
2026-03-04 23:41:28,522 trace.runner.sweep_runner INFO: intensity=0.10 seed=4 ep=4 success=True steps=81
2026-03-04 23:41:35,074 trace.runner.sweep_runner INFO: intensity=0.10 seed=4 ep=5 success=True steps=101
2026-03-04 23:41:40,493 trace.runner.sweep_runner INFO: intensity=0.10 seed=4 ep=6 success=True steps=77
2026-03-04 23:41:46,137 trace.runner.sweep_runner INFO: intensity=0.10 seed=4 ep=7 success=True steps=84
2026-03-04 23:41:51,920 trace.runner.sweep_runner INFO: intensity=0.10 seed=4 ep=8 success=True steps=83
2026-03-04 23:41:57,381 trace.runner.sweep_runner INFO: intensity=0.10 seed=4 ep=9 success=True steps=80
2026-03-04 23:42:02,484 trace.runner.sweep_runner INFO: intensity=0.20 seed=0 ep=0 success=True steps=73
2026-03-04 23:42:11,561 trace.runner.sweep_runner INFO: intensity=0.20 seed=0 ep=1 success=True steps=149
2026-03-04 23:42:18,878 trace.runner.sweep_runner INFO: intensity=0.20 seed=0 ep=2 success=True steps=120
2026-03-04 23:42:24,460 trace.runner.sweep_runner INFO: intensity=0.20 seed=0 ep=3 success=True steps=81
2026-03-04 23:42:29,727 trace.runner.sweep_runner INFO: intensity=0.20 seed=0 ep=4 success=True steps=78
2026-03-04 23:42:40,135 trace.runner.sweep_runner INFO: intensity=0.20 seed=0 ep=5 success=True steps=173
2026-03-04 23:42:48,063 trace.runner.sweep_runner INFO: intensity=0.20 seed=0 ep=6 success=True steps=128
2026-03-04 23:42:54,046 trace.runner.sweep_runner INFO: intensity=0.20 seed=0 ep=7 success=True steps=86
2026-03-04 23:42:59,281 trace.runner.sweep_runner INFO: intensity=0.20 seed=0 ep=8 success=True steps=78
2026-03-04 23:43:07,864 trace.runner.sweep_runner INFO: intensity=0.20 seed=0 ep=9 success=True steps=139
2026-03-04 23:43:14,044 trace.runner.sweep_runner INFO: intensity=0.20 seed=1 ep=0 success=True steps=95
2026-03-04 23:43:24,366 trace.runner.sweep_runner INFO: intensity=0.20 seed=1 ep=1 success=True steps=175
2026-03-04 23:43:30,131 trace.runner.sweep_runner INFO: intensity=0.20 seed=1 ep=2 success=True steps=89
2026-03-04 23:43:39,414 trace.runner.sweep_runner INFO: intensity=0.20 seed=1 ep=3 success=True steps=152
2026-03-04 23:43:45,468 trace.runner.sweep_runner INFO: intensity=0.20 seed=1 ep=4 success=True steps=91
2026-03-04 23:43:51,165 trace.runner.sweep_runner INFO: intensity=0.20 seed=1 ep=5 success=True steps=83
2026-03-04 23:43:56,874 trace.runner.sweep_runner INFO: intensity=0.20 seed=1 ep=6 success=True steps=85
2026-03-04 23:44:03,150 trace.runner.sweep_runner INFO: intensity=0.20 seed=1 ep=7 success=True steps=95
2026-03-04 23:44:09,394 trace.runner.sweep_runner INFO: intensity=0.20 seed=1 ep=8 success=True steps=96
2026-03-04 23:44:14,655 trace.runner.sweep_runner INFO: intensity=0.20 seed=1 ep=9 success=True steps=76
2026-03-04 23:44:20,708 trace.runner.sweep_runner INFO: intensity=0.20 seed=2 ep=0 success=True steps=87
2026-03-04 23:44:29,694 trace.runner.sweep_runner INFO: intensity=0.20 seed=2 ep=1 success=True steps=149
2026-03-04 23:44:36,643 trace.runner.sweep_runner INFO: intensity=0.20 seed=2 ep=2 success=True steps=111
2026-03-04 23:44:44,681 trace.runner.sweep_runner INFO: intensity=0.20 seed=2 ep=3 success=True steps=128
2026-03-04 23:44:49,979 trace.runner.sweep_runner INFO: intensity=0.20 seed=2 ep=4 success=True steps=76
2026-03-04 23:44:55,662 trace.runner.sweep_runner INFO: intensity=0.20 seed=2 ep=5 success=True steps=81
2026-03-04 23:45:05,545 trace.runner.sweep_runner INFO: intensity=0.20 seed=2 ep=6 success=True steps=163
2026-03-04 23:45:11,355 trace.runner.sweep_runner INFO: intensity=0.20 seed=2 ep=7 success=True steps=87
2026-03-04 23:45:17,842 trace.runner.sweep_runner INFO: intensity=0.20 seed=2 ep=8 success=True steps=100
2026-03-04 23:45:24,267 trace.runner.sweep_runner INFO: intensity=0.20 seed=2 ep=9 success=True steps=98
2026-03-04 23:45:30,285 trace.runner.sweep_runner INFO: intensity=0.20 seed=3 ep=0 success=True steps=87
2026-03-04 23:45:40,355 trace.runner.sweep_runner INFO: intensity=0.20 seed=3 ep=1 success=True steps=167
2026-03-04 23:45:48,810 trace.runner.sweep_runner INFO: intensity=0.20 seed=3 ep=2 success=True steps=141
2026-03-04 23:45:54,670 trace.runner.sweep_runner INFO: intensity=0.20 seed=3 ep=3 success=True steps=88
2026-03-04 23:46:00,049 trace.runner.sweep_runner INFO: intensity=0.20 seed=3 ep=4 success=True steps=76
2026-03-04 23:46:05,742 trace.runner.sweep_runner INFO: intensity=0.20 seed=3 ep=5 success=True steps=85
2026-03-04 23:46:11,342 trace.runner.sweep_runner INFO: intensity=0.20 seed=3 ep=6 success=True steps=82
2026-03-04 23:46:24,156 trace.runner.sweep_runner INFO: intensity=0.20 seed=3 ep=7 success=False steps=220
2026-03-04 23:46:30,114 trace.runner.sweep_runner INFO: intensity=0.20 seed=3 ep=8 success=True steps=89
2026-03-04 23:46:37,722 trace.runner.sweep_runner INFO: intensity=0.20 seed=3 ep=9 success=True steps=116
2026-03-04 23:46:45,586 trace.runner.sweep_runner INFO: intensity=0.20 seed=4 ep=0 success=True steps=123
2026-03-04 23:46:51,734 trace.runner.sweep_runner INFO: intensity=0.20 seed=4 ep=1 success=True steps=94
2026-03-04 23:46:57,730 trace.runner.sweep_runner INFO: intensity=0.20 seed=4 ep=2 success=True steps=89
2026-03-04 23:47:06,835 trace.runner.sweep_runner INFO: intensity=0.20 seed=4 ep=3 success=True steps=146
2026-03-04 23:47:14,066 trace.runner.sweep_runner INFO: intensity=0.20 seed=4 ep=4 success=True steps=115
2026-03-04 23:47:19,947 trace.runner.sweep_runner INFO: intensity=0.20 seed=4 ep=5 success=True steps=89
2026-03-04 23:47:25,350 trace.runner.sweep_runner INFO: intensity=0.20 seed=4 ep=6 success=True steps=80
2026-03-04 23:47:38,714 trace.runner.sweep_runner INFO: intensity=0.20 seed=4 ep=7 success=False steps=220
2026-03-04 23:47:45,213 trace.runner.sweep_runner INFO: intensity=0.20 seed=4 ep=8 success=True steps=98
2026-03-04 23:47:51,139 trace.runner.sweep_runner INFO: intensity=0.20 seed=4 ep=9 success=True steps=86
2026-03-04 23:47:57,164 trace.runner.sweep_runner INFO: intensity=0.30 seed=0 ep=0 success=True steps=91
2026-03-04 23:48:03,747 trace.runner.sweep_runner INFO: intensity=0.30 seed=0 ep=1 success=True steps=103
2026-03-04 23:48:13,424 trace.runner.sweep_runner INFO: intensity=0.30 seed=0 ep=2 success=True steps=164
2026-03-04 23:48:26,155 trace.runner.sweep_runner INFO: intensity=0.30 seed=0 ep=3 success=False steps=220
2026-03-04 23:48:32,968 trace.runner.sweep_runner INFO: intensity=0.30 seed=0 ep=4 success=True steps=105
2026-03-04 23:48:38,466 trace.runner.sweep_runner INFO: intensity=0.30 seed=0 ep=5 success=True steps=81
2026-03-04 23:48:46,003 trace.runner.sweep_runner INFO: intensity=0.30 seed=0 ep=6 success=True steps=116
2026-03-04 23:48:52,097 trace.runner.sweep_runner INFO: intensity=0.30 seed=0 ep=7 success=True steps=93
2026-03-04 23:48:59,533 trace.runner.sweep_runner INFO: intensity=0.30 seed=0 ep=8 success=True steps=116
2026-03-04 23:49:12,462 trace.runner.sweep_runner INFO: intensity=0.30 seed=0 ep=9 success=False steps=220
2026-03-04 23:49:20,436 trace.runner.sweep_runner INFO: intensity=0.30 seed=1 ep=0 success=True steps=127
2026-03-04 23:49:33,296 trace.runner.sweep_runner INFO: intensity=0.30 seed=1 ep=1 success=False steps=220
2026-03-04 23:49:41,306 trace.runner.sweep_runner INFO: intensity=0.30 seed=1 ep=2 success=True steps=130
2026-03-04 23:49:47,833 trace.runner.sweep_runner INFO: intensity=0.30 seed=1 ep=3 success=True steps=99
2026-03-04 23:49:55,044 trace.runner.sweep_runner INFO: intensity=0.30 seed=1 ep=4 success=True steps=113
2026-03-04 23:50:01,889 trace.runner.sweep_runner INFO: intensity=0.30 seed=1 ep=5 success=True steps=106
2026-03-04 23:50:15,066 trace.runner.sweep_runner INFO: intensity=0.30 seed=1 ep=6 success=False steps=220
2026-03-04 23:50:20,991 trace.runner.sweep_runner INFO: intensity=0.30 seed=1 ep=7 success=True steps=88
2026-03-04 23:50:27,238 trace.runner.sweep_runner INFO: intensity=0.30 seed=1 ep=8 success=True steps=95
2026-03-04 23:50:33,606 trace.runner.sweep_runner INFO: intensity=0.30 seed=1 ep=9 success=True steps=97
2026-03-04 23:50:46,327 trace.runner.sweep_runner INFO: intensity=0.30 seed=2 ep=0 success=True steps=219
2026-03-04 23:50:56,690 trace.runner.sweep_runner INFO: intensity=0.30 seed=2 ep=1 success=True steps=171
2026-03-04 23:51:04,560 trace.runner.sweep_runner INFO: intensity=0.30 seed=2 ep=2 success=True steps=125
2026-03-04 23:51:13,039 trace.runner.sweep_runner INFO: intensity=0.30 seed=2 ep=3 success=True steps=134
2026-03-04 23:51:21,099 trace.runner.sweep_runner INFO: intensity=0.30 seed=2 ep=4 success=True steps=126
2026-03-04 23:51:26,696 trace.runner.sweep_runner INFO: intensity=0.30 seed=2 ep=5 success=True steps=83
2026-03-04 23:51:33,497 trace.runner.sweep_runner INFO: intensity=0.30 seed=2 ep=6 success=True steps=102
2026-03-04 23:51:46,130 trace.runner.sweep_runner INFO: intensity=0.30 seed=2 ep=7 success=False steps=220
2026-03-04 23:51:53,657 trace.runner.sweep_runner INFO: intensity=0.30 seed=2 ep=8 success=True steps=120
2026-03-04 23:52:01,550 trace.runner.sweep_runner INFO: intensity=0.30 seed=2 ep=9 success=True steps=121
2026-03-04 23:52:07,574 trace.runner.sweep_runner INFO: intensity=0.30 seed=3 ep=0 success=True steps=91
2026-03-04 23:52:14,631 trace.runner.sweep_runner INFO: intensity=0.30 seed=3 ep=1 success=True steps=110
2026-03-04 23:52:21,355 trace.runner.sweep_runner INFO: intensity=0.30 seed=3 ep=2 success=True steps=108
2026-03-04 23:52:34,534 trace.runner.sweep_runner INFO: intensity=0.30 seed=3 ep=3 success=False steps=220
2026-03-04 23:52:40,224 trace.runner.sweep_runner INFO: intensity=0.30 seed=3 ep=4 success=True steps=84
2026-03-04 23:52:46,415 trace.runner.sweep_runner INFO: intensity=0.30 seed=3 ep=5 success=True steps=95
2026-03-04 23:52:53,743 trace.runner.sweep_runner INFO: intensity=0.30 seed=3 ep=6 success=True steps=112
2026-03-04 23:53:06,644 trace.runner.sweep_runner INFO: intensity=0.30 seed=3 ep=7 success=True steps=218
2026-03-04 23:53:14,319 trace.runner.sweep_runner INFO: intensity=0.30 seed=3 ep=8 success=True steps=123
2026-03-04 23:53:27,388 trace.runner.sweep_runner INFO: intensity=0.30 seed=3 ep=9 success=False steps=220
2026-03-04 23:53:33,694 trace.runner.sweep_runner INFO: intensity=0.30 seed=4 ep=0 success=True steps=94
2026-03-04 23:53:40,591 trace.runner.sweep_runner INFO: intensity=0.30 seed=4 ep=1 success=True steps=106
2026-03-04 23:53:51,532 trace.runner.sweep_runner INFO: intensity=0.30 seed=4 ep=2 success=True steps=188
2026-03-04 23:54:00,280 trace.runner.sweep_runner INFO: intensity=0.30 seed=4 ep=3 success=True steps=141
2026-03-04 23:54:13,122 trace.runner.sweep_runner INFO: intensity=0.30 seed=4 ep=4 success=False steps=220
2026-03-04 23:54:21,344 trace.runner.sweep_runner INFO: intensity=0.30 seed=4 ep=5 success=True steps=131
2026-03-04 23:54:29,411 trace.runner.sweep_runner INFO: intensity=0.30 seed=4 ep=6 success=True steps=129
2026-03-04 23:54:40,697 trace.runner.sweep_runner INFO: intensity=0.30 seed=4 ep=7 success=True steps=189
2026-03-04 23:54:47,343 trace.runner.sweep_runner INFO: intensity=0.30 seed=4 ep=8 success=True steps=103
2026-03-04 23:54:54,733 trace.runner.sweep_runner INFO: intensity=0.30 seed=4 ep=9 success=True steps=118
2026-03-04 23:55:04,564 trace.runner.sweep_runner INFO: intensity=0.50 seed=0 ep=0 success=True steps=165
2026-03-04 23:55:17,422 trace.runner.sweep_runner INFO: intensity=0.50 seed=0 ep=1 success=False steps=220
2026-03-04 23:55:27,087 trace.runner.sweep_runner INFO: intensity=0.50 seed=0 ep=2 success=True steps=165
2026-03-04 23:55:39,837 trace.runner.sweep_runner INFO: intensity=0.50 seed=0 ep=3 success=False steps=220
2026-03-04 23:55:46,160 trace.runner.sweep_runner INFO: intensity=0.50 seed=0 ep=4 success=True steps=97
2026-03-04 23:55:55,884 trace.runner.sweep_runner INFO: intensity=0.50 seed=0 ep=5 success=True steps=162
2026-03-04 23:56:03,745 trace.runner.sweep_runner INFO: intensity=0.50 seed=0 ep=6 success=True steps=120
2026-03-04 23:56:10,095 trace.runner.sweep_runner INFO: intensity=0.50 seed=0 ep=7 success=True steps=96
2026-03-04 23:56:20,259 trace.runner.sweep_runner INFO: intensity=0.50 seed=0 ep=8 success=True steps=167
2026-03-04 23:56:33,377 trace.runner.sweep_runner INFO: intensity=0.50 seed=0 ep=9 success=False steps=220
2026-03-04 23:56:43,577 trace.runner.sweep_runner INFO: intensity=0.50 seed=1 ep=0 success=True steps=162
2026-03-04 23:56:56,270 trace.runner.sweep_runner INFO: intensity=0.50 seed=1 ep=1 success=False steps=220
2026-03-04 23:57:09,290 trace.runner.sweep_runner INFO: intensity=0.50 seed=1 ep=2 success=False steps=220
2026-03-04 23:57:19,202 trace.runner.sweep_runner INFO: intensity=0.50 seed=1 ep=3 success=True steps=162
2026-03-04 23:57:27,001 trace.runner.sweep_runner INFO: intensity=0.50 seed=1 ep=4 success=True steps=121
2026-03-04 23:57:39,901 trace.runner.sweep_runner INFO: intensity=0.50 seed=1 ep=5 success=True steps=220
2026-03-04 23:57:52,706 trace.runner.sweep_runner INFO: intensity=0.50 seed=1 ep=6 success=False steps=220
2026-03-04 23:58:02,713 trace.runner.sweep_runner INFO: intensity=0.50 seed=1 ep=7 success=True steps=162
2026-03-04 23:58:14,586 trace.runner.sweep_runner INFO: intensity=0.50 seed=1 ep=8 success=True steps=191
2026-03-04 23:58:25,497 trace.runner.sweep_runner INFO: intensity=0.50 seed=1 ep=9 success=True steps=184
2026-03-04 23:58:38,359 trace.runner.sweep_runner INFO: intensity=0.50 seed=2 ep=0 success=False steps=220
2026-03-04 23:58:51,211 trace.runner.sweep_runner INFO: intensity=0.50 seed=2 ep=1 success=False steps=220
2026-03-04 23:59:00,442 trace.runner.sweep_runner INFO: intensity=0.50 seed=2 ep=2 success=True steps=148
2026-03-04 23:59:13,315 trace.runner.sweep_runner INFO: intensity=0.50 seed=2 ep=3 success=False steps=220
2026-03-04 23:59:19,393 trace.runner.sweep_runner INFO: intensity=0.50 seed=2 ep=4 success=True steps=91
2026-03-04 23:59:32,679 trace.runner.sweep_runner INFO: intensity=0.50 seed=2 ep=5 success=False steps=220
2026-03-04 23:59:45,539 trace.runner.sweep_runner INFO: intensity=0.50 seed=2 ep=6 success=False steps=220
2026-03-04 23:59:52,492 trace.runner.sweep_runner INFO: intensity=0.50 seed=2 ep=7 success=True steps=107
2026-03-05 00:00:05,351 trace.runner.sweep_runner INFO: intensity=0.50 seed=2 ep=8 success=False steps=220
2026-03-05 00:00:18,161 trace.runner.sweep_runner INFO: intensity=0.50 seed=2 ep=9 success=True steps=191
2026-03-05 00:00:26,464 trace.runner.sweep_runner INFO: intensity=0.50 seed=3 ep=0 success=True steps=135
2026-03-05 00:00:38,172 trace.runner.sweep_runner INFO: intensity=0.50 seed=3 ep=1 success=True steps=200
2026-03-05 00:00:45,993 trace.runner.sweep_runner INFO: intensity=0.50 seed=3 ep=2 success=True steps=127
2026-03-05 00:00:56,691 trace.runner.sweep_runner INFO: intensity=0.50 seed=3 ep=3 success=True steps=176
2026-03-05 00:01:07,747 trace.runner.sweep_runner INFO: intensity=0.50 seed=3 ep=4 success=True steps=186
2026-03-05 00:01:14,629 trace.runner.sweep_runner INFO: intensity=0.50 seed=3 ep=5 success=True steps=106
2026-03-05 00:01:27,640 trace.runner.sweep_runner INFO: intensity=0.50 seed=3 ep=6 success=False steps=220
2026-03-05 00:01:40,530 trace.runner.sweep_runner INFO: intensity=0.50 seed=3 ep=7 success=False steps=220
2026-03-05 00:01:48,745 trace.runner.sweep_runner INFO: intensity=0.50 seed=3 ep=8 success=True steps=127
2026-03-05 00:01:59,399 trace.runner.sweep_runner INFO: intensity=0.50 seed=3 ep=9 success=True steps=180
2026-03-05 00:02:10,036 trace.runner.sweep_runner INFO: intensity=0.50 seed=4 ep=0 success=True steps=178
2026-03-05 00:02:22,967 trace.runner.sweep_runner INFO: intensity=0.50 seed=4 ep=1 success=False steps=220
2026-03-05 00:02:35,494 trace.runner.sweep_runner INFO: intensity=0.50 seed=4 ep=2 success=False steps=220
2026-03-05 00:02:48,315 trace.runner.sweep_runner INFO: intensity=0.50 seed=4 ep=3 success=False steps=220
2026-03-05 00:03:01,230 trace.runner.sweep_runner INFO: intensity=0.50 seed=4 ep=4 success=False steps=220
2026-03-05 00:03:10,352 trace.runner.sweep_runner INFO: intensity=0.50 seed=4 ep=5 success=True steps=147
2026-03-05 00:03:23,272 trace.runner.sweep_runner INFO: intensity=0.50 seed=4 ep=6 success=False steps=220
2026-03-05 00:03:36,084 trace.runner.sweep_runner INFO: intensity=0.50 seed=4 ep=7 success=False steps=220
2026-03-05 00:03:42,962 trace.runner.sweep_runner INFO: intensity=0.50 seed=4 ep=8 success=True steps=106
2026-03-05 00:03:50,613 trace.runner.sweep_runner INFO: intensity=0.50 seed=4 ep=9 success=True steps=118
2026-03-05 00:04:03,343 trace.runner.sweep_runner INFO: intensity=0.70 seed=0 ep=0 success=False steps=220
2026-03-05 00:04:15,940 trace.runner.sweep_runner INFO: intensity=0.70 seed=0 ep=1 success=False steps=220
2026-03-05 00:04:28,736 trace.runner.sweep_runner INFO: intensity=0.70 seed=0 ep=2 success=False steps=220
2026-03-05 00:04:41,702 trace.runner.sweep_runner INFO: intensity=0.70 seed=0 ep=3 success=False steps=220
2026-03-05 00:04:54,348 trace.runner.sweep_runner INFO: intensity=0.70 seed=0 ep=4 success=False steps=220
2026-03-05 00:05:07,190 trace.runner.sweep_runner INFO: intensity=0.70 seed=0 ep=5 success=False steps=220
2026-03-05 00:05:19,892 trace.runner.sweep_runner INFO: intensity=0.70 seed=0 ep=6 success=False steps=220
2026-03-05 00:05:33,288 trace.runner.sweep_runner INFO: intensity=0.70 seed=0 ep=7 success=False steps=220
2026-03-05 00:05:45,858 trace.runner.sweep_runner INFO: intensity=0.70 seed=0 ep=8 success=False steps=220
2026-03-05 00:05:55,926 trace.runner.sweep_runner INFO: intensity=0.70 seed=0 ep=9 success=True steps=169
2026-03-05 00:06:08,961 trace.runner.sweep_runner INFO: intensity=0.70 seed=1 ep=0 success=False steps=220
2026-03-05 00:06:21,879 trace.runner.sweep_runner INFO: intensity=0.70 seed=1 ep=1 success=False steps=220
2026-03-05 00:06:34,422 trace.runner.sweep_runner INFO: intensity=0.70 seed=1 ep=2 success=False steps=220
2026-03-05 00:06:47,306 trace.runner.sweep_runner INFO: intensity=0.70 seed=1 ep=3 success=False steps=220
2026-03-05 00:07:00,187 trace.runner.sweep_runner INFO: intensity=0.70 seed=1 ep=4 success=False steps=220
2026-03-05 00:07:12,974 trace.runner.sweep_runner INFO: intensity=0.70 seed=1 ep=5 success=False steps=220
2026-03-05 00:07:25,645 trace.runner.sweep_runner INFO: intensity=0.70 seed=1 ep=6 success=False steps=220
2026-03-05 00:07:38,710 trace.runner.sweep_runner INFO: intensity=0.70 seed=1 ep=7 success=False steps=220
2026-03-05 00:07:52,002 trace.runner.sweep_runner INFO: intensity=0.70 seed=1 ep=8 success=False steps=220
2026-03-05 00:08:04,695 trace.runner.sweep_runner INFO: intensity=0.70 seed=1 ep=9 success=False steps=220
2026-03-05 00:08:17,407 trace.runner.sweep_runner INFO: intensity=0.70 seed=2 ep=0 success=False steps=220
2026-03-05 00:08:30,088 trace.runner.sweep_runner INFO: intensity=0.70 seed=2 ep=1 success=False steps=220
2026-03-05 00:08:43,423 trace.runner.sweep_runner INFO: intensity=0.70 seed=2 ep=2 success=False steps=220
2026-03-05 00:08:56,086 trace.runner.sweep_runner INFO: intensity=0.70 seed=2 ep=3 success=False steps=220
2026-03-05 00:09:04,669 trace.runner.sweep_runner INFO: intensity=0.70 seed=2 ep=4 success=True steps=135
2026-03-05 00:09:17,832 trace.runner.sweep_runner INFO: intensity=0.70 seed=2 ep=5 success=False steps=220
2026-03-05 00:09:30,667 trace.runner.sweep_runner INFO: intensity=0.70 seed=2 ep=6 success=False steps=220
2026-03-05 00:09:43,245 trace.runner.sweep_runner INFO: intensity=0.70 seed=2 ep=7 success=False steps=220
2026-03-05 00:09:55,971 trace.runner.sweep_runner INFO: intensity=0.70 seed=2 ep=8 success=False steps=220
2026-03-05 00:10:08,790 trace.runner.sweep_runner INFO: intensity=0.70 seed=2 ep=9 success=False steps=220
2026-03-05 00:10:21,465 trace.runner.sweep_runner INFO: intensity=0.70 seed=3 ep=0 success=False steps=220
2026-03-05 00:10:34,501 trace.runner.sweep_runner INFO: intensity=0.70 seed=3 ep=1 success=False steps=220
2026-03-05 00:10:47,431 trace.runner.sweep_runner INFO: intensity=0.70 seed=3 ep=2 success=False steps=220
2026-03-05 00:11:00,517 trace.runner.sweep_runner INFO: intensity=0.70 seed=3 ep=3 success=False steps=220
2026-03-05 00:11:13,195 trace.runner.sweep_runner INFO: intensity=0.70 seed=3 ep=4 success=False steps=220
2026-03-05 00:11:26,037 trace.runner.sweep_runner INFO: intensity=0.70 seed=3 ep=5 success=False steps=220
2026-03-05 00:11:39,012 trace.runner.sweep_runner INFO: intensity=0.70 seed=3 ep=6 success=False steps=220
2026-03-05 00:11:52,236 trace.runner.sweep_runner INFO: intensity=0.70 seed=3 ep=7 success=False steps=220
2026-03-05 00:12:00,645 trace.runner.sweep_runner INFO: intensity=0.70 seed=3 ep=8 success=True steps=133
2026-03-05 00:12:13,627 trace.runner.sweep_runner INFO: intensity=0.70 seed=3 ep=9 success=False steps=220
2026-03-05 00:12:26,527 trace.runner.sweep_runner INFO: intensity=0.70 seed=4 ep=0 success=False steps=220
2026-03-05 00:12:39,504 trace.runner.sweep_runner INFO: intensity=0.70 seed=4 ep=1 success=False steps=220
2026-03-05 00:12:53,258 trace.runner.sweep_runner INFO: intensity=0.70 seed=4 ep=2 success=False steps=220
2026-03-05 00:13:06,102 trace.runner.sweep_runner INFO: intensity=0.70 seed=4 ep=3 success=False steps=220
2026-03-05 00:13:16,763 trace.runner.sweep_runner INFO: intensity=0.70 seed=4 ep=4 success=True steps=177
2026-03-05 00:13:29,461 trace.runner.sweep_runner INFO: intensity=0.70 seed=4 ep=5 success=False steps=220
2026-03-05 00:13:42,211 trace.runner.sweep_runner INFO: intensity=0.70 seed=4 ep=6 success=False steps=220
2026-03-05 00:13:55,468 trace.runner.sweep_runner INFO: intensity=0.70 seed=4 ep=7 success=False steps=220
2026-03-05 00:14:08,177 trace.runner.sweep_runner INFO: intensity=0.70 seed=4 ep=8 success=False steps=220
2026-03-05 00:14:21,364 trace.runner.sweep_runner INFO: intensity=0.70 seed=4 ep=9 success=False steps=220
2026-03-05 00:14:34,105 trace.runner.sweep_runner INFO: intensity=1.00 seed=0 ep=0 success=False steps=220
2026-03-05 00:14:46,703 trace.runner.sweep_runner INFO: intensity=1.00 seed=0 ep=1 success=False steps=220
2026-03-05 00:14:58,819 trace.runner.sweep_runner INFO: intensity=1.00 seed=0 ep=2 success=False steps=220
2026-03-05 00:15:11,636 trace.runner.sweep_runner INFO: intensity=1.00 seed=0 ep=3 success=False steps=220
2026-03-05 00:15:24,511 trace.runner.sweep_runner INFO: intensity=1.00 seed=0 ep=4 success=False steps=220
2026-03-05 00:15:37,236 trace.runner.sweep_runner INFO: intensity=1.00 seed=0 ep=5 success=False steps=220
2026-03-05 00:15:50,033 trace.runner.sweep_runner INFO: intensity=1.00 seed=0 ep=6 success=False steps=220
2026-03-05 00:16:02,814 trace.runner.sweep_runner INFO: intensity=1.00 seed=0 ep=7 success=False steps=220
2026-03-05 00:16:15,513 trace.runner.sweep_runner INFO: intensity=1.00 seed=0 ep=8 success=False steps=220
2026-03-05 00:16:28,284 trace.runner.sweep_runner INFO: intensity=1.00 seed=0 ep=9 success=False steps=220
2026-03-05 00:16:41,062 trace.runner.sweep_runner INFO: intensity=1.00 seed=1 ep=0 success=False steps=220
2026-03-05 00:16:53,795 trace.runner.sweep_runner INFO: intensity=1.00 seed=1 ep=1 success=False steps=220
2026-03-05 00:17:05,904 trace.runner.sweep_runner INFO: intensity=1.00 seed=1 ep=2 success=False steps=220
2026-03-05 00:17:18,799 trace.runner.sweep_runner INFO: intensity=1.00 seed=1 ep=3 success=False steps=220
2026-03-05 00:17:31,570 trace.runner.sweep_runner INFO: intensity=1.00 seed=1 ep=4 success=False steps=220
2026-03-05 00:17:44,208 trace.runner.sweep_runner INFO: intensity=1.00 seed=1 ep=5 success=False steps=220
2026-03-05 00:17:57,086 trace.runner.sweep_runner INFO: intensity=1.00 seed=1 ep=6 success=False steps=220
2026-03-05 00:18:09,839 trace.runner.sweep_runner INFO: intensity=1.00 seed=1 ep=7 success=False steps=220
2026-03-05 00:18:22,558 trace.runner.sweep_runner INFO: intensity=1.00 seed=1 ep=8 success=False steps=220
2026-03-05 00:18:35,490 trace.runner.sweep_runner INFO: intensity=1.00 seed=1 ep=9 success=False steps=220
2026-03-05 00:18:48,515 trace.runner.sweep_runner INFO: intensity=1.00 seed=2 ep=0 success=False steps=220
2026-03-05 00:19:01,209 trace.runner.sweep_runner INFO: intensity=1.00 seed=2 ep=1 success=False steps=220
2026-03-05 00:19:13,276 trace.runner.sweep_runner INFO: intensity=1.00 seed=2 ep=2 success=False steps=220
2026-03-05 00:19:26,131 trace.runner.sweep_runner INFO: intensity=1.00 seed=2 ep=3 success=False steps=220
2026-03-05 00:19:39,172 trace.runner.sweep_runner INFO: intensity=1.00 seed=2 ep=4 success=False steps=220
2026-03-05 00:19:52,054 trace.runner.sweep_runner INFO: intensity=1.00 seed=2 ep=5 success=False steps=220
2026-03-05 00:20:04,823 trace.runner.sweep_runner INFO: intensity=1.00 seed=2 ep=6 success=False steps=220
2026-03-05 00:20:17,635 trace.runner.sweep_runner INFO: intensity=1.00 seed=2 ep=7 success=False steps=220
2026-03-05 00:20:30,294 trace.runner.sweep_runner INFO: intensity=1.00 seed=2 ep=8 success=False steps=220
2026-03-05 00:20:43,037 trace.runner.sweep_runner INFO: intensity=1.00 seed=2 ep=9 success=False steps=220
2026-03-05 00:20:55,866 trace.runner.sweep_runner INFO: intensity=1.00 seed=3 ep=0 success=False steps=220
2026-03-05 00:21:08,833 trace.runner.sweep_runner INFO: intensity=1.00 seed=3 ep=1 success=False steps=220
2026-03-05 00:21:21,010 trace.runner.sweep_runner INFO: intensity=1.00 seed=3 ep=2 success=False steps=220
2026-03-05 00:21:33,864 trace.runner.sweep_runner INFO: intensity=1.00 seed=3 ep=3 success=False steps=220
2026-03-05 00:21:46,655 trace.runner.sweep_runner INFO: intensity=1.00 seed=3 ep=4 success=False steps=220
2026-03-05 00:21:59,526 trace.runner.sweep_runner INFO: intensity=1.00 seed=3 ep=5 success=False steps=220
2026-03-05 00:22:12,424 trace.runner.sweep_runner INFO: intensity=1.00 seed=3 ep=6 success=False steps=220
2026-03-05 00:22:25,174 trace.runner.sweep_runner INFO: intensity=1.00 seed=3 ep=7 success=False steps=220
2026-03-05 00:22:37,765 trace.runner.sweep_runner INFO: intensity=1.00 seed=3 ep=8 success=False steps=220
2026-03-05 00:22:50,677 trace.runner.sweep_runner INFO: intensity=1.00 seed=3 ep=9 success=False steps=220
2026-03-05 00:23:03,619 trace.runner.sweep_runner INFO: intensity=1.00 seed=4 ep=0 success=False steps=220
2026-03-05 00:23:16,308 trace.runner.sweep_runner INFO: intensity=1.00 seed=4 ep=1 success=False steps=220
2026-03-05 00:23:28,483 trace.runner.sweep_runner INFO: intensity=1.00 seed=4 ep=2 success=False steps=220
2026-03-05 00:23:41,451 trace.runner.sweep_runner INFO: intensity=1.00 seed=4 ep=3 success=False steps=220
2026-03-05 00:23:54,341 trace.runner.sweep_runner INFO: intensity=1.00 seed=4 ep=4 success=False steps=220
2026-03-05 00:24:07,091 trace.runner.sweep_runner INFO: intensity=1.00 seed=4 ep=5 success=False steps=220
2026-03-05 00:24:19,916 trace.runner.sweep_runner INFO: intensity=1.00 seed=4 ep=6 success=False steps=220
2026-03-05 00:24:32,752 trace.runner.sweep_runner INFO: intensity=1.00 seed=4 ep=7 success=False steps=220
2026-03-05 00:24:45,473 trace.runner.sweep_runner INFO: intensity=1.00 seed=4 ep=8 success=False steps=220
2026-03-05 00:24:58,417 trace.runner.sweep_runner INFO: intensity=1.00 seed=4 ep=9 success=False steps=220
2026-03-05 00:24:58,420 __main__ INFO:   baseline=100%, max_degradation=100%, breakpoint=0.70
2026-03-05 00:24:58,424 __main__ INFO:   Report updated: output/reports/report_Pi0PolicyAdapter_libero_20260304_223648.md (2/9 stressors)
2026-03-05 00:24:58,424 __main__ INFO: Running sweep 3/9: PhysicsShiftStressor
2026-03-05 00:25:05,138 trace.runner.sweep_runner INFO: intensity=0.00 seed=0 ep=0 success=True steps=102
2026-03-05 00:25:10,308 trace.runner.sweep_runner INFO: intensity=0.00 seed=0 ep=1 success=True steps=74
2026-03-05 00:25:15,983 trace.runner.sweep_runner INFO: intensity=0.00 seed=0 ep=2 success=True steps=82
2026-03-05 00:25:21,437 trace.runner.sweep_runner INFO: intensity=0.00 seed=0 ep=3 success=True steps=77
2026-03-05 00:25:26,740 trace.runner.sweep_runner INFO: intensity=0.00 seed=0 ep=4 success=True steps=76
2026-03-05 00:25:31,934 trace.runner.sweep_runner INFO: intensity=0.00 seed=0 ep=5 success=True steps=74
2026-03-05 00:25:37,061 trace.runner.sweep_runner INFO: intensity=0.00 seed=0 ep=6 success=True steps=73
2026-03-05 00:25:43,019 trace.runner.sweep_runner INFO: intensity=0.00 seed=0 ep=7 success=True steps=86
2026-03-05 00:25:48,768 trace.runner.sweep_runner INFO: intensity=0.00 seed=0 ep=8 success=True steps=83
2026-03-05 00:25:57,383 trace.runner.sweep_runner INFO: intensity=0.00 seed=0 ep=9 success=True steps=136
2026-03-05 00:26:02,719 trace.runner.sweep_runner INFO: intensity=0.00 seed=1 ep=0 success=True steps=78
2026-03-05 00:26:09,761 trace.runner.sweep_runner INFO: intensity=0.00 seed=1 ep=1 success=True steps=109
2026-03-05 00:26:14,719 trace.runner.sweep_runner INFO: intensity=0.00 seed=1 ep=2 success=True steps=72
2026-03-05 00:26:19,950 trace.runner.sweep_runner INFO: intensity=0.00 seed=1 ep=3 success=True steps=73
2026-03-05 00:26:24,954 trace.runner.sweep_runner INFO: intensity=0.00 seed=1 ep=4 success=True steps=70
2026-03-05 00:26:30,332 trace.runner.sweep_runner INFO: intensity=0.00 seed=1 ep=5 success=True steps=77
2026-03-05 00:26:35,531 trace.runner.sweep_runner INFO: intensity=0.00 seed=1 ep=6 success=True steps=75
2026-03-05 00:26:41,212 trace.runner.sweep_runner INFO: intensity=0.00 seed=1 ep=7 success=True steps=81
2026-03-05 00:26:46,951 trace.runner.sweep_runner INFO: intensity=0.00 seed=1 ep=8 success=True steps=82
2026-03-05 00:26:52,371 trace.runner.sweep_runner INFO: intensity=0.00 seed=1 ep=9 success=True steps=77
2026-03-05 00:26:57,844 trace.runner.sweep_runner INFO: intensity=0.00 seed=2 ep=0 success=True steps=78
2026-03-05 00:27:04,638 trace.runner.sweep_runner INFO: intensity=0.00 seed=2 ep=1 success=True steps=104
2026-03-05 00:27:09,844 trace.runner.sweep_runner INFO: intensity=0.00 seed=2 ep=2 success=True steps=78
2026-03-05 00:27:15,226 trace.runner.sweep_runner INFO: intensity=0.00 seed=2 ep=3 success=True steps=74
2026-03-05 00:27:20,319 trace.runner.sweep_runner INFO: intensity=0.00 seed=2 ep=4 success=True steps=72
2026-03-05 00:27:26,222 trace.runner.sweep_runner INFO: intensity=0.00 seed=2 ep=5 success=True steps=84
2026-03-05 00:27:31,379 trace.runner.sweep_runner INFO: intensity=0.00 seed=2 ep=6 success=True steps=73
2026-03-05 00:27:37,030 trace.runner.sweep_runner INFO: intensity=0.00 seed=2 ep=7 success=True steps=79
2026-03-05 00:27:42,694 trace.runner.sweep_runner INFO: intensity=0.00 seed=2 ep=8 success=True steps=82
2026-03-05 00:27:48,267 trace.runner.sweep_runner INFO: intensity=0.00 seed=2 ep=9 success=True steps=79
2026-03-05 00:27:55,207 trace.runner.sweep_runner INFO: intensity=0.00 seed=3 ep=0 success=True steps=107
2026-03-05 00:28:01,895 trace.runner.sweep_runner INFO: intensity=0.00 seed=3 ep=1 success=True steps=105
2026-03-05 00:28:07,496 trace.runner.sweep_runner INFO: intensity=0.00 seed=3 ep=2 success=True steps=85
2026-03-05 00:28:13,008 trace.runner.sweep_runner INFO: intensity=0.00 seed=3 ep=3 success=True steps=78
2026-03-05 00:28:18,164 trace.runner.sweep_runner INFO: intensity=0.00 seed=3 ep=4 success=True steps=73
2026-03-05 00:28:25,013 trace.runner.sweep_runner INFO: intensity=0.00 seed=3 ep=5 success=True steps=105
2026-03-05 00:28:30,204 trace.runner.sweep_runner INFO: intensity=0.00 seed=3 ep=6 success=True steps=72
2026-03-05 00:28:35,924 trace.runner.sweep_runner INFO: intensity=0.00 seed=3 ep=7 success=True steps=83
2026-03-05 00:28:41,369 trace.runner.sweep_runner INFO: intensity=0.00 seed=3 ep=8 success=True steps=76
2026-03-05 00:28:46,449 trace.runner.sweep_runner INFO: intensity=0.00 seed=3 ep=9 success=True steps=70
2026-03-05 00:28:51,918 trace.runner.sweep_runner INFO: intensity=0.00 seed=4 ep=0 success=True steps=77
2026-03-05 00:28:58,802 trace.runner.sweep_runner INFO: intensity=0.00 seed=4 ep=1 success=True steps=106
2026-03-05 00:29:05,632 trace.runner.sweep_runner INFO: intensity=0.00 seed=4 ep=2 success=True steps=107
2026-03-05 00:29:11,003 trace.runner.sweep_runner INFO: intensity=0.00 seed=4 ep=3 success=True steps=77
2026-03-05 00:29:16,193 trace.runner.sweep_runner INFO: intensity=0.00 seed=4 ep=4 success=True steps=74
2026-03-05 00:29:21,641 trace.runner.sweep_runner INFO: intensity=0.00 seed=4 ep=5 success=True steps=77
2026-03-05 00:29:26,726 trace.runner.sweep_runner INFO: intensity=0.00 seed=4 ep=6 success=True steps=71
2026-03-05 00:29:32,181 trace.runner.sweep_runner INFO: intensity=0.00 seed=4 ep=7 success=True steps=76
2026-03-05 00:29:37,518 trace.runner.sweep_runner INFO: intensity=0.00 seed=4 ep=8 success=True steps=77
2026-03-05 00:29:42,667 trace.runner.sweep_runner INFO: intensity=0.00 seed=4 ep=9 success=True steps=71
2026-03-05 00:29:48,144 trace.runner.sweep_runner INFO: intensity=0.10 seed=0 ep=0 success=True steps=77
2026-03-05 00:29:55,091 trace.runner.sweep_runner INFO: intensity=0.10 seed=0 ep=1 success=True steps=106
2026-03-05 00:30:00,885 trace.runner.sweep_runner INFO: intensity=0.10 seed=0 ep=2 success=True steps=83
2026-03-05 00:30:06,130 trace.runner.sweep_runner INFO: intensity=0.10 seed=0 ep=3 success=True steps=75
2026-03-05 00:30:11,347 trace.runner.sweep_runner INFO: intensity=0.10 seed=0 ep=4 success=True steps=74
2026-03-05 00:30:16,675 trace.runner.sweep_runner INFO: intensity=0.10 seed=0 ep=5 success=True steps=75
2026-03-05 00:30:21,856 trace.runner.sweep_runner INFO: intensity=0.10 seed=0 ep=6 success=True steps=74
2026-03-05 00:30:27,707 trace.runner.sweep_runner INFO: intensity=0.10 seed=0 ep=7 success=True steps=83
2026-03-05 00:30:33,513 trace.runner.sweep_runner INFO: intensity=0.10 seed=0 ep=8 success=True steps=83
2026-03-05 00:30:40,274 trace.runner.sweep_runner INFO: intensity=0.10 seed=0 ep=9 success=True steps=105
2026-03-05 00:30:45,723 trace.runner.sweep_runner INFO: intensity=0.10 seed=1 ep=0 success=True steps=80
2026-03-05 00:30:52,466 trace.runner.sweep_runner INFO: intensity=0.10 seed=1 ep=1 success=True steps=105
2026-03-05 00:30:57,478 trace.runner.sweep_runner INFO: intensity=0.10 seed=1 ep=2 success=True steps=73
2026-03-05 00:31:02,602 trace.runner.sweep_runner INFO: intensity=0.10 seed=1 ep=3 success=True steps=72
2026-03-05 00:31:07,844 trace.runner.sweep_runner INFO: intensity=0.10 seed=1 ep=4 success=True steps=73
2026-03-05 00:31:13,525 trace.runner.sweep_runner INFO: intensity=0.10 seed=1 ep=5 success=True steps=80
2026-03-05 00:31:18,841 trace.runner.sweep_runner INFO: intensity=0.10 seed=1 ep=6 success=True steps=74
2026-03-05 00:31:24,681 trace.runner.sweep_runner INFO: intensity=0.10 seed=1 ep=7 success=True steps=82
2026-03-05 00:31:30,206 trace.runner.sweep_runner INFO: intensity=0.10 seed=1 ep=8 success=True steps=79
2026-03-05 00:31:35,270 trace.runner.sweep_runner INFO: intensity=0.10 seed=1 ep=9 success=True steps=71
2026-03-05 00:31:40,414 trace.runner.sweep_runner INFO: intensity=0.10 seed=2 ep=0 success=True steps=74
2026-03-05 00:31:47,646 trace.runner.sweep_runner INFO: intensity=0.10 seed=2 ep=1 success=True steps=111
2026-03-05 00:31:53,107 trace.runner.sweep_runner INFO: intensity=0.10 seed=2 ep=2 success=True steps=81
2026-03-05 00:31:58,623 trace.runner.sweep_runner INFO: intensity=0.10 seed=2 ep=3 success=True steps=78
2026-03-05 00:32:03,568 trace.runner.sweep_runner INFO: intensity=0.10 seed=2 ep=4 success=True steps=69
2026-03-05 00:32:08,928 trace.runner.sweep_runner INFO: intensity=0.10 seed=2 ep=5 success=True steps=75
2026-03-05 00:32:13,902 trace.runner.sweep_runner INFO: intensity=0.10 seed=2 ep=6 success=True steps=69
2026-03-05 00:32:19,733 trace.runner.sweep_runner INFO: intensity=0.10 seed=2 ep=7 success=True steps=82
2026-03-05 00:32:25,405 trace.runner.sweep_runner INFO: intensity=0.10 seed=2 ep=8 success=True steps=82
2026-03-05 00:32:30,564 trace.runner.sweep_runner INFO: intensity=0.10 seed=2 ep=9 success=True steps=73
2026-03-05 00:32:36,246 trace.runner.sweep_runner INFO: intensity=0.10 seed=3 ep=0 success=True steps=82
2026-03-05 00:32:43,202 trace.runner.sweep_runner INFO: intensity=0.10 seed=3 ep=1 success=True steps=106
2026-03-05 00:32:49,147 trace.runner.sweep_runner INFO: intensity=0.10 seed=3 ep=2 success=True steps=90
2026-03-05 00:32:54,612 trace.runner.sweep_runner INFO: intensity=0.10 seed=3 ep=3 success=True steps=78
2026-03-05 00:32:59,924 trace.runner.sweep_runner INFO: intensity=0.10 seed=3 ep=4 success=True steps=75
2026-03-05 00:33:04,857 trace.runner.sweep_runner INFO: intensity=0.10 seed=3 ep=5 success=True steps=69
2026-03-05 00:33:09,984 trace.runner.sweep_runner INFO: intensity=0.10 seed=3 ep=6 success=True steps=69
2026-03-05 00:33:15,830 trace.runner.sweep_runner INFO: intensity=0.10 seed=3 ep=7 success=True steps=84
2026-03-05 00:33:21,566 trace.runner.sweep_runner INFO: intensity=0.10 seed=3 ep=8 success=True steps=82
2026-03-05 00:33:26,509 trace.runner.sweep_runner INFO: intensity=0.10 seed=3 ep=9 success=True steps=70
2026-03-05 00:33:31,881 trace.runner.sweep_runner INFO: intensity=0.10 seed=4 ep=0 success=True steps=75
2026-03-05 00:33:37,057 trace.runner.sweep_runner INFO: intensity=0.10 seed=4 ep=1 success=True steps=75
2026-03-05 00:33:43,928 trace.runner.sweep_runner INFO: intensity=0.10 seed=4 ep=2 success=True steps=108
2026-03-05 00:33:49,625 trace.runner.sweep_runner INFO: intensity=0.10 seed=4 ep=3 success=True steps=80
2026-03-05 00:33:54,911 trace.runner.sweep_runner INFO: intensity=0.10 seed=4 ep=4 success=True steps=73
2026-03-05 00:34:00,321 trace.runner.sweep_runner INFO: intensity=0.10 seed=4 ep=5 success=True steps=77
2026-03-05 00:34:05,276 trace.runner.sweep_runner INFO: intensity=0.10 seed=4 ep=6 success=True steps=69
2026-03-05 00:34:10,805 trace.runner.sweep_runner INFO: intensity=0.10 seed=4 ep=7 success=True steps=79
2026-03-05 00:34:16,481 trace.runner.sweep_runner INFO: intensity=0.10 seed=4 ep=8 success=True steps=81
2026-03-05 00:34:21,743 trace.runner.sweep_runner INFO: intensity=0.10 seed=4 ep=9 success=True steps=73
2026-03-05 00:34:26,941 trace.runner.sweep_runner INFO: intensity=0.20 seed=0 ep=0 success=True steps=74
2026-03-05 00:34:33,861 trace.runner.sweep_runner INFO: intensity=0.20 seed=0 ep=1 success=True steps=107
2026-03-05 00:34:39,536 trace.runner.sweep_runner INFO: intensity=0.20 seed=0 ep=2 success=True steps=84
2026-03-05 00:34:45,117 trace.runner.sweep_runner INFO: intensity=0.20 seed=0 ep=3 success=True steps=79
2026-03-05 00:34:50,546 trace.runner.sweep_runner INFO: intensity=0.20 seed=0 ep=4 success=True steps=77
2026-03-05 00:34:55,756 trace.runner.sweep_runner INFO: intensity=0.20 seed=0 ep=5 success=True steps=73
2026-03-05 00:35:01,032 trace.runner.sweep_runner INFO: intensity=0.20 seed=0 ep=6 success=True steps=73
2026-03-05 00:35:06,646 trace.runner.sweep_runner INFO: intensity=0.20 seed=0 ep=7 success=True steps=80
2026-03-05 00:35:12,294 trace.runner.sweep_runner INFO: intensity=0.20 seed=0 ep=8 success=True steps=82
2026-03-05 00:35:19,299 trace.runner.sweep_runner INFO: intensity=0.20 seed=0 ep=9 success=True steps=106
2026-03-05 00:35:27,847 trace.runner.sweep_runner INFO: intensity=0.20 seed=1 ep=0 success=True steps=136
2026-03-05 00:35:34,754 trace.runner.sweep_runner INFO: intensity=0.20 seed=1 ep=1 success=True steps=106
2026-03-05 00:35:39,785 trace.runner.sweep_runner INFO: intensity=0.20 seed=1 ep=2 success=True steps=73
2026-03-05 00:35:45,242 trace.runner.sweep_runner INFO: intensity=0.20 seed=1 ep=3 success=True steps=77
2026-03-05 00:35:50,651 trace.runner.sweep_runner INFO: intensity=0.20 seed=1 ep=4 success=True steps=76
2026-03-05 00:35:55,860 trace.runner.sweep_runner INFO: intensity=0.20 seed=1 ep=5 success=True steps=75
2026-03-05 00:36:01,057 trace.runner.sweep_runner INFO: intensity=0.20 seed=1 ep=6 success=True steps=73
2026-03-05 00:36:06,508 trace.runner.sweep_runner INFO: intensity=0.20 seed=1 ep=7 success=True steps=76
2026-03-05 00:36:12,330 trace.runner.sweep_runner INFO: intensity=0.20 seed=1 ep=8 success=True steps=83
2026-03-05 00:36:17,425 trace.runner.sweep_runner INFO: intensity=0.20 seed=1 ep=9 success=True steps=71
2026-03-05 00:36:23,010 trace.runner.sweep_runner INFO: intensity=0.20 seed=2 ep=0 success=True steps=79
2026-03-05 00:36:29,701 trace.runner.sweep_runner INFO: intensity=0.20 seed=2 ep=1 success=True steps=104
2026-03-05 00:36:34,876 trace.runner.sweep_runner INFO: intensity=0.20 seed=2 ep=2 success=True steps=74
2026-03-05 00:36:40,394 trace.runner.sweep_runner INFO: intensity=0.20 seed=2 ep=3 success=True steps=78
2026-03-05 00:36:45,670 trace.runner.sweep_runner INFO: intensity=0.20 seed=2 ep=4 success=True steps=74
2026-03-05 00:36:50,896 trace.runner.sweep_runner INFO: intensity=0.20 seed=2 ep=5 success=True steps=74
2026-03-05 00:36:55,998 trace.runner.sweep_runner INFO: intensity=0.20 seed=2 ep=6 success=True steps=71
2026-03-05 00:37:01,666 trace.runner.sweep_runner INFO: intensity=0.20 seed=2 ep=7 success=True steps=82
2026-03-05 00:37:10,358 trace.runner.sweep_runner INFO: intensity=0.20 seed=2 ep=8 success=True steps=135
2026-03-05 00:37:15,908 trace.runner.sweep_runner INFO: intensity=0.20 seed=2 ep=9 success=True steps=77
2026-03-05 00:37:23,074 trace.runner.sweep_runner INFO: intensity=0.20 seed=3 ep=0 success=True steps=110
2026-03-05 00:37:31,977 trace.runner.sweep_runner INFO: intensity=0.20 seed=3 ep=1 success=True steps=141
2026-03-05 00:37:37,776 trace.runner.sweep_runner INFO: intensity=0.20 seed=3 ep=2 success=True steps=86
2026-03-05 00:37:43,359 trace.runner.sweep_runner INFO: intensity=0.20 seed=3 ep=3 success=True steps=80
2026-03-05 00:37:48,609 trace.runner.sweep_runner INFO: intensity=0.20 seed=3 ep=4 success=True steps=74
2026-03-05 00:37:53,883 trace.runner.sweep_runner INFO: intensity=0.20 seed=3 ep=5 success=True steps=75
2026-03-05 00:37:59,216 trace.runner.sweep_runner INFO: intensity=0.20 seed=3 ep=6 success=True steps=72
2026-03-05 00:38:04,865 trace.runner.sweep_runner INFO: intensity=0.20 seed=3 ep=7 success=True steps=81
2026-03-05 00:38:10,599 trace.runner.sweep_runner INFO: intensity=0.20 seed=3 ep=8 success=True steps=83
2026-03-05 00:38:15,846 trace.runner.sweep_runner INFO: intensity=0.20 seed=3 ep=9 success=True steps=74
2026-03-05 00:38:21,205 trace.runner.sweep_runner INFO: intensity=0.20 seed=4 ep=0 success=True steps=76
2026-03-05 00:38:26,304 trace.runner.sweep_runner INFO: intensity=0.20 seed=4 ep=1 success=True steps=73
2026-03-05 00:38:33,621 trace.runner.sweep_runner INFO: intensity=0.20 seed=4 ep=2 success=True steps=113
2026-03-05 00:38:39,073 trace.runner.sweep_runner INFO: intensity=0.20 seed=4 ep=3 success=True steps=76
2026-03-05 00:38:44,350 trace.runner.sweep_runner INFO: intensity=0.20 seed=4 ep=4 success=True steps=75
2026-03-05 00:38:49,881 trace.runner.sweep_runner INFO: intensity=0.20 seed=4 ep=5 success=True steps=79
2026-03-05 00:38:55,049 trace.runner.sweep_runner INFO: intensity=0.20 seed=4 ep=6 success=True steps=69
2026-03-05 00:39:00,847 trace.runner.sweep_runner INFO: intensity=0.20 seed=4 ep=7 success=True steps=82
2026-03-05 00:39:06,464 trace.runner.sweep_runner INFO: intensity=0.20 seed=4 ep=8 success=True steps=81
2026-03-05 00:39:11,482 trace.runner.sweep_runner INFO: intensity=0.20 seed=4 ep=9 success=True steps=69
2026-03-05 00:39:16,566 trace.runner.sweep_runner INFO: intensity=0.30 seed=0 ep=0 success=True steps=70
2026-03-05 00:39:23,236 trace.runner.sweep_runner INFO: intensity=0.30 seed=0 ep=1 success=True steps=103
2026-03-05 00:39:28,949 trace.runner.sweep_runner INFO: intensity=0.30 seed=0 ep=2 success=True steps=83
2026-03-05 00:39:34,240 trace.runner.sweep_runner INFO: intensity=0.30 seed=0 ep=3 success=True steps=75
2026-03-05 00:39:39,515 trace.runner.sweep_runner INFO: intensity=0.30 seed=0 ep=4 success=True steps=74
2026-03-05 00:39:44,801 trace.runner.sweep_runner INFO: intensity=0.30 seed=0 ep=5 success=True steps=75
2026-03-05 00:39:49,952 trace.runner.sweep_runner INFO: intensity=0.30 seed=0 ep=6 success=True steps=70
2026-03-05 00:39:55,622 trace.runner.sweep_runner INFO: intensity=0.30 seed=0 ep=7 success=True steps=79
2026-03-05 00:40:01,367 trace.runner.sweep_runner INFO: intensity=0.30 seed=0 ep=8 success=True steps=81
2026-03-05 00:40:08,205 trace.runner.sweep_runner INFO: intensity=0.30 seed=0 ep=9 success=True steps=105
2026-03-05 00:40:13,684 trace.runner.sweep_runner INFO: intensity=0.30 seed=1 ep=0 success=True steps=79
2026-03-05 00:40:18,977 trace.runner.sweep_runner INFO: intensity=0.30 seed=1 ep=1 success=True steps=75
2026-03-05 00:40:24,541 trace.runner.sweep_runner INFO: intensity=0.30 seed=1 ep=2 success=True steps=84
2026-03-05 00:40:29,800 trace.runner.sweep_runner INFO: intensity=0.30 seed=1 ep=3 success=True steps=74
2026-03-05 00:40:35,031 trace.runner.sweep_runner INFO: intensity=0.30 seed=1 ep=4 success=True steps=73
2026-03-05 00:40:40,338 trace.runner.sweep_runner INFO: intensity=0.30 seed=1 ep=5 success=True steps=75
2026-03-05 00:40:45,734 trace.runner.sweep_runner INFO: intensity=0.30 seed=1 ep=6 success=True steps=76
2026-03-05 00:40:51,223 trace.runner.sweep_runner INFO: intensity=0.30 seed=1 ep=7 success=True steps=77
2026-03-05 00:40:56,973 trace.runner.sweep_runner INFO: intensity=0.30 seed=1 ep=8 success=True steps=82
2026-03-05 00:41:02,184 trace.runner.sweep_runner INFO: intensity=0.30 seed=1 ep=9 success=True steps=74
2026-03-05 00:41:07,600 trace.runner.sweep_runner INFO: intensity=0.30 seed=2 ep=0 success=True steps=76
2026-03-05 00:41:14,492 trace.runner.sweep_runner INFO: intensity=0.30 seed=2 ep=1 success=True steps=106
2026-03-05 00:41:19,736 trace.runner.sweep_runner INFO: intensity=0.30 seed=2 ep=2 success=True steps=75
2026-03-05 00:41:25,209 trace.runner.sweep_runner INFO: intensity=0.30 seed=2 ep=3 success=True steps=78
2026-03-05 00:41:30,152 trace.runner.sweep_runner INFO: intensity=0.30 seed=2 ep=4 success=True steps=68
2026-03-05 00:41:35,732 trace.runner.sweep_runner INFO: intensity=0.30 seed=2 ep=5 success=True steps=80
2026-03-05 00:41:40,728 trace.runner.sweep_runner INFO: intensity=0.30 seed=2 ep=6 success=True steps=70
2026-03-05 00:41:46,409 trace.runner.sweep_runner INFO: intensity=0.30 seed=2 ep=7 success=True steps=80
2026-03-05 00:41:52,402 trace.runner.sweep_runner INFO: intensity=0.30 seed=2 ep=8 success=True steps=86
2026-03-05 00:41:57,294 trace.runner.sweep_runner INFO: intensity=0.30 seed=2 ep=9 success=True steps=69
2026-03-05 00:42:04,309 trace.runner.sweep_runner INFO: intensity=0.30 seed=3 ep=0 success=True steps=106
2026-03-05 00:42:11,385 trace.runner.sweep_runner INFO: intensity=0.30 seed=3 ep=1 success=True steps=110
2026-03-05 00:42:17,321 trace.runner.sweep_runner INFO: intensity=0.30 seed=3 ep=2 success=True steps=85
2026-03-05 00:42:22,459 trace.runner.sweep_runner INFO: intensity=0.30 seed=3 ep=3 success=True steps=71
2026-03-05 00:42:27,710 trace.runner.sweep_runner INFO: intensity=0.30 seed=3 ep=4 success=True steps=75
2026-03-05 00:42:34,537 trace.runner.sweep_runner INFO: intensity=0.30 seed=3 ep=5 success=True steps=105
2026-03-05 00:42:39,890 trace.runner.sweep_runner INFO: intensity=0.30 seed=3 ep=6 success=True steps=74
2026-03-05 00:42:45,730 trace.runner.sweep_runner INFO: intensity=0.30 seed=3 ep=7 success=True steps=81
2026-03-05 00:42:51,529 trace.runner.sweep_runner INFO: intensity=0.30 seed=3 ep=8 success=True steps=82
2026-03-05 00:42:56,818 trace.runner.sweep_runner INFO: intensity=0.30 seed=3 ep=9 success=True steps=73
2026-03-05 00:43:02,217 trace.runner.sweep_runner INFO: intensity=0.30 seed=4 ep=0 success=True steps=77
2026-03-05 00:43:07,695 trace.runner.sweep_runner INFO: intensity=0.30 seed=4 ep=1 success=True steps=78
2026-03-05 00:43:12,893 trace.runner.sweep_runner INFO: intensity=0.30 seed=4 ep=2 success=True steps=75
2026-03-05 00:43:18,381 trace.runner.sweep_runner INFO: intensity=0.30 seed=4 ep=3 success=True steps=78
2026-03-05 00:43:23,811 trace.runner.sweep_runner INFO: intensity=0.30 seed=4 ep=4 success=True steps=76
2026-03-05 00:43:29,302 trace.runner.sweep_runner INFO: intensity=0.30 seed=4 ep=5 success=True steps=80
2026-03-05 00:43:34,394 trace.runner.sweep_runner INFO: intensity=0.30 seed=4 ep=6 success=True steps=68
2026-03-05 00:43:40,214 trace.runner.sweep_runner INFO: intensity=0.30 seed=4 ep=7 success=True steps=82
2026-03-05 00:43:45,873 trace.runner.sweep_runner INFO: intensity=0.30 seed=4 ep=8 success=True steps=80
2026-03-05 00:43:51,140 trace.runner.sweep_runner INFO: intensity=0.30 seed=4 ep=9 success=True steps=73
2026-03-05 00:43:56,409 trace.runner.sweep_runner INFO: intensity=0.50 seed=0 ep=0 success=True steps=74
2026-03-05 00:44:01,646 trace.runner.sweep_runner INFO: intensity=0.50 seed=0 ep=1 success=True steps=75
2026-03-05 00:44:07,529 trace.runner.sweep_runner INFO: intensity=0.50 seed=0 ep=2 success=True steps=83
2026-03-05 00:44:12,699 trace.runner.sweep_runner INFO: intensity=0.50 seed=0 ep=3 success=True steps=72
2026-03-05 00:44:17,987 trace.runner.sweep_runner INFO: intensity=0.50 seed=0 ep=4 success=True steps=75
2026-03-05 00:44:23,510 trace.runner.sweep_runner INFO: intensity=0.50 seed=0 ep=5 success=True steps=78
2026-03-05 00:44:28,692 trace.runner.sweep_runner INFO: intensity=0.50 seed=0 ep=6 success=True steps=73
2026-03-05 00:44:34,521 trace.runner.sweep_runner INFO: intensity=0.50 seed=0 ep=7 success=True steps=81
2026-03-05 00:44:41,353 trace.runner.sweep_runner INFO: intensity=0.50 seed=0 ep=8 success=True steps=102
2026-03-05 00:44:48,169 trace.runner.sweep_runner INFO: intensity=0.50 seed=0 ep=9 success=True steps=104
2026-03-05 00:44:53,539 trace.runner.sweep_runner INFO: intensity=0.50 seed=1 ep=0 success=True steps=77
2026-03-05 00:45:01,936 trace.runner.sweep_runner INFO: intensity=0.50 seed=1 ep=1 success=True steps=132
2026-03-05 00:45:07,047 trace.runner.sweep_runner INFO: intensity=0.50 seed=1 ep=2 success=True steps=75
2026-03-05 00:45:12,585 trace.runner.sweep_runner INFO: intensity=0.50 seed=1 ep=3 success=True steps=78
2026-03-05 00:45:17,917 trace.runner.sweep_runner INFO: intensity=0.50 seed=1 ep=4 success=True steps=75
2026-03-05 00:45:23,098 trace.runner.sweep_runner INFO: intensity=0.50 seed=1 ep=5 success=True steps=74
2026-03-05 00:45:28,534 trace.runner.sweep_runner INFO: intensity=0.50 seed=1 ep=6 success=True steps=76
2026-03-05 00:45:34,059 trace.runner.sweep_runner INFO: intensity=0.50 seed=1 ep=7 success=True steps=78
2026-03-05 00:45:39,685 trace.runner.sweep_runner INFO: intensity=0.50 seed=1 ep=8 success=True steps=80
2026-03-05 00:45:44,789 trace.runner.sweep_runner INFO: intensity=0.50 seed=1 ep=9 success=True steps=71
2026-03-05 00:45:50,250 trace.runner.sweep_runner INFO: intensity=0.50 seed=2 ep=0 success=True steps=78
2026-03-05 00:45:57,517 trace.runner.sweep_runner INFO: intensity=0.50 seed=2 ep=1 success=True steps=112
2026-03-05 00:46:02,990 trace.runner.sweep_runner INFO: intensity=0.50 seed=2 ep=2 success=True steps=79
2026-03-05 00:46:08,529 trace.runner.sweep_runner INFO: intensity=0.50 seed=2 ep=3 success=True steps=78
2026-03-05 00:46:13,691 trace.runner.sweep_runner INFO: intensity=0.50 seed=2 ep=4 success=True steps=72
2026-03-05 00:46:18,970 trace.runner.sweep_runner INFO: intensity=0.50 seed=2 ep=5 success=True steps=75
2026-03-05 00:46:24,134 trace.runner.sweep_runner INFO: intensity=0.50 seed=2 ep=6 success=True steps=71
2026-03-05 00:46:29,954 trace.runner.sweep_runner INFO: intensity=0.50 seed=2 ep=7 success=True steps=82
2026-03-05 00:46:35,492 trace.runner.sweep_runner INFO: intensity=0.50 seed=2 ep=8 success=True steps=80
2026-03-05 00:46:40,812 trace.runner.sweep_runner INFO: intensity=0.50 seed=2 ep=9 success=True steps=75
2026-03-05 00:46:49,710 trace.runner.sweep_runner INFO: intensity=0.50 seed=3 ep=0 success=True steps=141
2026-03-05 00:46:57,056 trace.runner.sweep_runner INFO: intensity=0.50 seed=3 ep=1 success=True steps=112
2026-03-05 00:47:03,047 trace.runner.sweep_runner INFO: intensity=0.50 seed=3 ep=2 success=True steps=86
2026-03-05 00:47:08,848 trace.runner.sweep_runner INFO: intensity=0.50 seed=3 ep=3 success=True steps=82
2026-03-05 00:47:14,152 trace.runner.sweep_runner INFO: intensity=0.50 seed=3 ep=4 success=True steps=75
2026-03-05 00:47:21,266 trace.runner.sweep_runner INFO: intensity=0.50 seed=3 ep=5 success=True steps=110
2026-03-05 00:47:26,752 trace.runner.sweep_runner INFO: intensity=0.50 seed=3 ep=6 success=True steps=75
2026-03-05 00:47:32,703 trace.runner.sweep_runner INFO: intensity=0.50 seed=3 ep=7 success=True steps=84
2026-03-05 00:47:38,277 trace.runner.sweep_runner INFO: intensity=0.50 seed=3 ep=8 success=True steps=80
2026-03-05 00:47:43,457 trace.runner.sweep_runner INFO: intensity=0.50 seed=3 ep=9 success=True steps=72
2026-03-05 00:47:48,689 trace.runner.sweep_runner INFO: intensity=0.50 seed=4 ep=0 success=True steps=75
2026-03-05 00:47:54,091 trace.runner.sweep_runner INFO: intensity=0.50 seed=4 ep=1 success=True steps=77
2026-03-05 00:48:01,428 trace.runner.sweep_runner INFO: intensity=0.50 seed=4 ep=2 success=True steps=111
2026-03-05 00:48:06,918 trace.runner.sweep_runner INFO: intensity=0.50 seed=4 ep=3 success=True steps=78
2026-03-05 00:48:12,218 trace.runner.sweep_runner INFO: intensity=0.50 seed=4 ep=4 success=True steps=75
2026-03-05 00:48:17,967 trace.runner.sweep_runner INFO: intensity=0.50 seed=4 ep=5 success=True steps=83
2026-03-05 00:48:23,250 trace.runner.sweep_runner INFO: intensity=0.50 seed=4 ep=6 success=True steps=71
2026-03-05 00:48:28,587 trace.runner.sweep_runner INFO: intensity=0.50 seed=4 ep=7 success=True steps=75
2026-03-05 00:48:34,094 trace.runner.sweep_runner INFO: intensity=0.50 seed=4 ep=8 success=True steps=80
2026-03-05 00:48:39,351 trace.runner.sweep_runner INFO: intensity=0.50 seed=4 ep=9 success=True steps=74
2026-03-05 00:48:44,375 trace.runner.sweep_runner INFO: intensity=0.70 seed=0 ep=0 success=True steps=70
2026-03-05 00:48:56,129 trace.runner.sweep_runner INFO: intensity=0.70 seed=0 ep=1 success=True steps=195
2026-03-05 00:49:01,940 trace.runner.sweep_runner INFO: intensity=0.70 seed=0 ep=2 success=True steps=83
2026-03-05 00:49:07,195 trace.runner.sweep_runner INFO: intensity=0.70 seed=0 ep=3 success=True steps=74
2026-03-05 00:49:19,225 trace.runner.sweep_runner INFO: intensity=0.70 seed=0 ep=4 success=True steps=195
2026-03-05 00:49:24,431 trace.runner.sweep_runner INFO: intensity=0.70 seed=0 ep=5 success=True steps=74
2026-03-05 00:49:29,381 trace.runner.sweep_runner INFO: intensity=0.70 seed=0 ep=6 success=True steps=66
2026-03-05 00:49:34,862 trace.runner.sweep_runner INFO: intensity=0.70 seed=0 ep=7 success=True steps=77
2026-03-05 00:49:40,414 trace.runner.sweep_runner INFO: intensity=0.70 seed=0 ep=8 success=True steps=79
2026-03-05 00:49:49,282 trace.runner.sweep_runner INFO: intensity=0.70 seed=0 ep=9 success=True steps=137
2026-03-05 00:49:54,733 trace.runner.sweep_runner INFO: intensity=0.70 seed=1 ep=0 success=True steps=78
2026-03-05 00:50:01,607 trace.runner.sweep_runner INFO: intensity=0.70 seed=1 ep=1 success=True steps=104
2026-03-05 00:50:06,870 trace.runner.sweep_runner INFO: intensity=0.70 seed=1 ep=2 success=True steps=74
2026-03-05 00:50:12,405 trace.runner.sweep_runner INFO: intensity=0.70 seed=1 ep=3 success=True steps=78
2026-03-05 00:50:17,899 trace.runner.sweep_runner INFO: intensity=0.70 seed=1 ep=4 success=True steps=76
2026-03-05 00:50:24,632 trace.runner.sweep_runner INFO: intensity=0.70 seed=1 ep=5 success=True steps=96
2026-03-05 00:50:29,953 trace.runner.sweep_runner INFO: intensity=0.70 seed=1 ep=6 success=True steps=75
2026-03-05 00:50:35,619 trace.runner.sweep_runner INFO: intensity=0.70 seed=1 ep=7 success=True steps=80
2026-03-05 00:50:41,083 trace.runner.sweep_runner INFO: intensity=0.70 seed=1 ep=8 success=True steps=78
2026-03-05 00:50:46,378 trace.runner.sweep_runner INFO: intensity=0.70 seed=1 ep=9 success=True steps=74
2026-03-05 00:50:51,947 trace.runner.sweep_runner INFO: intensity=0.70 seed=2 ep=0 success=True steps=80
2026-03-05 00:50:59,250 trace.runner.sweep_runner INFO: intensity=0.70 seed=2 ep=1 success=True steps=111
2026-03-05 00:51:04,893 trace.runner.sweep_runner INFO: intensity=0.70 seed=2 ep=2 success=True steps=78
2026-03-05 00:51:10,321 trace.runner.sweep_runner INFO: intensity=0.70 seed=2 ep=3 success=True steps=76
2026-03-05 00:51:15,411 trace.runner.sweep_runner INFO: intensity=0.70 seed=2 ep=4 success=True steps=70
2026-03-05 00:51:20,937 trace.runner.sweep_runner INFO: intensity=0.70 seed=2 ep=5 success=True steps=76
2026-03-05 00:51:26,201 trace.runner.sweep_runner INFO: intensity=0.70 seed=2 ep=6 success=True steps=72
2026-03-05 00:51:35,924 trace.runner.sweep_runner INFO: intensity=0.70 seed=2 ep=7 success=True steps=151
2026-03-05 00:51:41,810 trace.runner.sweep_runner INFO: intensity=0.70 seed=2 ep=8 success=True steps=85
2026-03-05 00:51:47,104 trace.runner.sweep_runner INFO: intensity=0.70 seed=2 ep=9 success=True steps=74
2026-03-05 00:51:54,540 trace.runner.sweep_runner INFO: intensity=0.70 seed=3 ep=0 success=True steps=114
2026-03-05 00:52:01,379 trace.runner.sweep_runner INFO: intensity=0.70 seed=3 ep=1 success=True steps=102
2026-03-05 00:52:07,419 trace.runner.sweep_runner INFO: intensity=0.70 seed=3 ep=2 success=True steps=86
2026-03-05 00:52:12,914 trace.runner.sweep_runner INFO: intensity=0.70 seed=3 ep=3 success=True steps=78
2026-03-05 00:52:18,309 trace.runner.sweep_runner INFO: intensity=0.70 seed=3 ep=4 success=True steps=75
2026-03-05 00:52:25,079 trace.runner.sweep_runner INFO: intensity=0.70 seed=3 ep=5 success=True steps=103
2026-03-05 00:52:30,451 trace.runner.sweep_runner INFO: intensity=0.70 seed=3 ep=6 success=True steps=71
2026-03-05 00:52:36,333 trace.runner.sweep_runner INFO: intensity=0.70 seed=3 ep=7 success=True steps=83
2026-03-05 00:52:43,549 trace.runner.sweep_runner INFO: intensity=0.70 seed=3 ep=8 success=True steps=109
2026-03-05 00:52:48,910 trace.runner.sweep_runner INFO: intensity=0.70 seed=3 ep=9 success=True steps=75
2026-03-05 00:52:54,353 trace.runner.sweep_runner INFO: intensity=0.70 seed=4 ep=0 success=True steps=77
2026-03-05 00:52:59,745 trace.runner.sweep_runner INFO: intensity=0.70 seed=4 ep=1 success=True steps=78
2026-03-05 00:53:05,893 trace.runner.sweep_runner INFO: intensity=0.70 seed=4 ep=2 success=True steps=88
2026-03-05 00:53:11,514 trace.runner.sweep_runner INFO: intensity=0.70 seed=4 ep=3 success=True steps=80
2026-03-05 00:53:16,796 trace.runner.sweep_runner INFO: intensity=0.70 seed=4 ep=4 success=True steps=75
2026-03-05 00:53:23,814 trace.runner.sweep_runner INFO: intensity=0.70 seed=4 ep=5 success=True steps=107
2026-03-05 00:53:29,107 trace.runner.sweep_runner INFO: intensity=0.70 seed=4 ep=6 success=True steps=73
2026-03-05 00:53:34,622 trace.runner.sweep_runner INFO: intensity=0.70 seed=4 ep=7 success=True steps=76
2026-03-05 00:53:40,040 trace.runner.sweep_runner INFO: intensity=0.70 seed=4 ep=8 success=True steps=78
2026-03-05 00:53:45,330 trace.runner.sweep_runner INFO: intensity=0.70 seed=4 ep=9 success=True steps=72
2026-03-05 00:53:50,569 trace.runner.sweep_runner INFO: intensity=1.00 seed=0 ep=0 success=True steps=74
2026-03-05 00:54:03,760 trace.runner.sweep_runner INFO: intensity=1.00 seed=0 ep=1 success=False steps=220
2026-03-05 00:54:09,442 trace.runner.sweep_runner INFO: intensity=1.00 seed=0 ep=2 success=True steps=84
2026-03-05 00:54:14,809 trace.runner.sweep_runner INFO: intensity=1.00 seed=0 ep=3 success=True steps=73
2026-03-05 00:54:21,554 trace.runner.sweep_runner INFO: intensity=1.00 seed=0 ep=4 success=True steps=101
2026-03-05 00:54:27,133 trace.runner.sweep_runner INFO: intensity=1.00 seed=0 ep=5 success=True steps=78
2026-03-05 00:54:32,474 trace.runner.sweep_runner INFO: intensity=1.00 seed=0 ep=6 success=True steps=71
2026-03-05 00:54:38,021 trace.runner.sweep_runner INFO: intensity=1.00 seed=0 ep=7 success=True steps=77
2026-03-05 00:54:43,574 trace.runner.sweep_runner INFO: intensity=1.00 seed=0 ep=8 success=True steps=80
2026-03-05 00:54:57,397 trace.runner.sweep_runner INFO: intensity=1.00 seed=0 ep=9 success=False steps=220
2026-03-05 00:55:04,055 trace.runner.sweep_runner INFO: intensity=1.00 seed=1 ep=0 success=True steps=100
2026-03-05 00:55:18,831 trace.runner.sweep_runner INFO: intensity=1.00 seed=1 ep=1 success=False steps=220
2026-03-05 00:55:27,709 trace.runner.sweep_runner INFO: intensity=1.00 seed=1 ep=2 success=True steps=139
2026-03-05 00:55:33,319 trace.runner.sweep_runner INFO: intensity=1.00 seed=1 ep=3 success=True steps=78
2026-03-05 00:55:38,584 trace.runner.sweep_runner INFO: intensity=1.00 seed=1 ep=4 success=True steps=74
2026-03-05 00:55:44,120 trace.runner.sweep_runner INFO: intensity=1.00 seed=1 ep=5 success=True steps=78
2026-03-05 00:55:49,458 trace.runner.sweep_runner INFO: intensity=1.00 seed=1 ep=6 success=True steps=75
2026-03-05 00:55:55,210 trace.runner.sweep_runner INFO: intensity=1.00 seed=1 ep=7 success=True steps=82
2026-03-05 00:56:00,717 trace.runner.sweep_runner INFO: intensity=1.00 seed=1 ep=8 success=True steps=76
2026-03-05 00:56:11,256 trace.runner.sweep_runner INFO: intensity=1.00 seed=1 ep=9 success=True steps=170
2026-03-05 00:56:16,752 trace.runner.sweep_runner INFO: intensity=1.00 seed=2 ep=0 success=True steps=79
2026-03-05 00:56:25,643 trace.runner.sweep_runner INFO: intensity=1.00 seed=2 ep=1 success=True steps=142
2026-03-05 00:56:31,159 trace.runner.sweep_runner INFO: intensity=1.00 seed=2 ep=2 success=True steps=77
2026-03-05 00:56:36,691 trace.runner.sweep_runner INFO: intensity=1.00 seed=2 ep=3 success=True steps=76
2026-03-05 00:56:41,897 trace.runner.sweep_runner INFO: intensity=1.00 seed=2 ep=4 success=True steps=73
2026-03-05 00:56:47,292 trace.runner.sweep_runner INFO: intensity=1.00 seed=2 ep=5 success=True steps=76
2026-03-05 00:56:52,392 trace.runner.sweep_runner INFO: intensity=1.00 seed=2 ep=6 success=True steps=71
2026-03-05 00:56:58,225 trace.runner.sweep_runner INFO: intensity=1.00 seed=2 ep=7 success=True steps=84
2026-03-05 00:57:03,932 trace.runner.sweep_runner INFO: intensity=1.00 seed=2 ep=8 success=True steps=81
2026-03-05 00:57:09,237 trace.runner.sweep_runner INFO: intensity=1.00 seed=2 ep=9 success=True steps=75
2026-03-05 00:57:16,343 trace.runner.sweep_runner INFO: intensity=1.00 seed=3 ep=0 success=True steps=109
2026-03-05 00:57:23,276 trace.runner.sweep_runner INFO: intensity=1.00 seed=3 ep=1 success=True steps=104
2026-03-05 00:57:29,357 trace.runner.sweep_runner INFO: intensity=1.00 seed=3 ep=2 success=True steps=88
2026-03-05 00:57:34,938 trace.runner.sweep_runner INFO: intensity=1.00 seed=3 ep=3 success=True steps=78
2026-03-05 00:57:40,260 trace.runner.sweep_runner INFO: intensity=1.00 seed=3 ep=4 success=True steps=75
2026-03-05 00:57:55,243 trace.runner.sweep_runner INFO: intensity=1.00 seed=3 ep=5 success=False steps=220
2026-03-05 00:58:00,310 trace.runner.sweep_runner INFO: intensity=1.00 seed=3 ep=6 success=True steps=68
2026-03-05 00:58:14,254 trace.runner.sweep_runner INFO: intensity=1.00 seed=3 ep=7 success=False steps=220
2026-03-05 00:58:19,646 trace.runner.sweep_runner INFO: intensity=1.00 seed=3 ep=8 success=True steps=75
2026-03-05 00:58:24,920 trace.runner.sweep_runner INFO: intensity=1.00 seed=3 ep=9 success=True steps=72
2026-03-05 00:58:30,481 trace.runner.sweep_runner INFO: intensity=1.00 seed=4 ep=0 success=True steps=76
2026-03-05 00:58:37,522 trace.runner.sweep_runner INFO: intensity=1.00 seed=4 ep=1 success=True steps=108
2026-03-05 00:58:44,729 trace.runner.sweep_runner INFO: intensity=1.00 seed=4 ep=2 success=True steps=108
2026-03-05 00:58:50,193 trace.runner.sweep_runner INFO: intensity=1.00 seed=4 ep=3 success=True steps=77
2026-03-05 00:58:55,588 trace.runner.sweep_runner INFO: intensity=1.00 seed=4 ep=4 success=True steps=76
2026-03-05 00:59:00,931 trace.runner.sweep_runner INFO: intensity=1.00 seed=4 ep=5 success=True steps=76
2026-03-05 00:59:06,293 trace.runner.sweep_runner INFO: intensity=1.00 seed=4 ep=6 success=True steps=72
2026-03-05 00:59:19,782 trace.runner.sweep_runner INFO: intensity=1.00 seed=4 ep=7 success=False steps=220
2026-03-05 00:59:25,400 trace.runner.sweep_runner INFO: intensity=1.00 seed=4 ep=8 success=True steps=80
2026-03-05 00:59:39,038 trace.runner.sweep_runner INFO: intensity=1.00 seed=4 ep=9 success=False steps=220
2026-03-05 00:59:39,040 __main__ INFO:   baseline=100%, max_degradation=14%, breakpoint=none
2026-03-05 00:59:39,043 __main__ INFO:   Report updated: output/reports/report_Pi0PolicyAdapter_libero_20260304_223648.md (3/9 stressors)
2026-03-05 00:59:39,043 __main__ INFO: Running sweep 4/9: EmbodimentStressor
2026-03-05 00:59:44,419 trace.runner.sweep_runner INFO: intensity=0.00 seed=0 ep=0 success=True steps=73
2026-03-05 00:59:51,171 trace.runner.sweep_runner INFO: intensity=0.00 seed=0 ep=1 success=True steps=102
2026-03-05 00:59:56,833 trace.runner.sweep_runner INFO: intensity=0.00 seed=0 ep=2 success=True steps=83
2026-03-05 01:00:02,311 trace.runner.sweep_runner INFO: intensity=0.00 seed=0 ep=3 success=True steps=77
2026-03-05 01:00:07,708 trace.runner.sweep_runner INFO: intensity=0.00 seed=0 ep=4 success=True steps=76
2026-03-05 01:00:13,305 trace.runner.sweep_runner INFO: intensity=0.00 seed=0 ep=5 success=True steps=79
2026-03-05 01:00:18,584 trace.runner.sweep_runner INFO: intensity=0.00 seed=0 ep=6 success=True steps=73
2026-03-05 01:00:24,238 trace.runner.sweep_runner INFO: intensity=0.00 seed=0 ep=7 success=True steps=79
2026-03-05 01:00:29,806 trace.runner.sweep_runner INFO: intensity=0.00 seed=0 ep=8 success=True steps=80
2026-03-05 01:00:36,936 trace.runner.sweep_runner INFO: intensity=0.00 seed=0 ep=9 success=True steps=107
2026-03-05 01:00:42,388 trace.runner.sweep_runner INFO: intensity=0.00 seed=1 ep=0 success=True steps=77
2026-03-05 01:00:49,317 trace.runner.sweep_runner INFO: intensity=0.00 seed=1 ep=1 success=True steps=105
2026-03-05 01:00:54,408 trace.runner.sweep_runner INFO: intensity=0.00 seed=1 ep=2 success=True steps=73
2026-03-05 01:00:59,905 trace.runner.sweep_runner INFO: intensity=0.00 seed=1 ep=3 success=True steps=78
2026-03-05 01:01:05,343 trace.runner.sweep_runner INFO: intensity=0.00 seed=1 ep=4 success=True steps=76
2026-03-05 01:01:11,163 trace.runner.sweep_runner INFO: intensity=0.00 seed=1 ep=5 success=True steps=82
2026-03-05 01:01:16,662 trace.runner.sweep_runner INFO: intensity=0.00 seed=1 ep=6 success=True steps=76
2026-03-05 01:01:22,185 trace.runner.sweep_runner INFO: intensity=0.00 seed=1 ep=7 success=True steps=77
2026-03-05 01:01:27,746 trace.runner.sweep_runner INFO: intensity=0.00 seed=1 ep=8 success=True steps=79
2026-03-05 01:01:33,535 trace.runner.sweep_runner INFO: intensity=0.00 seed=1 ep=9 success=True steps=81
2026-03-05 01:01:39,374 trace.runner.sweep_runner INFO: intensity=0.00 seed=2 ep=0 success=True steps=81
2026-03-05 01:01:48,299 trace.runner.sweep_runner INFO: intensity=0.00 seed=2 ep=1 success=True steps=142
2026-03-05 01:01:53,367 trace.runner.sweep_runner INFO: intensity=0.00 seed=2 ep=2 success=True steps=74
2026-03-05 01:01:58,837 trace.runner.sweep_runner INFO: intensity=0.00 seed=2 ep=3 success=True steps=76
2026-03-05 01:02:04,133 trace.runner.sweep_runner INFO: intensity=0.00 seed=2 ep=4 success=True steps=75
2026-03-05 01:02:09,613 trace.runner.sweep_runner INFO: intensity=0.00 seed=2 ep=5 success=True steps=76
2026-03-05 01:02:14,761 trace.runner.sweep_runner INFO: intensity=0.00 seed=2 ep=6 success=True steps=72
2026-03-05 01:02:20,699 trace.runner.sweep_runner INFO: intensity=0.00 seed=2 ep=7 success=True steps=84
2026-03-05 01:02:26,426 trace.runner.sweep_runner INFO: intensity=0.00 seed=2 ep=8 success=True steps=80
2026-03-05 01:02:31,921 trace.runner.sweep_runner INFO: intensity=0.00 seed=2 ep=9 success=True steps=76
2026-03-05 01:02:40,487 trace.runner.sweep_runner INFO: intensity=0.00 seed=3 ep=0 success=True steps=134
2026-03-05 01:02:49,262 trace.runner.sweep_runner INFO: intensity=0.00 seed=3 ep=1 success=True steps=139
2026-03-05 01:02:55,199 trace.runner.sweep_runner INFO: intensity=0.00 seed=3 ep=2 success=True steps=87
2026-03-05 01:03:00,930 trace.runner.sweep_runner INFO: intensity=0.00 seed=3 ep=3 success=True steps=81
2026-03-05 01:03:06,232 trace.runner.sweep_runner INFO: intensity=0.00 seed=3 ep=4 success=True steps=72
2026-03-05 01:03:13,044 trace.runner.sweep_runner INFO: intensity=0.00 seed=3 ep=5 success=True steps=104
2026-03-05 01:03:18,369 trace.runner.sweep_runner INFO: intensity=0.00 seed=3 ep=6 success=True steps=73
2026-03-05 01:03:24,376 trace.runner.sweep_runner INFO: intensity=0.00 seed=3 ep=7 success=True steps=85
2026-03-05 01:03:30,302 trace.runner.sweep_runner INFO: intensity=0.00 seed=3 ep=8 success=True steps=81
2026-03-05 01:03:35,588 trace.runner.sweep_runner INFO: intensity=0.00 seed=3 ep=9 success=True steps=71
2026-03-05 01:03:41,242 trace.runner.sweep_runner INFO: intensity=0.00 seed=4 ep=0 success=True steps=78
2026-03-05 01:03:46,522 trace.runner.sweep_runner INFO: intensity=0.00 seed=4 ep=1 success=True steps=75
2026-03-05 01:03:51,843 trace.runner.sweep_runner INFO: intensity=0.00 seed=4 ep=2 success=True steps=77
2026-03-05 01:03:57,446 trace.runner.sweep_runner INFO: intensity=0.00 seed=4 ep=3 success=True steps=80
2026-03-05 01:04:02,992 trace.runner.sweep_runner INFO: intensity=0.00 seed=4 ep=4 success=True steps=77
2026-03-05 01:04:08,426 trace.runner.sweep_runner INFO: intensity=0.00 seed=4 ep=5 success=True steps=76
2026-03-05 01:04:13,544 trace.runner.sweep_runner INFO: intensity=0.00 seed=4 ep=6 success=True steps=70
2026-03-05 01:04:19,257 trace.runner.sweep_runner INFO: intensity=0.00 seed=4 ep=7 success=True steps=79
2026-03-05 01:04:25,030 trace.runner.sweep_runner INFO: intensity=0.00 seed=4 ep=8 success=True steps=82
2026-03-05 01:04:30,417 trace.runner.sweep_runner INFO: intensity=0.00 seed=4 ep=9 success=True steps=73
2026-03-05 01:04:35,699 trace.runner.sweep_runner INFO: intensity=0.10 seed=0 ep=0 success=True steps=73
2026-03-05 01:04:42,564 trace.runner.sweep_runner INFO: intensity=0.10 seed=0 ep=1 success=True steps=105
2026-03-05 01:04:48,603 trace.runner.sweep_runner INFO: intensity=0.10 seed=0 ep=2 success=True steps=83
2026-03-05 01:04:54,172 trace.runner.sweep_runner INFO: intensity=0.10 seed=0 ep=3 success=True steps=81
2026-03-05 01:04:59,408 trace.runner.sweep_runner INFO: intensity=0.10 seed=0 ep=4 success=True steps=75
2026-03-05 01:05:04,777 trace.runner.sweep_runner INFO: intensity=0.10 seed=0 ep=5 success=True steps=75
2026-03-05 01:05:09,970 trace.runner.sweep_runner INFO: intensity=0.10 seed=0 ep=6 success=True steps=73
2026-03-05 01:05:15,718 trace.runner.sweep_runner INFO: intensity=0.10 seed=0 ep=7 success=True steps=80
2026-03-05 01:05:21,568 trace.runner.sweep_runner INFO: intensity=0.10 seed=0 ep=8 success=True steps=81
2026-03-05 01:05:28,020 trace.runner.sweep_runner INFO: intensity=0.10 seed=0 ep=9 success=True steps=99
2026-03-05 01:05:33,960 trace.runner.sweep_runner INFO: intensity=0.10 seed=1 ep=0 success=True steps=84
2026-03-05 01:05:40,918 trace.runner.sweep_runner INFO: intensity=0.10 seed=1 ep=1 success=True steps=108
2026-03-05 01:05:46,397 trace.runner.sweep_runner INFO: intensity=0.10 seed=1 ep=2 success=True steps=76
2026-03-05 01:05:51,683 trace.runner.sweep_runner INFO: intensity=0.10 seed=1 ep=3 success=True steps=74
2026-03-05 01:05:57,261 trace.runner.sweep_runner INFO: intensity=0.10 seed=1 ep=4 success=True steps=78
2026-03-05 01:06:02,858 trace.runner.sweep_runner INFO: intensity=0.10 seed=1 ep=5 success=True steps=80
2026-03-05 01:06:08,203 trace.runner.sweep_runner INFO: intensity=0.10 seed=1 ep=6 success=True steps=74
2026-03-05 01:06:14,121 trace.runner.sweep_runner INFO: intensity=0.10 seed=1 ep=7 success=True steps=85
2026-03-05 01:06:19,620 trace.runner.sweep_runner INFO: intensity=0.10 seed=1 ep=8 success=True steps=77
2026-03-05 01:06:25,111 trace.runner.sweep_runner INFO: intensity=0.10 seed=1 ep=9 success=True steps=76
2026-03-05 01:06:30,465 trace.runner.sweep_runner INFO: intensity=0.10 seed=2 ep=0 success=True steps=75
2026-03-05 01:06:39,152 trace.runner.sweep_runner INFO: intensity=0.10 seed=2 ep=1 success=True steps=137
2026-03-05 01:06:44,499 trace.runner.sweep_runner INFO: intensity=0.10 seed=2 ep=2 success=True steps=77
2026-03-05 01:06:50,286 trace.runner.sweep_runner INFO: intensity=0.10 seed=2 ep=3 success=True steps=82
2026-03-05 01:06:55,307 trace.runner.sweep_runner INFO: intensity=0.10 seed=2 ep=4 success=True steps=69
2026-03-05 01:07:00,595 trace.runner.sweep_runner INFO: intensity=0.10 seed=2 ep=5 success=True steps=74
2026-03-05 01:07:05,859 trace.runner.sweep_runner INFO: intensity=0.10 seed=2 ep=6 success=True steps=73
2026-03-05 01:07:12,081 trace.runner.sweep_runner INFO: intensity=0.10 seed=2 ep=7 success=True steps=87
2026-03-05 01:07:17,916 trace.runner.sweep_runner INFO: intensity=0.10 seed=2 ep=8 success=True steps=83
2026-03-05 01:07:23,387 trace.runner.sweep_runner INFO: intensity=0.10 seed=2 ep=9 success=True steps=76
2026-03-05 01:07:30,514 trace.runner.sweep_runner INFO: intensity=0.10 seed=3 ep=0 success=True steps=108
2026-03-05 01:07:37,417 trace.runner.sweep_runner INFO: intensity=0.10 seed=3 ep=1 success=True steps=103
2026-03-05 01:07:42,979 trace.runner.sweep_runner INFO: intensity=0.10 seed=3 ep=2 success=True steps=83
2026-03-05 01:07:48,165 trace.runner.sweep_runner INFO: intensity=0.10 seed=3 ep=3 success=True steps=71
2026-03-05 01:07:53,438 trace.runner.sweep_runner INFO: intensity=0.10 seed=3 ep=4 success=True steps=74
2026-03-05 01:08:00,392 trace.runner.sweep_runner INFO: intensity=0.10 seed=3 ep=5 success=True steps=106
2026-03-05 01:08:05,643 trace.runner.sweep_runner INFO: intensity=0.10 seed=3 ep=6 success=True steps=74
2026-03-05 01:08:11,434 trace.runner.sweep_runner INFO: intensity=0.10 seed=3 ep=7 success=True steps=84
2026-03-05 01:08:16,973 trace.runner.sweep_runner INFO: intensity=0.10 seed=3 ep=8 success=True steps=80
2026-03-05 01:08:22,253 trace.runner.sweep_runner INFO: intensity=0.10 seed=3 ep=9 success=True steps=75
2026-03-05 01:08:27,807 trace.runner.sweep_runner INFO: intensity=0.10 seed=4 ep=0 success=True steps=78
2026-03-05 01:08:33,056 trace.runner.sweep_runner INFO: intensity=0.10 seed=4 ep=1 success=True steps=74
2026-03-05 01:08:38,495 trace.runner.sweep_runner INFO: intensity=0.10 seed=4 ep=2 success=True steps=74
2026-03-05 01:08:44,170 trace.runner.sweep_runner INFO: intensity=0.10 seed=4 ep=3 success=True steps=79
2026-03-05 01:08:49,639 trace.runner.sweep_runner INFO: intensity=0.10 seed=4 ep=4 success=True steps=77
2026-03-05 01:08:55,159 trace.runner.sweep_runner INFO: intensity=0.10 seed=4 ep=5 success=True steps=78
2026-03-05 01:09:00,476 trace.runner.sweep_runner INFO: intensity=0.10 seed=4 ep=6 success=True steps=74
2026-03-05 01:09:06,175 trace.runner.sweep_runner INFO: intensity=0.10 seed=4 ep=7 success=True steps=81
2026-03-05 01:09:11,825 trace.runner.sweep_runner INFO: intensity=0.10 seed=4 ep=8 success=True steps=81
2026-03-05 01:09:16,988 trace.runner.sweep_runner INFO: intensity=0.10 seed=4 ep=9 success=True steps=74
2026-03-05 01:09:22,166 trace.runner.sweep_runner INFO: intensity=0.20 seed=0 ep=0 success=True steps=72
2026-03-05 01:09:29,020 trace.runner.sweep_runner INFO: intensity=0.20 seed=0 ep=1 success=True steps=104
2026-03-05 01:09:34,860 trace.runner.sweep_runner INFO: intensity=0.20 seed=0 ep=2 success=True steps=79
2026-03-05 01:09:40,621 trace.runner.sweep_runner INFO: intensity=0.20 seed=0 ep=3 success=True steps=81
2026-03-05 01:09:45,890 trace.runner.sweep_runner INFO: intensity=0.20 seed=0 ep=4 success=True steps=76
2026-03-05 01:09:51,126 trace.runner.sweep_runner INFO: intensity=0.20 seed=0 ep=5 success=True steps=72
2026-03-05 01:09:56,358 trace.runner.sweep_runner INFO: intensity=0.20 seed=0 ep=6 success=True steps=73
2026-03-05 01:10:02,370 trace.runner.sweep_runner INFO: intensity=0.20 seed=0 ep=7 success=True steps=85
2026-03-05 01:10:07,675 trace.runner.sweep_runner INFO: intensity=0.20 seed=0 ep=8 success=True steps=75
2026-03-05 01:10:12,687 trace.runner.sweep_runner INFO: intensity=0.20 seed=0 ep=9 success=True steps=70
2026-03-05 01:10:18,627 trace.runner.sweep_runner INFO: intensity=0.20 seed=1 ep=0 success=True steps=83
2026-03-05 01:10:25,460 trace.runner.sweep_runner INFO: intensity=0.20 seed=1 ep=1 success=True steps=105
2026-03-05 01:10:30,627 trace.runner.sweep_runner INFO: intensity=0.20 seed=1 ep=2 success=True steps=75
2026-03-05 01:10:35,878 trace.runner.sweep_runner INFO: intensity=0.20 seed=1 ep=3 success=True steps=74
2026-03-05 01:10:41,397 trace.runner.sweep_runner INFO: intensity=0.20 seed=1 ep=4 success=True steps=78
2026-03-05 01:10:46,978 trace.runner.sweep_runner INFO: intensity=0.20 seed=1 ep=5 success=True steps=80
2026-03-05 01:10:52,318 trace.runner.sweep_runner INFO: intensity=0.20 seed=1 ep=6 success=True steps=75
2026-03-05 01:10:58,103 trace.runner.sweep_runner INFO: intensity=0.20 seed=1 ep=7 success=True steps=83
2026-03-05 01:11:03,774 trace.runner.sweep_runner INFO: intensity=0.20 seed=1 ep=8 success=True steps=80
2026-03-05 01:11:10,711 trace.runner.sweep_runner INFO: intensity=0.20 seed=1 ep=9 success=True steps=105
2026-03-05 01:11:16,177 trace.runner.sweep_runner INFO: intensity=0.20 seed=2 ep=0 success=True steps=76
2026-03-05 01:11:22,907 trace.runner.sweep_runner INFO: intensity=0.20 seed=2 ep=1 success=True steps=103
2026-03-05 01:11:29,041 trace.runner.sweep_runner INFO: intensity=0.20 seed=2 ep=2 success=True steps=89
2026-03-05 01:11:34,814 trace.runner.sweep_runner INFO: intensity=0.20 seed=2 ep=3 success=True steps=84
2026-03-05 01:11:39,964 trace.runner.sweep_runner INFO: intensity=0.20 seed=2 ep=4 success=True steps=71
2026-03-05 01:11:44,934 trace.runner.sweep_runner INFO: intensity=0.20 seed=2 ep=5 success=True steps=70
2026-03-05 01:11:50,275 trace.runner.sweep_runner INFO: intensity=0.20 seed=2 ep=6 success=True steps=73
2026-03-05 01:11:56,545 trace.runner.sweep_runner INFO: intensity=0.20 seed=2 ep=7 success=True steps=88
2026-03-05 01:12:02,483 trace.runner.sweep_runner INFO: intensity=0.20 seed=2 ep=8 success=True steps=84
2026-03-05 01:12:07,844 trace.runner.sweep_runner INFO: intensity=0.20 seed=2 ep=9 success=True steps=74
2026-03-05 01:12:14,886 trace.runner.sweep_runner INFO: intensity=0.20 seed=3 ep=0 success=True steps=107
2026-03-05 01:12:22,086 trace.runner.sweep_runner INFO: intensity=0.20 seed=3 ep=1 success=True steps=108
2026-03-05 01:12:27,869 trace.runner.sweep_runner INFO: intensity=0.20 seed=3 ep=2 success=True steps=86
2026-03-05 01:12:34,957 trace.runner.sweep_runner INFO: intensity=0.20 seed=3 ep=3 success=True steps=106
2026-03-05 01:12:40,225 trace.runner.sweep_runner INFO: intensity=0.20 seed=3 ep=4 success=True steps=73
2026-03-05 01:12:46,950 trace.runner.sweep_runner INFO: intensity=0.20 seed=3 ep=5 success=True steps=101
2026-03-05 01:12:52,447 trace.runner.sweep_runner INFO: intensity=0.20 seed=3 ep=6 success=True steps=78
2026-03-05 01:12:58,612 trace.runner.sweep_runner INFO: intensity=0.20 seed=3 ep=7 success=True steps=90
2026-03-05 01:13:04,352 trace.runner.sweep_runner INFO: intensity=0.20 seed=3 ep=8 success=True steps=82
2026-03-05 01:13:09,502 trace.runner.sweep_runner INFO: intensity=0.20 seed=3 ep=9 success=True steps=75
2026-03-05 01:13:16,739 trace.runner.sweep_runner INFO: intensity=0.20 seed=4 ep=0 success=True steps=110
2026-03-05 01:13:23,801 trace.runner.sweep_runner INFO: intensity=0.20 seed=4 ep=1 success=True steps=108
2026-03-05 01:13:31,331 trace.runner.sweep_runner INFO: intensity=0.20 seed=4 ep=2 success=True steps=116
2026-03-05 01:13:36,939 trace.runner.sweep_runner INFO: intensity=0.20 seed=4 ep=3 success=True steps=79
2026-03-05 01:13:42,284 trace.runner.sweep_runner INFO: intensity=0.20 seed=4 ep=4 success=True steps=74
2026-03-05 01:13:47,677 trace.runner.sweep_runner INFO: intensity=0.20 seed=4 ep=5 success=True steps=76
2026-03-05 01:13:53,107 trace.runner.sweep_runner INFO: intensity=0.20 seed=4 ep=6 success=True steps=72
2026-03-05 01:14:06,668 trace.runner.sweep_runner INFO: intensity=0.20 seed=4 ep=7 success=False steps=220
2026-03-05 01:14:12,169 trace.runner.sweep_runner INFO: intensity=0.20 seed=4 ep=8 success=True steps=78
2026-03-05 01:14:17,426 trace.runner.sweep_runner INFO: intensity=0.20 seed=4 ep=9 success=True steps=71
2026-03-05 01:14:22,921 trace.runner.sweep_runner INFO: intensity=0.30 seed=0 ep=0 success=True steps=75
2026-03-05 01:14:30,245 trace.runner.sweep_runner INFO: intensity=0.30 seed=0 ep=1 success=True steps=111
2026-03-05 01:14:35,916 trace.runner.sweep_runner INFO: intensity=0.30 seed=0 ep=2 success=True steps=79
2026-03-05 01:14:40,925 trace.runner.sweep_runner INFO: intensity=0.30 seed=0 ep=3 success=True steps=75
2026-03-05 01:14:46,602 trace.runner.sweep_runner INFO: intensity=0.30 seed=0 ep=4 success=True steps=81
2026-03-05 01:14:51,712 trace.runner.sweep_runner INFO: intensity=0.30 seed=0 ep=5 success=True steps=71
2026-03-05 01:14:57,177 trace.runner.sweep_runner INFO: intensity=0.30 seed=0 ep=6 success=True steps=74
2026-03-05 01:15:02,416 trace.runner.sweep_runner INFO: intensity=0.30 seed=0 ep=7 success=True steps=72
2026-03-05 01:15:07,893 trace.runner.sweep_runner INFO: intensity=0.30 seed=0 ep=8 success=True steps=79
2026-03-05 01:15:14,279 trace.runner.sweep_runner INFO: intensity=0.30 seed=0 ep=9 success=True steps=97
2026-03-05 01:15:20,263 trace.runner.sweep_runner INFO: intensity=0.30 seed=1 ep=0 success=True steps=84
2026-03-05 01:15:25,770 trace.runner.sweep_runner INFO: intensity=0.30 seed=1 ep=1 success=True steps=84
2026-03-05 01:15:31,556 trace.runner.sweep_runner INFO: intensity=0.30 seed=1 ep=2 success=True steps=85
2026-03-05 01:15:37,170 trace.runner.sweep_runner INFO: intensity=0.30 seed=1 ep=3 success=True steps=80
2026-03-05 01:15:42,885 trace.runner.sweep_runner INFO: intensity=0.30 seed=1 ep=4 success=True steps=80
2026-03-05 01:15:48,706 trace.runner.sweep_runner INFO: intensity=0.30 seed=1 ep=5 success=True steps=85
2026-03-05 01:15:54,128 trace.runner.sweep_runner INFO: intensity=0.30 seed=1 ep=6 success=True steps=76
2026-03-05 01:15:59,867 trace.runner.sweep_runner INFO: intensity=0.30 seed=1 ep=7 success=True steps=82
2026-03-05 01:16:05,261 trace.runner.sweep_runner INFO: intensity=0.30 seed=1 ep=8 success=True steps=77
2026-03-05 01:16:11,163 trace.runner.sweep_runner INFO: intensity=0.30 seed=1 ep=9 success=True steps=85
2026-03-05 01:16:16,927 trace.runner.sweep_runner INFO: intensity=0.30 seed=2 ep=0 success=True steps=81
2026-03-05 01:16:24,007 trace.runner.sweep_runner INFO: intensity=0.30 seed=2 ep=1 success=True steps=107
2026-03-05 01:16:29,777 trace.runner.sweep_runner INFO: intensity=0.30 seed=2 ep=2 success=True steps=83
2026-03-05 01:16:35,713 trace.runner.sweep_runner INFO: intensity=0.30 seed=2 ep=3 success=True steps=88
2026-03-05 01:16:40,969 trace.runner.sweep_runner INFO: intensity=0.30 seed=2 ep=4 success=True steps=73
2026-03-05 01:16:46,095 trace.runner.sweep_runner INFO: intensity=0.30 seed=2 ep=5 success=True steps=73
2026-03-05 01:16:53,405 trace.runner.sweep_runner INFO: intensity=0.30 seed=2 ep=6 success=True steps=109
2026-03-05 01:16:59,378 trace.runner.sweep_runner INFO: intensity=0.30 seed=2 ep=7 success=True steps=83
2026-03-05 01:17:05,470 trace.runner.sweep_runner INFO: intensity=0.30 seed=2 ep=8 success=True steps=86
2026-03-05 01:17:10,372 trace.runner.sweep_runner INFO: intensity=0.30 seed=2 ep=9 success=True steps=69
2026-03-05 01:17:17,799 trace.runner.sweep_runner INFO: intensity=0.30 seed=3 ep=0 success=True steps=112
2026-03-05 01:17:25,813 trace.runner.sweep_runner INFO: intensity=0.30 seed=3 ep=1 success=True steps=121
2026-03-05 01:17:32,024 trace.runner.sweep_runner INFO: intensity=0.30 seed=3 ep=2 success=True steps=93
2026-03-05 01:17:37,827 trace.runner.sweep_runner INFO: intensity=0.30 seed=3 ep=3 success=True steps=82
2026-03-05 01:17:43,092 trace.runner.sweep_runner INFO: intensity=0.30 seed=3 ep=4 success=True steps=73
2026-03-05 01:17:50,047 trace.runner.sweep_runner INFO: intensity=0.30 seed=3 ep=5 success=True steps=111
2026-03-05 01:17:55,131 trace.runner.sweep_runner INFO: intensity=0.30 seed=3 ep=6 success=True steps=71
2026-03-05 01:18:01,158 trace.runner.sweep_runner INFO: intensity=0.30 seed=3 ep=7 success=True steps=88
2026-03-05 01:18:06,910 trace.runner.sweep_runner INFO: intensity=0.30 seed=3 ep=8 success=True steps=82
2026-03-05 01:18:12,256 trace.runner.sweep_runner INFO: intensity=0.30 seed=3 ep=9 success=True steps=76
2026-03-05 01:18:19,033 trace.runner.sweep_runner INFO: intensity=0.30 seed=4 ep=0 success=True steps=108
2026-03-05 01:18:26,175 trace.runner.sweep_runner INFO: intensity=0.30 seed=4 ep=1 success=True steps=109
2026-03-05 01:18:32,097 trace.runner.sweep_runner INFO: intensity=0.30 seed=4 ep=2 success=True steps=86
2026-03-05 01:18:37,718 trace.runner.sweep_runner INFO: intensity=0.30 seed=4 ep=3 success=True steps=79
2026-03-05 01:18:43,263 trace.runner.sweep_runner INFO: intensity=0.30 seed=4 ep=4 success=True steps=79
2026-03-05 01:18:48,961 trace.runner.sweep_runner INFO: intensity=0.30 seed=4 ep=5 success=True steps=81
2026-03-05 01:18:54,146 trace.runner.sweep_runner INFO: intensity=0.30 seed=4 ep=6 success=True steps=72
2026-03-05 01:19:01,182 trace.runner.sweep_runner INFO: intensity=0.30 seed=4 ep=7 success=True steps=113
2026-03-05 01:19:06,725 trace.runner.sweep_runner INFO: intensity=0.30 seed=4 ep=8 success=True steps=78
2026-03-05 01:19:11,939 trace.runner.sweep_runner INFO: intensity=0.30 seed=4 ep=9 success=True steps=76
2026-03-05 01:19:16,853 trace.runner.sweep_runner INFO: intensity=0.50 seed=0 ep=0 success=True steps=70
2026-03-05 01:19:24,085 trace.runner.sweep_runner INFO: intensity=0.50 seed=0 ep=1 success=True steps=109
2026-03-05 01:19:29,851 trace.runner.sweep_runner INFO: intensity=0.50 seed=0 ep=2 success=True steps=83
2026-03-05 01:19:36,076 trace.runner.sweep_runner INFO: intensity=0.50 seed=0 ep=3 success=True steps=97
2026-03-05 01:19:40,823 trace.runner.sweep_runner INFO: intensity=0.50 seed=0 ep=4 success=True steps=68
2026-03-05 01:19:46,157 trace.runner.sweep_runner INFO: intensity=0.50 seed=0 ep=5 success=True steps=75
2026-03-05 01:19:51,225 trace.runner.sweep_runner INFO: intensity=0.50 seed=0 ep=6 success=True steps=70
2026-03-05 01:19:56,923 trace.runner.sweep_runner INFO: intensity=0.50 seed=0 ep=7 success=True steps=81
2026-03-05 01:20:02,796 trace.runner.sweep_runner INFO: intensity=0.50 seed=0 ep=8 success=True steps=89
2026-03-05 01:20:10,796 trace.runner.sweep_runner INFO: intensity=0.50 seed=0 ep=9 success=True steps=131
2026-03-05 01:20:16,022 trace.runner.sweep_runner INFO: intensity=0.50 seed=1 ep=0 success=True steps=72
2026-03-05 01:20:22,841 trace.runner.sweep_runner INFO: intensity=0.50 seed=1 ep=1 success=True steps=108
2026-03-05 01:20:28,410 trace.runner.sweep_runner INFO: intensity=0.50 seed=1 ep=2 success=True steps=81
2026-03-05 01:20:35,283 trace.runner.sweep_runner INFO: intensity=0.50 seed=1 ep=3 success=True steps=102
2026-03-05 01:20:40,825 trace.runner.sweep_runner INFO: intensity=0.50 seed=1 ep=4 success=True steps=78
2026-03-05 01:20:46,401 trace.runner.sweep_runner INFO: intensity=0.50 seed=1 ep=5 success=True steps=78
2026-03-05 01:20:51,899 trace.runner.sweep_runner INFO: intensity=0.50 seed=1 ep=6 success=True steps=77
2026-03-05 01:20:59,849 trace.runner.sweep_runner INFO: intensity=0.50 seed=1 ep=7 success=True steps=121
2026-03-05 01:21:04,789 trace.runner.sweep_runner INFO: intensity=0.50 seed=1 ep=8 success=True steps=71
2026-03-05 01:21:11,854 trace.runner.sweep_runner INFO: intensity=0.50 seed=1 ep=9 success=True steps=108
2026-03-05 01:21:17,757 trace.runner.sweep_runner INFO: intensity=0.50 seed=2 ep=0 success=True steps=85
2026-03-05 01:21:25,403 trace.runner.sweep_runner INFO: intensity=0.50 seed=2 ep=1 success=True steps=117
2026-03-05 01:21:30,557 trace.runner.sweep_runner INFO: intensity=0.50 seed=2 ep=2 success=True steps=75
2026-03-05 01:21:35,625 trace.runner.sweep_runner INFO: intensity=0.50 seed=2 ep=3 success=True steps=71
2026-03-05 01:21:40,901 trace.runner.sweep_runner INFO: intensity=0.50 seed=2 ep=4 success=True steps=75
2026-03-05 01:21:45,778 trace.runner.sweep_runner INFO: intensity=0.50 seed=2 ep=5 success=True steps=69
2026-03-05 01:21:52,881 trace.runner.sweep_runner INFO: intensity=0.50 seed=2 ep=6 success=True steps=106
2026-03-05 01:21:58,936 trace.runner.sweep_runner INFO: intensity=0.50 seed=2 ep=7 success=True steps=85
2026-03-05 01:22:04,434 trace.runner.sweep_runner INFO: intensity=0.50 seed=2 ep=8 success=True steps=77
2026-03-05 01:22:09,493 trace.runner.sweep_runner INFO: intensity=0.50 seed=2 ep=9 success=True steps=70
2026-03-05 01:22:16,238 trace.runner.sweep_runner INFO: intensity=0.50 seed=3 ep=0 success=True steps=101
2026-03-05 01:22:23,289 trace.runner.sweep_runner INFO: intensity=0.50 seed=3 ep=1 success=True steps=110
2026-03-05 01:22:28,973 trace.runner.sweep_runner INFO: intensity=0.50 seed=3 ep=2 success=True steps=85
2026-03-05 01:22:35,099 trace.runner.sweep_runner INFO: intensity=0.50 seed=3 ep=3 success=True steps=89
2026-03-05 01:22:40,633 trace.runner.sweep_runner INFO: intensity=0.50 seed=3 ep=4 success=True steps=78
2026-03-05 01:22:45,675 trace.runner.sweep_runner INFO: intensity=0.50 seed=3 ep=5 success=True steps=73
2026-03-05 01:22:50,874 trace.runner.sweep_runner INFO: intensity=0.50 seed=3 ep=6 success=True steps=72
2026-03-05 01:22:56,793 trace.runner.sweep_runner INFO: intensity=0.50 seed=3 ep=7 success=True steps=88
2026-03-05 01:23:02,427 trace.runner.sweep_runner INFO: intensity=0.50 seed=3 ep=8 success=True steps=85
2026-03-05 01:23:07,462 trace.runner.sweep_runner INFO: intensity=0.50 seed=3 ep=9 success=True steps=75
2026-03-05 01:23:12,974 trace.runner.sweep_runner INFO: intensity=0.50 seed=4 ep=0 success=True steps=83
2026-03-05 01:23:18,793 trace.runner.sweep_runner INFO: intensity=0.50 seed=4 ep=1 success=True steps=84
2026-03-05 01:23:24,361 trace.runner.sweep_runner INFO: intensity=0.50 seed=4 ep=2 success=True steps=82
2026-03-05 01:23:31,565 trace.runner.sweep_runner INFO: intensity=0.50 seed=4 ep=3 success=True steps=108
2026-03-05 01:23:37,066 trace.runner.sweep_runner INFO: intensity=0.50 seed=4 ep=4 success=True steps=77
2026-03-05 01:23:44,568 trace.runner.sweep_runner INFO: intensity=0.50 seed=4 ep=5 success=True steps=115
2026-03-05 01:23:49,867 trace.runner.sweep_runner INFO: intensity=0.50 seed=4 ep=6 success=True steps=73
2026-03-05 01:23:55,211 trace.runner.sweep_runner INFO: intensity=0.50 seed=4 ep=7 success=True steps=78
2026-03-05 01:24:01,670 trace.runner.sweep_runner INFO: intensity=0.50 seed=4 ep=8 success=True steps=93
2026-03-05 01:24:06,847 trace.runner.sweep_runner INFO: intensity=0.50 seed=4 ep=9 success=True steps=74
2026-03-05 01:24:11,912 trace.runner.sweep_runner INFO: intensity=0.70 seed=0 ep=0 success=True steps=70
2026-03-05 01:24:19,018 trace.runner.sweep_runner INFO: intensity=0.70 seed=0 ep=1 success=True steps=108
2026-03-05 01:24:24,919 trace.runner.sweep_runner INFO: intensity=0.70 seed=0 ep=2 success=True steps=87
2026-03-05 01:24:30,133 trace.runner.sweep_runner INFO: intensity=0.70 seed=0 ep=3 success=True steps=77
2026-03-05 01:24:35,181 trace.runner.sweep_runner INFO: intensity=0.70 seed=0 ep=4 success=True steps=74
2026-03-05 01:24:40,796 trace.runner.sweep_runner INFO: intensity=0.70 seed=0 ep=5 success=True steps=78
2026-03-05 01:24:45,936 trace.runner.sweep_runner INFO: intensity=0.70 seed=0 ep=6 success=True steps=70
2026-03-05 01:24:53,698 trace.runner.sweep_runner INFO: intensity=0.70 seed=0 ep=7 success=True steps=118
2026-03-05 01:24:59,928 trace.runner.sweep_runner INFO: intensity=0.70 seed=0 ep=8 success=True steps=95
2026-03-05 01:25:06,387 trace.runner.sweep_runner INFO: intensity=0.70 seed=0 ep=9 success=True steps=104
2026-03-05 01:25:12,094 trace.runner.sweep_runner INFO: intensity=0.70 seed=1 ep=0 success=True steps=77
2026-03-05 01:25:19,028 trace.runner.sweep_runner INFO: intensity=0.70 seed=1 ep=1 success=True steps=112
2026-03-05 01:25:25,875 trace.runner.sweep_runner INFO: intensity=0.70 seed=1 ep=2 success=True steps=108
2026-03-05 01:25:31,347 trace.runner.sweep_runner INFO: intensity=0.70 seed=1 ep=3 success=True steps=75
2026-03-05 01:25:36,849 trace.runner.sweep_runner INFO: intensity=0.70 seed=1 ep=4 success=True steps=77
2026-03-05 01:25:42,376 trace.runner.sweep_runner INFO: intensity=0.70 seed=1 ep=5 success=True steps=78
2026-03-05 01:25:47,699 trace.runner.sweep_runner INFO: intensity=0.70 seed=1 ep=6 success=True steps=74
2026-03-05 01:25:57,085 trace.runner.sweep_runner INFO: intensity=0.70 seed=1 ep=7 success=True steps=148
2026-03-05 01:26:02,833 trace.runner.sweep_runner INFO: intensity=0.70 seed=1 ep=8 success=True steps=87
2026-03-05 01:26:08,339 trace.runner.sweep_runner INFO: intensity=0.70 seed=1 ep=9 success=True steps=78
2026-03-05 01:26:15,260 trace.runner.sweep_runner INFO: intensity=0.70 seed=2 ep=0 success=True steps=105
2026-03-05 01:26:23,019 trace.runner.sweep_runner INFO: intensity=0.70 seed=2 ep=1 success=True steps=118
2026-03-05 01:26:30,198 trace.runner.sweep_runner INFO: intensity=0.70 seed=2 ep=2 success=True steps=108
2026-03-05 01:26:35,823 trace.runner.sweep_runner INFO: intensity=0.70 seed=2 ep=3 success=True steps=79
2026-03-05 01:26:41,131 trace.runner.sweep_runner INFO: intensity=0.70 seed=2 ep=4 success=True steps=74
2026-03-05 01:26:46,516 trace.runner.sweep_runner INFO: intensity=0.70 seed=2 ep=5 success=True steps=76
2026-03-05 01:26:51,829 trace.runner.sweep_runner INFO: intensity=0.70 seed=2 ep=6 success=True steps=72
2026-03-05 01:26:57,912 trace.runner.sweep_runner INFO: intensity=0.70 seed=2 ep=7 success=True steps=84
2026-03-05 01:27:03,508 trace.runner.sweep_runner INFO: intensity=0.70 seed=2 ep=8 success=True steps=78
2026-03-05 01:27:08,369 trace.runner.sweep_runner INFO: intensity=0.70 seed=2 ep=9 success=True steps=70
2026-03-05 01:27:15,935 trace.runner.sweep_runner INFO: intensity=0.70 seed=3 ep=0 success=True steps=114
2026-03-05 01:27:22,975 trace.runner.sweep_runner INFO: intensity=0.70 seed=3 ep=1 success=True steps=110
2026-03-05 01:27:30,478 trace.runner.sweep_runner INFO: intensity=0.70 seed=3 ep=2 success=True steps=118
2026-03-05 01:27:37,770 trace.runner.sweep_runner INFO: intensity=0.70 seed=3 ep=3 success=True steps=110
2026-03-05 01:27:43,402 trace.runner.sweep_runner INFO: intensity=0.70 seed=3 ep=4 success=True steps=79
2026-03-05 01:27:48,292 trace.runner.sweep_runner INFO: intensity=0.70 seed=3 ep=5 success=True steps=73
2026-03-05 01:27:53,478 trace.runner.sweep_runner INFO: intensity=0.70 seed=3 ep=6 success=True steps=74
2026-03-05 01:27:59,369 trace.runner.sweep_runner INFO: intensity=0.70 seed=3 ep=7 success=True steps=87
2026-03-05 01:28:05,170 trace.runner.sweep_runner INFO: intensity=0.70 seed=3 ep=8 success=True steps=87
2026-03-05 01:28:10,281 trace.runner.sweep_runner INFO: intensity=0.70 seed=3 ep=9 success=True steps=75
2026-03-05 01:28:15,911 trace.runner.sweep_runner INFO: intensity=0.70 seed=4 ep=0 success=True steps=86
2026-03-05 01:28:21,720 trace.runner.sweep_runner INFO: intensity=0.70 seed=4 ep=1 success=True steps=82
2026-03-05 01:28:29,692 trace.runner.sweep_runner INFO: intensity=0.70 seed=4 ep=2 success=True steps=129
2026-03-05 01:28:35,100 trace.runner.sweep_runner INFO: intensity=0.70 seed=4 ep=3 success=True steps=76
2026-03-05 01:28:42,469 trace.runner.sweep_runner INFO: intensity=0.70 seed=4 ep=4 success=True steps=110
2026-03-05 01:28:49,639 trace.runner.sweep_runner INFO: intensity=0.70 seed=4 ep=5 success=True steps=110
2026-03-05 01:28:55,304 trace.runner.sweep_runner INFO: intensity=0.70 seed=4 ep=6 success=True steps=79
2026-03-05 01:29:00,556 trace.runner.sweep_runner INFO: intensity=0.70 seed=4 ep=7 success=True steps=77
2026-03-05 01:29:06,649 trace.runner.sweep_runner INFO: intensity=0.70 seed=4 ep=8 success=True steps=86
2026-03-05 01:29:11,755 trace.runner.sweep_runner INFO: intensity=0.70 seed=4 ep=9 success=True steps=75
2026-03-05 01:29:16,924 trace.runner.sweep_runner INFO: intensity=1.00 seed=0 ep=0 success=True steps=74
2026-03-05 01:29:24,380 trace.runner.sweep_runner INFO: intensity=1.00 seed=0 ep=1 success=True steps=114
2026-03-05 01:29:30,273 trace.runner.sweep_runner INFO: intensity=1.00 seed=0 ep=2 success=True steps=84
2026-03-05 01:29:36,091 trace.runner.sweep_runner INFO: intensity=1.00 seed=0 ep=3 success=True steps=88
2026-03-05 01:29:42,781 trace.runner.sweep_runner INFO: intensity=1.00 seed=0 ep=4 success=True steps=108
2026-03-05 01:29:47,859 trace.runner.sweep_runner INFO: intensity=1.00 seed=0 ep=5 success=True steps=68
2026-03-05 01:29:53,258 trace.runner.sweep_runner INFO: intensity=1.00 seed=0 ep=6 success=True steps=73
2026-03-05 01:30:01,359 trace.runner.sweep_runner INFO: intensity=1.00 seed=0 ep=7 success=True steps=123
2026-03-05 01:30:07,848 trace.runner.sweep_runner INFO: intensity=1.00 seed=0 ep=8 success=True steps=99
2026-03-05 01:30:14,690 trace.runner.sweep_runner INFO: intensity=1.00 seed=0 ep=9 success=True steps=115
2026-03-05 01:30:20,421 trace.runner.sweep_runner INFO: intensity=1.00 seed=1 ep=0 success=True steps=76
2026-03-05 01:30:27,401 trace.runner.sweep_runner INFO: intensity=1.00 seed=1 ep=1 success=True steps=113
2026-03-05 01:30:34,130 trace.runner.sweep_runner INFO: intensity=1.00 seed=1 ep=2 success=True steps=108
2026-03-05 01:30:40,165 trace.runner.sweep_runner INFO: intensity=1.00 seed=1 ep=3 success=True steps=86
2026-03-05 01:30:45,663 trace.runner.sweep_runner INFO: intensity=1.00 seed=1 ep=4 success=True steps=77
2026-03-05 01:30:51,015 trace.runner.sweep_runner INFO: intensity=1.00 seed=1 ep=5 success=True steps=73
2026-03-05 01:30:56,544 trace.runner.sweep_runner INFO: intensity=1.00 seed=1 ep=6 success=True steps=77
2026-03-05 01:31:05,869 trace.runner.sweep_runner INFO: intensity=1.00 seed=1 ep=7 success=True steps=145
2026-03-05 01:31:11,228 trace.runner.sweep_runner INFO: intensity=1.00 seed=1 ep=8 success=True steps=83
2026-03-05 01:31:18,741 trace.runner.sweep_runner INFO: intensity=1.00 seed=1 ep=9 success=True steps=114
2026-03-05 01:31:26,268 trace.runner.sweep_runner INFO: intensity=1.00 seed=2 ep=0 success=True steps=114
2026-03-05 01:31:34,240 trace.runner.sweep_runner INFO: intensity=1.00 seed=2 ep=1 success=True steps=122
2026-03-05 01:31:39,435 trace.runner.sweep_runner INFO: intensity=1.00 seed=2 ep=2 success=True steps=72
2026-03-05 01:31:44,563 trace.runner.sweep_runner INFO: intensity=1.00 seed=2 ep=3 success=True steps=71
2026-03-05 01:31:50,052 trace.runner.sweep_runner INFO: intensity=1.00 seed=2 ep=4 success=True steps=75
2026-03-05 01:31:55,338 trace.runner.sweep_runner INFO: intensity=1.00 seed=2 ep=5 success=True steps=77
2026-03-05 01:32:00,435 trace.runner.sweep_runner INFO: intensity=1.00 seed=2 ep=6 success=True steps=70
2026-03-05 01:32:06,474 trace.runner.sweep_runner INFO: intensity=1.00 seed=2 ep=7 success=True steps=85
2026-03-05 01:32:12,405 trace.runner.sweep_runner INFO: intensity=1.00 seed=2 ep=8 success=True steps=84
2026-03-05 01:32:22,200 trace.runner.sweep_runner INFO: intensity=1.00 seed=2 ep=9 success=True steps=161
2026-03-05 01:32:31,070 trace.runner.sweep_runner INFO: intensity=1.00 seed=3 ep=0 success=True steps=139
2026-03-05 01:32:37,969 trace.runner.sweep_runner INFO: intensity=1.00 seed=3 ep=1 success=True steps=105
2026-03-05 01:32:43,861 trace.runner.sweep_runner INFO: intensity=1.00 seed=3 ep=2 success=True steps=88
2026-03-05 01:32:49,716 trace.runner.sweep_runner INFO: intensity=1.00 seed=3 ep=3 success=True steps=83
2026-03-05 01:33:03,427 trace.runner.sweep_runner INFO: intensity=1.00 seed=3 ep=4 success=False steps=220
2026-03-05 01:33:08,514 trace.runner.sweep_runner INFO: intensity=1.00 seed=3 ep=5 success=True steps=78
2026-03-05 01:33:13,595 trace.runner.sweep_runner INFO: intensity=1.00 seed=3 ep=6 success=True steps=72
2026-03-05 01:33:19,097 trace.runner.sweep_runner INFO: intensity=1.00 seed=3 ep=7 success=True steps=84
2026-03-05 01:33:24,613 trace.runner.sweep_runner INFO: intensity=1.00 seed=3 ep=8 success=True steps=81
2026-03-05 01:33:32,916 trace.runner.sweep_runner INFO: intensity=1.00 seed=3 ep=9 success=True steps=137
2026-03-05 01:33:39,672 trace.runner.sweep_runner INFO: intensity=1.00 seed=4 ep=0 success=True steps=112
2026-03-05 01:33:45,227 trace.runner.sweep_runner INFO: intensity=1.00 seed=4 ep=1 success=True steps=79
2026-03-05 01:33:51,450 trace.runner.sweep_runner INFO: intensity=1.00 seed=4 ep=2 success=True steps=97
2026-03-05 01:33:57,005 trace.runner.sweep_runner INFO: intensity=1.00 seed=4 ep=3 success=True steps=79
2026-03-05 01:34:04,791 trace.runner.sweep_runner INFO: intensity=1.00 seed=4 ep=4 success=True steps=117
2026-03-05 01:34:10,527 trace.runner.sweep_runner INFO: intensity=1.00 seed=4 ep=5 success=True steps=82
2026-03-05 01:34:15,853 trace.runner.sweep_runner INFO: intensity=1.00 seed=4 ep=6 success=True steps=74
2026-03-05 01:34:21,136 trace.runner.sweep_runner INFO: intensity=1.00 seed=4 ep=7 success=True steps=78
2026-03-05 01:34:26,975 trace.runner.sweep_runner INFO: intensity=1.00 seed=4 ep=8 success=True steps=83
2026-03-05 01:34:31,985 trace.runner.sweep_runner INFO: intensity=1.00 seed=4 ep=9 success=True steps=73
2026-03-05 01:34:31,987 __main__ INFO:   baseline=100%, max_degradation=2%, breakpoint=none
2026-03-05 01:34:31,998 __main__ INFO:   Report updated: output/reports/report_Pi0PolicyAdapter_libero_20260304_223648.md (4/9 stressors)
2026-03-05 01:34:31,999 __main__ INFO: Running sweep 5/9: LongHorizonDriftStressor
2026-03-05 01:34:37,150 trace.runner.sweep_runner INFO: intensity=0.00 seed=0 ep=0 success=True steps=67
2026-03-05 01:34:42,351 trace.runner.sweep_runner INFO: intensity=0.00 seed=0 ep=1 success=True steps=72
2026-03-05 01:34:48,189 trace.runner.sweep_runner INFO: intensity=0.00 seed=0 ep=2 success=True steps=83
2026-03-05 01:34:53,848 trace.runner.sweep_runner INFO: intensity=0.00 seed=0 ep=3 success=True steps=78
2026-03-05 01:34:59,406 trace.runner.sweep_runner INFO: intensity=0.00 seed=0 ep=4 success=True steps=76
2026-03-05 01:35:04,660 trace.runner.sweep_runner INFO: intensity=0.00 seed=0 ep=5 success=True steps=73
2026-03-05 01:35:09,946 trace.runner.sweep_runner INFO: intensity=0.00 seed=0 ep=6 success=True steps=74
2026-03-05 01:35:15,728 trace.runner.sweep_runner INFO: intensity=0.00 seed=0 ep=7 success=True steps=80
2026-03-05 01:35:21,513 trace.runner.sweep_runner INFO: intensity=0.00 seed=0 ep=8 success=True steps=81
2026-03-05 01:35:28,822 trace.runner.sweep_runner INFO: intensity=0.00 seed=0 ep=9 success=True steps=110
2026-03-05 01:35:34,334 trace.runner.sweep_runner INFO: intensity=0.00 seed=1 ep=0 success=True steps=77
2026-03-05 01:35:41,424 trace.runner.sweep_runner INFO: intensity=0.00 seed=1 ep=1 success=True steps=106
2026-03-05 01:35:46,494 trace.runner.sweep_runner INFO: intensity=0.00 seed=1 ep=2 success=True steps=73
2026-03-05 01:35:51,912 trace.runner.sweep_runner INFO: intensity=0.00 seed=1 ep=3 success=True steps=75
2026-03-05 01:35:57,446 trace.runner.sweep_runner INFO: intensity=0.00 seed=1 ep=4 success=True steps=76
2026-03-05 01:36:03,053 trace.runner.sweep_runner INFO: intensity=0.00 seed=1 ep=5 success=True steps=77
2026-03-05 01:36:08,541 trace.runner.sweep_runner INFO: intensity=0.00 seed=1 ep=6 success=True steps=76
2026-03-05 01:36:14,423 trace.runner.sweep_runner INFO: intensity=0.00 seed=1 ep=7 success=True steps=84
2026-03-05 01:36:20,422 trace.runner.sweep_runner INFO: intensity=0.00 seed=1 ep=8 success=True steps=84
2026-03-05 01:36:25,776 trace.runner.sweep_runner INFO: intensity=0.00 seed=1 ep=9 success=True steps=74
2026-03-05 01:36:31,319 trace.runner.sweep_runner INFO: intensity=0.00 seed=2 ep=0 success=True steps=76
2026-03-05 01:36:38,483 trace.runner.sweep_runner INFO: intensity=0.00 seed=2 ep=1 success=True steps=107
2026-03-05 01:36:43,772 trace.runner.sweep_runner INFO: intensity=0.00 seed=2 ep=2 success=True steps=76
2026-03-05 01:36:49,095 trace.runner.sweep_runner INFO: intensity=0.00 seed=2 ep=3 success=True steps=74
2026-03-05 01:36:54,457 trace.runner.sweep_runner INFO: intensity=0.00 seed=2 ep=4 success=True steps=73
2026-03-05 01:36:59,887 trace.runner.sweep_runner INFO: intensity=0.00 seed=2 ep=5 success=True steps=75
2026-03-05 01:37:05,144 trace.runner.sweep_runner INFO: intensity=0.00 seed=2 ep=6 success=True steps=72
2026-03-05 01:37:11,128 trace.runner.sweep_runner INFO: intensity=0.00 seed=2 ep=7 success=True steps=83
2026-03-05 01:37:17,108 trace.runner.sweep_runner INFO: intensity=0.00 seed=2 ep=8 success=True steps=84
2026-03-05 01:37:22,425 trace.runner.sweep_runner INFO: intensity=0.00 seed=2 ep=9 success=True steps=72
2026-03-05 01:37:31,010 trace.runner.sweep_runner INFO: intensity=0.00 seed=3 ep=0 success=True steps=134
2026-03-05 01:37:38,386 trace.runner.sweep_runner INFO: intensity=0.00 seed=3 ep=1 success=True steps=111
2026-03-05 01:37:44,432 trace.runner.sweep_runner INFO: intensity=0.00 seed=3 ep=2 success=True steps=88
2026-03-05 01:37:50,026 trace.runner.sweep_runner INFO: intensity=0.00 seed=3 ep=3 success=True steps=78
2026-03-05 01:37:55,392 trace.runner.sweep_runner INFO: intensity=0.00 seed=3 ep=4 success=True steps=73
2026-03-05 01:38:04,039 trace.runner.sweep_runner INFO: intensity=0.00 seed=3 ep=5 success=True steps=135
2026-03-05 01:38:09,326 trace.runner.sweep_runner INFO: intensity=0.00 seed=3 ep=6 success=True steps=71
2026-03-05 01:38:15,169 trace.runner.sweep_runner INFO: intensity=0.00 seed=3 ep=7 success=True steps=81
2026-03-05 01:38:21,058 trace.runner.sweep_runner INFO: intensity=0.00 seed=3 ep=8 success=True steps=81
2026-03-05 01:38:26,386 trace.runner.sweep_runner INFO: intensity=0.00 seed=3 ep=9 success=True steps=73
2026-03-05 01:38:31,966 trace.runner.sweep_runner INFO: intensity=0.00 seed=4 ep=0 success=True steps=78
2026-03-05 01:38:38,980 trace.runner.sweep_runner INFO: intensity=0.00 seed=4 ep=1 success=True steps=104
2026-03-05 01:38:46,199 trace.runner.sweep_runner INFO: intensity=0.00 seed=4 ep=2 success=True steps=109
2026-03-05 01:38:53,280 trace.runner.sweep_runner INFO: intensity=0.00 seed=4 ep=3 success=True steps=105
2026-03-05 01:38:58,545 trace.runner.sweep_runner INFO: intensity=0.00 seed=4 ep=4 success=True steps=73
2026-03-05 01:39:04,123 trace.runner.sweep_runner INFO: intensity=0.00 seed=4 ep=5 success=True steps=77
2026-03-05 01:39:09,475 trace.runner.sweep_runner INFO: intensity=0.00 seed=4 ep=6 success=True steps=72
2026-03-05 01:39:15,184 trace.runner.sweep_runner INFO: intensity=0.00 seed=4 ep=7 success=True steps=78
2026-03-05 01:39:20,792 trace.runner.sweep_runner INFO: intensity=0.00 seed=4 ep=8 success=True steps=79
2026-03-05 01:39:25,932 trace.runner.sweep_runner INFO: intensity=0.00 seed=4 ep=9 success=True steps=70
2026-03-05 01:39:31,357 trace.runner.sweep_runner INFO: intensity=0.10 seed=0 ep=0 success=True steps=74
2026-03-05 01:39:38,491 trace.runner.sweep_runner INFO: intensity=0.10 seed=0 ep=1 success=True steps=106
2026-03-05 01:39:44,072 trace.runner.sweep_runner INFO: intensity=0.10 seed=0 ep=2 success=True steps=79
2026-03-05 01:39:49,714 trace.runner.sweep_runner INFO: intensity=0.10 seed=0 ep=3 success=True steps=77
2026-03-05 01:39:55,397 trace.runner.sweep_runner INFO: intensity=0.10 seed=0 ep=4 success=True steps=78
2026-03-05 01:40:00,993 trace.runner.sweep_runner INFO: intensity=0.10 seed=0 ep=5 success=True steps=76
2026-03-05 01:40:06,302 trace.runner.sweep_runner INFO: intensity=0.10 seed=0 ep=6 success=True steps=71
2026-03-05 01:40:12,122 trace.runner.sweep_runner INFO: intensity=0.10 seed=0 ep=7 success=True steps=80
2026-03-05 01:40:17,595 trace.runner.sweep_runner INFO: intensity=0.10 seed=0 ep=8 success=True steps=76
2026-03-05 01:40:24,532 trace.runner.sweep_runner INFO: intensity=0.10 seed=0 ep=9 success=True steps=103
2026-03-05 01:40:30,332 trace.runner.sweep_runner INFO: intensity=0.10 seed=1 ep=0 success=True steps=80
2026-03-05 01:40:36,958 trace.runner.sweep_runner INFO: intensity=0.10 seed=1 ep=1 success=True steps=99
2026-03-05 01:40:42,692 trace.runner.sweep_runner INFO: intensity=0.10 seed=1 ep=2 success=True steps=84
2026-03-05 01:40:47,973 trace.runner.sweep_runner INFO: intensity=0.10 seed=1 ep=3 success=True steps=72
2026-03-05 01:40:53,424 trace.runner.sweep_runner INFO: intensity=0.10 seed=1 ep=4 success=True steps=75
2026-03-05 01:40:58,947 trace.runner.sweep_runner INFO: intensity=0.10 seed=1 ep=5 success=True steps=77
2026-03-05 01:41:04,314 trace.runner.sweep_runner INFO: intensity=0.10 seed=1 ep=6 success=True steps=73
2026-03-05 01:41:10,070 trace.runner.sweep_runner INFO: intensity=0.10 seed=1 ep=7 success=True steps=80
2026-03-05 01:41:16,236 trace.runner.sweep_runner INFO: intensity=0.10 seed=1 ep=8 success=True steps=87
2026-03-05 01:41:24,573 trace.runner.sweep_runner INFO: intensity=0.10 seed=1 ep=9 success=True steps=122
2026-03-05 01:41:30,339 trace.runner.sweep_runner INFO: intensity=0.10 seed=2 ep=0 success=True steps=78
2026-03-05 01:41:39,134 trace.runner.sweep_runner INFO: intensity=0.10 seed=2 ep=1 success=True steps=136
2026-03-05 01:41:44,685 trace.runner.sweep_runner INFO: intensity=0.10 seed=2 ep=2 success=True steps=81
2026-03-05 01:41:50,522 trace.runner.sweep_runner INFO: intensity=0.10 seed=2 ep=3 success=True steps=81
2026-03-05 01:41:55,793 trace.runner.sweep_runner INFO: intensity=0.10 seed=2 ep=4 success=True steps=73
2026-03-05 01:42:08,806 trace.runner.sweep_runner INFO: intensity=0.10 seed=2 ep=5 success=True steps=207
2026-03-05 01:42:13,740 trace.runner.sweep_runner INFO: intensity=0.10 seed=2 ep=6 success=True steps=66
2026-03-05 01:42:19,661 trace.runner.sweep_runner INFO: intensity=0.10 seed=2 ep=7 success=True steps=82
2026-03-05 01:42:25,651 trace.runner.sweep_runner INFO: intensity=0.10 seed=2 ep=8 success=True steps=83
2026-03-05 01:42:30,984 trace.runner.sweep_runner INFO: intensity=0.10 seed=2 ep=9 success=True steps=72
2026-03-05 01:42:36,847 trace.runner.sweep_runner INFO: intensity=0.10 seed=3 ep=0 success=True steps=83
2026-03-05 01:42:44,077 trace.runner.sweep_runner INFO: intensity=0.10 seed=3 ep=1 success=True steps=110
2026-03-05 01:42:49,936 trace.runner.sweep_runner INFO: intensity=0.10 seed=3 ep=2 success=True steps=84
2026-03-05 01:42:55,516 trace.runner.sweep_runner INFO: intensity=0.10 seed=3 ep=3 success=True steps=78
2026-03-05 01:43:00,920 trace.runner.sweep_runner INFO: intensity=0.10 seed=3 ep=4 success=True steps=75
2026-03-05 01:43:06,103 trace.runner.sweep_runner INFO: intensity=0.10 seed=3 ep=5 success=True steps=71
2026-03-05 01:43:11,579 trace.runner.sweep_runner INFO: intensity=0.10 seed=3 ep=6 success=True steps=75
2026-03-05 01:43:17,578 trace.runner.sweep_runner INFO: intensity=0.10 seed=3 ep=7 success=True steps=82
2026-03-05 01:43:23,361 trace.runner.sweep_runner INFO: intensity=0.10 seed=3 ep=8 success=True steps=80
2026-03-05 01:43:28,642 trace.runner.sweep_runner INFO: intensity=0.10 seed=3 ep=9 success=True steps=72
2026-03-05 01:43:33,968 trace.runner.sweep_runner INFO: intensity=0.10 seed=4 ep=0 success=True steps=75
2026-03-05 01:43:39,294 trace.runner.sweep_runner INFO: intensity=0.10 seed=4 ep=1 success=True steps=75
2026-03-05 01:43:46,688 trace.runner.sweep_runner INFO: intensity=0.10 seed=4 ep=2 success=True steps=111
2026-03-05 01:43:52,098 trace.runner.sweep_runner INFO: intensity=0.10 seed=4 ep=3 success=True steps=73
2026-03-05 01:43:57,675 trace.runner.sweep_runner INFO: intensity=0.10 seed=4 ep=4 success=True steps=76
2026-03-05 01:44:03,299 trace.runner.sweep_runner INFO: intensity=0.10 seed=4 ep=5 success=True steps=78
2026-03-05 01:44:08,361 trace.runner.sweep_runner INFO: intensity=0.10 seed=4 ep=6 success=True steps=69
2026-03-05 01:44:13,795 trace.runner.sweep_runner INFO: intensity=0.10 seed=4 ep=7 success=True steps=75
2026-03-05 01:44:19,727 trace.runner.sweep_runner INFO: intensity=0.10 seed=4 ep=8 success=True steps=83
2026-03-05 01:44:25,149 trace.runner.sweep_runner INFO: intensity=0.10 seed=4 ep=9 success=True steps=75
2026-03-05 01:44:30,426 trace.runner.sweep_runner INFO: intensity=0.20 seed=0 ep=0 success=True steps=72
2026-03-05 01:44:36,019 trace.runner.sweep_runner INFO: intensity=0.20 seed=0 ep=1 success=True steps=77
2026-03-05 01:44:41,873 trace.runner.sweep_runner INFO: intensity=0.20 seed=0 ep=2 success=True steps=84
2026-03-05 01:44:47,667 trace.runner.sweep_runner INFO: intensity=0.20 seed=0 ep=3 success=True steps=79
2026-03-05 01:44:53,434 trace.runner.sweep_runner INFO: intensity=0.20 seed=0 ep=4 success=True steps=79
2026-03-05 01:44:58,826 trace.runner.sweep_runner INFO: intensity=0.20 seed=0 ep=5 success=True steps=75
2026-03-05 01:45:04,241 trace.runner.sweep_runner INFO: intensity=0.20 seed=0 ep=6 success=True steps=71
2026-03-05 01:45:09,878 trace.runner.sweep_runner INFO: intensity=0.20 seed=0 ep=7 success=True steps=77
2026-03-05 01:45:15,644 trace.runner.sweep_runner INFO: intensity=0.20 seed=0 ep=8 success=True steps=78
2026-03-05 01:45:21,229 trace.runner.sweep_runner INFO: intensity=0.20 seed=0 ep=9 success=True steps=77
2026-03-05 01:45:26,809 trace.runner.sweep_runner INFO: intensity=0.20 seed=1 ep=0 success=True steps=78
2026-03-05 01:45:32,102 trace.runner.sweep_runner INFO: intensity=0.20 seed=1 ep=1 success=True steps=73
2026-03-05 01:45:37,451 trace.runner.sweep_runner INFO: intensity=0.20 seed=1 ep=2 success=True steps=77
2026-03-05 01:45:43,027 trace.runner.sweep_runner INFO: intensity=0.20 seed=1 ep=3 success=True steps=77
2026-03-05 01:45:48,534 trace.runner.sweep_runner INFO: intensity=0.20 seed=1 ep=4 success=True steps=76
2026-03-05 01:45:54,114 trace.runner.sweep_runner INFO: intensity=0.20 seed=1 ep=5 success=True steps=78
2026-03-05 01:45:59,680 trace.runner.sweep_runner INFO: intensity=0.20 seed=1 ep=6 success=True steps=77
2026-03-05 01:46:05,165 trace.runner.sweep_runner INFO: intensity=0.20 seed=1 ep=7 success=True steps=75
2026-03-05 01:46:11,222 trace.runner.sweep_runner INFO: intensity=0.20 seed=1 ep=8 success=True steps=84
2026-03-05 01:46:16,535 trace.runner.sweep_runner INFO: intensity=0.20 seed=1 ep=9 success=True steps=74
2026-03-05 01:46:22,104 trace.runner.sweep_runner INFO: intensity=0.20 seed=2 ep=0 success=True steps=78
2026-03-05 01:46:29,605 trace.runner.sweep_runner INFO: intensity=0.20 seed=2 ep=1 success=True steps=114
2026-03-05 01:46:35,106 trace.runner.sweep_runner INFO: intensity=0.20 seed=2 ep=2 success=True steps=78
2026-03-05 01:46:42,666 trace.runner.sweep_runner INFO: intensity=0.20 seed=2 ep=3 success=True steps=113
2026-03-05 01:46:47,957 trace.runner.sweep_runner INFO: intensity=0.20 seed=2 ep=4 success=True steps=71
2026-03-05 01:46:53,312 trace.runner.sweep_runner INFO: intensity=0.20 seed=2 ep=5 success=True steps=75
2026-03-05 01:46:58,888 trace.runner.sweep_runner INFO: intensity=0.20 seed=2 ep=6 success=True steps=78
2026-03-05 01:47:04,707 trace.runner.sweep_runner INFO: intensity=0.20 seed=2 ep=7 success=True steps=80
2026-03-05 01:47:10,360 trace.runner.sweep_runner INFO: intensity=0.20 seed=2 ep=8 success=True steps=79
2026-03-05 01:47:15,756 trace.runner.sweep_runner INFO: intensity=0.20 seed=2 ep=9 success=True steps=74
2026-03-05 01:47:22,851 trace.runner.sweep_runner INFO: intensity=0.20 seed=3 ep=0 success=True steps=103
2026-03-05 01:47:30,065 trace.runner.sweep_runner INFO: intensity=0.20 seed=3 ep=1 success=True steps=109
2026-03-05 01:47:35,910 trace.runner.sweep_runner INFO: intensity=0.20 seed=3 ep=2 success=True steps=84
2026-03-05 01:47:41,636 trace.runner.sweep_runner INFO: intensity=0.20 seed=3 ep=3 success=True steps=80
2026-03-05 01:47:46,924 trace.runner.sweep_runner INFO: intensity=0.20 seed=3 ep=4 success=True steps=73
2026-03-05 01:47:51,944 trace.runner.sweep_runner INFO: intensity=0.20 seed=3 ep=5 success=True steps=69
2026-03-05 01:47:57,374 trace.runner.sweep_runner INFO: intensity=0.20 seed=3 ep=6 success=True steps=73
2026-03-05 01:48:03,445 trace.runner.sweep_runner INFO: intensity=0.20 seed=3 ep=7 success=True steps=85
2026-03-05 01:48:09,358 trace.runner.sweep_runner INFO: intensity=0.20 seed=3 ep=8 success=True steps=81
2026-03-05 01:48:14,479 trace.runner.sweep_runner INFO: intensity=0.20 seed=3 ep=9 success=True steps=70
2026-03-05 01:48:20,034 trace.runner.sweep_runner INFO: intensity=0.20 seed=4 ep=0 success=True steps=75
2026-03-05 01:48:25,335 trace.runner.sweep_runner INFO: intensity=0.20 seed=4 ep=1 success=True steps=74
2026-03-05 01:48:31,022 trace.runner.sweep_runner INFO: intensity=0.20 seed=4 ep=2 success=True steps=81
2026-03-05 01:48:36,672 trace.runner.sweep_runner INFO: intensity=0.20 seed=4 ep=3 success=True steps=79
2026-03-05 01:48:42,383 trace.runner.sweep_runner INFO: intensity=0.20 seed=4 ep=4 success=True steps=79
2026-03-05 01:48:47,741 trace.runner.sweep_runner INFO: intensity=0.20 seed=4 ep=5 success=True steps=75
2026-03-05 01:48:53,087 trace.runner.sweep_runner INFO: intensity=0.20 seed=4 ep=6 success=True steps=71
2026-03-05 01:48:58,649 trace.runner.sweep_runner INFO: intensity=0.20 seed=4 ep=7 success=True steps=76
2026-03-05 01:49:04,161 trace.runner.sweep_runner INFO: intensity=0.20 seed=4 ep=8 success=True steps=78
2026-03-05 01:49:09,519 trace.runner.sweep_runner INFO: intensity=0.20 seed=4 ep=9 success=True steps=73
2026-03-05 01:49:14,644 trace.runner.sweep_runner INFO: intensity=0.30 seed=0 ep=0 success=True steps=69
2026-03-05 01:49:19,984 trace.runner.sweep_runner INFO: intensity=0.30 seed=0 ep=1 success=True steps=74
2026-03-05 01:49:26,082 trace.runner.sweep_runner INFO: intensity=0.30 seed=0 ep=2 success=True steps=86
2026-03-05 01:49:31,846 trace.runner.sweep_runner INFO: intensity=0.30 seed=0 ep=3 success=True steps=78
2026-03-05 01:49:37,552 trace.runner.sweep_runner INFO: intensity=0.30 seed=0 ep=4 success=True steps=78
2026-03-05 01:49:43,172 trace.runner.sweep_runner INFO: intensity=0.30 seed=0 ep=5 success=True steps=77
2026-03-05 01:49:48,643 trace.runner.sweep_runner INFO: intensity=0.30 seed=0 ep=6 success=True steps=74
2026-03-05 01:49:54,349 trace.runner.sweep_runner INFO: intensity=0.30 seed=0 ep=7 success=True steps=77
2026-03-05 01:50:00,010 trace.runner.sweep_runner INFO: intensity=0.30 seed=0 ep=8 success=True steps=77
2026-03-05 01:50:05,726 trace.runner.sweep_runner INFO: intensity=0.30 seed=0 ep=9 success=True steps=80
2026-03-05 01:50:11,339 trace.runner.sweep_runner INFO: intensity=0.30 seed=1 ep=0 success=True steps=79
2026-03-05 01:50:18,628 trace.runner.sweep_runner INFO: intensity=0.30 seed=1 ep=1 success=True steps=108
2026-03-05 01:50:23,754 trace.runner.sweep_runner INFO: intensity=0.30 seed=1 ep=2 success=True steps=73
2026-03-05 01:50:29,101 trace.runner.sweep_runner INFO: intensity=0.30 seed=1 ep=3 success=True steps=74
2026-03-05 01:50:34,613 trace.runner.sweep_runner INFO: intensity=0.30 seed=1 ep=4 success=True steps=74
2026-03-05 01:50:40,290 trace.runner.sweep_runner INFO: intensity=0.30 seed=1 ep=5 success=True steps=78
2026-03-05 01:50:45,691 trace.runner.sweep_runner INFO: intensity=0.30 seed=1 ep=6 success=True steps=73
2026-03-05 01:50:51,737 trace.runner.sweep_runner INFO: intensity=0.30 seed=1 ep=7 success=True steps=82
2026-03-05 01:50:57,752 trace.runner.sweep_runner INFO: intensity=0.30 seed=1 ep=8 success=True steps=83
2026-03-05 01:51:03,293 trace.runner.sweep_runner INFO: intensity=0.30 seed=1 ep=9 success=True steps=76
2026-03-05 01:51:09,013 trace.runner.sweep_runner INFO: intensity=0.30 seed=2 ep=0 success=True steps=79
2026-03-05 01:51:14,838 trace.runner.sweep_runner INFO: intensity=0.30 seed=2 ep=1 success=True steps=82
2026-03-05 01:51:20,325 trace.runner.sweep_runner INFO: intensity=0.30 seed=2 ep=2 success=True steps=78
2026-03-05 01:51:26,178 trace.runner.sweep_runner INFO: intensity=0.30 seed=2 ep=3 success=True steps=81
2026-03-05 01:51:31,585 trace.runner.sweep_runner INFO: intensity=0.30 seed=2 ep=4 success=True steps=75
2026-03-05 01:51:39,279 trace.runner.sweep_runner INFO: intensity=0.30 seed=2 ep=5 success=True steps=114
2026-03-05 01:51:44,998 trace.runner.sweep_runner INFO: intensity=0.30 seed=2 ep=6 success=True steps=78
2026-03-05 01:51:50,946 trace.runner.sweep_runner INFO: intensity=0.30 seed=2 ep=7 success=True steps=82
2026-03-05 01:51:56,785 trace.runner.sweep_runner INFO: intensity=0.30 seed=2 ep=8 success=True steps=82
2026-03-05 01:52:02,126 trace.runner.sweep_runner INFO: intensity=0.30 seed=2 ep=9 success=True steps=72
2026-03-05 01:52:07,682 trace.runner.sweep_runner INFO: intensity=0.30 seed=3 ep=0 success=True steps=76
2026-03-05 01:52:13,285 trace.runner.sweep_runner INFO: intensity=0.30 seed=3 ep=1 success=True steps=79
2026-03-05 01:52:19,426 trace.runner.sweep_runner INFO: intensity=0.30 seed=3 ep=2 success=True steps=90
2026-03-05 01:52:25,130 trace.runner.sweep_runner INFO: intensity=0.30 seed=3 ep=3 success=True steps=79
2026-03-05 01:52:30,460 trace.runner.sweep_runner INFO: intensity=0.30 seed=3 ep=4 success=True steps=72
2026-03-05 01:52:35,649 trace.runner.sweep_runner INFO: intensity=0.30 seed=3 ep=5 success=True steps=71
2026-03-05 01:52:40,709 trace.runner.sweep_runner INFO: intensity=0.30 seed=3 ep=6 success=True steps=67
2026-03-05 01:52:46,469 trace.runner.sweep_runner INFO: intensity=0.30 seed=3 ep=7 success=True steps=79
2026-03-05 01:52:52,438 trace.runner.sweep_runner INFO: intensity=0.30 seed=3 ep=8 success=True steps=82
2026-03-05 01:52:57,927 trace.runner.sweep_runner INFO: intensity=0.30 seed=3 ep=9 success=True steps=74
2026-03-05 01:53:03,369 trace.runner.sweep_runner INFO: intensity=0.30 seed=4 ep=0 success=True steps=75
2026-03-05 01:53:08,674 trace.runner.sweep_runner INFO: intensity=0.30 seed=4 ep=1 success=True steps=74
2026-03-05 01:53:16,097 trace.runner.sweep_runner INFO: intensity=0.30 seed=4 ep=2 success=True steps=113
2026-03-05 01:53:22,007 trace.runner.sweep_runner INFO: intensity=0.30 seed=4 ep=3 success=True steps=83
2026-03-05 01:53:27,650 trace.runner.sweep_runner INFO: intensity=0.30 seed=4 ep=4 success=True steps=77
2026-03-05 01:53:33,236 trace.runner.sweep_runner INFO: intensity=0.30 seed=4 ep=5 success=True steps=78
2026-03-05 01:53:38,562 trace.runner.sweep_runner INFO: intensity=0.30 seed=4 ep=6 success=True steps=71
2026-03-05 01:53:44,266 trace.runner.sweep_runner INFO: intensity=0.30 seed=4 ep=7 success=True steps=77
2026-03-05 01:53:50,243 trace.runner.sweep_runner INFO: intensity=0.30 seed=4 ep=8 success=True steps=83
2026-03-05 01:53:55,594 trace.runner.sweep_runner INFO: intensity=0.30 seed=4 ep=9 success=True steps=72
2026-03-05 01:54:00,837 trace.runner.sweep_runner INFO: intensity=0.50 seed=0 ep=0 success=True steps=71
2026-03-05 01:54:06,299 trace.runner.sweep_runner INFO: intensity=0.50 seed=0 ep=1 success=True steps=77
2026-03-05 01:54:13,015 trace.runner.sweep_runner INFO: intensity=0.50 seed=0 ep=2 success=True steps=97
2026-03-05 01:54:18,978 trace.runner.sweep_runner INFO: intensity=0.50 seed=0 ep=3 success=True steps=83
2026-03-05 01:54:25,266 trace.runner.sweep_runner INFO: intensity=0.50 seed=0 ep=4 success=True steps=86
2026-03-05 01:54:31,171 trace.runner.sweep_runner INFO: intensity=0.50 seed=0 ep=5 success=True steps=83
2026-03-05 01:54:36,647 trace.runner.sweep_runner INFO: intensity=0.50 seed=0 ep=6 success=True steps=73
2026-03-05 01:54:42,745 trace.runner.sweep_runner INFO: intensity=0.50 seed=0 ep=7 success=True steps=86
2026-03-05 01:54:48,706 trace.runner.sweep_runner INFO: intensity=0.50 seed=0 ep=8 success=True steps=84
2026-03-05 01:54:54,052 trace.runner.sweep_runner INFO: intensity=0.50 seed=0 ep=9 success=True steps=72
2026-03-05 01:55:00,736 trace.runner.sweep_runner INFO: intensity=0.50 seed=1 ep=0 success=True steps=94
2026-03-05 01:55:06,303 trace.runner.sweep_runner INFO: intensity=0.50 seed=1 ep=1 success=True steps=77
2026-03-05 01:55:11,764 trace.runner.sweep_runner INFO: intensity=0.50 seed=1 ep=2 success=True steps=80
2026-03-05 01:55:17,251 trace.runner.sweep_runner INFO: intensity=0.50 seed=1 ep=3 success=True steps=75
2026-03-05 01:55:22,711 trace.runner.sweep_runner INFO: intensity=0.50 seed=1 ep=4 success=True steps=75
2026-03-05 01:55:27,809 trace.runner.sweep_runner INFO: intensity=0.50 seed=1 ep=5 success=True steps=70
2026-03-05 01:55:33,231 trace.runner.sweep_runner INFO: intensity=0.50 seed=1 ep=6 success=True steps=75
2026-03-05 01:55:38,720 trace.runner.sweep_runner INFO: intensity=0.50 seed=1 ep=7 success=True steps=75
2026-03-05 01:55:44,678 trace.runner.sweep_runner INFO: intensity=0.50 seed=1 ep=8 success=True steps=83
2026-03-05 01:55:51,820 trace.runner.sweep_runner INFO: intensity=0.50 seed=1 ep=9 success=True steps=106
2026-03-05 01:55:57,412 trace.runner.sweep_runner INFO: intensity=0.50 seed=2 ep=0 success=True steps=79
2026-03-05 01:56:03,556 trace.runner.sweep_runner INFO: intensity=0.50 seed=2 ep=1 success=True steps=89
2026-03-05 01:56:11,666 trace.runner.sweep_runner INFO: intensity=0.50 seed=2 ep=2 success=True steps=124
2026-03-05 01:56:17,664 trace.runner.sweep_runner INFO: intensity=0.50 seed=2 ep=3 success=True steps=81
2026-03-05 01:56:23,026 trace.runner.sweep_runner INFO: intensity=0.50 seed=2 ep=4 success=True steps=73
2026-03-05 01:56:28,835 trace.runner.sweep_runner INFO: intensity=0.50 seed=2 ep=5 success=True steps=82
2026-03-05 01:56:34,683 trace.runner.sweep_runner INFO: intensity=0.50 seed=2 ep=6 success=True steps=80
2026-03-05 01:56:40,549 trace.runner.sweep_runner INFO: intensity=0.50 seed=2 ep=7 success=True steps=81
2026-03-05 01:56:46,238 trace.runner.sweep_runner INFO: intensity=0.50 seed=2 ep=8 success=True steps=80
2026-03-05 01:56:51,827 trace.runner.sweep_runner INFO: intensity=0.50 seed=2 ep=9 success=True steps=76
2026-03-05 01:56:59,691 trace.runner.sweep_runner INFO: intensity=0.50 seed=3 ep=0 success=True steps=116
2026-03-05 01:57:05,311 trace.runner.sweep_runner INFO: intensity=0.50 seed=3 ep=1 success=True steps=79
2026-03-05 01:57:15,569 trace.runner.sweep_runner INFO: intensity=0.50 seed=3 ep=2 success=True steps=160
2026-03-05 01:57:21,339 trace.runner.sweep_runner INFO: intensity=0.50 seed=3 ep=3 success=True steps=80
2026-03-05 01:57:26,921 trace.runner.sweep_runner INFO: intensity=0.50 seed=3 ep=4 success=True steps=76
2026-03-05 01:57:34,194 trace.runner.sweep_runner INFO: intensity=0.50 seed=3 ep=5 success=True steps=109
2026-03-05 01:57:39,527 trace.runner.sweep_runner INFO: intensity=0.50 seed=3 ep=6 success=True steps=72
2026-03-05 01:57:45,285 trace.runner.sweep_runner INFO: intensity=0.50 seed=3 ep=7 success=True steps=80
2026-03-05 01:57:51,440 trace.runner.sweep_runner INFO: intensity=0.50 seed=3 ep=8 success=True steps=83
2026-03-05 01:57:57,291 trace.runner.sweep_runner INFO: intensity=0.50 seed=3 ep=9 success=True steps=78
2026-03-05 01:58:02,900 trace.runner.sweep_runner INFO: intensity=0.50 seed=4 ep=0 success=True steps=79
2026-03-05 01:58:08,488 trace.runner.sweep_runner INFO: intensity=0.50 seed=4 ep=1 success=True steps=78
2026-03-05 01:58:14,259 trace.runner.sweep_runner INFO: intensity=0.50 seed=4 ep=2 success=True steps=82
2026-03-05 01:58:19,559 trace.runner.sweep_runner INFO: intensity=0.50 seed=4 ep=3 success=True steps=72
2026-03-05 01:58:25,488 trace.runner.sweep_runner INFO: intensity=0.50 seed=4 ep=4 success=True steps=81
2026-03-05 01:58:31,275 trace.runner.sweep_runner INFO: intensity=0.50 seed=4 ep=5 success=True steps=82
2026-03-05 01:58:36,607 trace.runner.sweep_runner INFO: intensity=0.50 seed=4 ep=6 success=True steps=71
2026-03-05 01:58:42,299 trace.runner.sweep_runner INFO: intensity=0.50 seed=4 ep=7 success=True steps=77
2026-03-05 01:58:48,046 trace.runner.sweep_runner INFO: intensity=0.50 seed=4 ep=8 success=True steps=78
2026-03-05 01:58:54,087 trace.runner.sweep_runner INFO: intensity=0.50 seed=4 ep=9 success=True steps=84
2026-03-05 01:58:59,988 trace.runner.sweep_runner INFO: intensity=0.70 seed=0 ep=0 success=True steps=82
2026-03-05 01:59:05,292 trace.runner.sweep_runner INFO: intensity=0.70 seed=0 ep=1 success=True steps=73
2026-03-05 01:59:11,303 trace.runner.sweep_runner INFO: intensity=0.70 seed=0 ep=2 success=True steps=84
2026-03-05 01:59:17,543 trace.runner.sweep_runner INFO: intensity=0.70 seed=0 ep=3 success=True steps=86
2026-03-05 01:59:23,626 trace.runner.sweep_runner INFO: intensity=0.70 seed=0 ep=4 success=True steps=83
2026-03-05 01:59:29,212 trace.runner.sweep_runner INFO: intensity=0.70 seed=0 ep=5 success=True steps=78
2026-03-05 01:59:34,782 trace.runner.sweep_runner INFO: intensity=0.70 seed=0 ep=6 success=True steps=73
2026-03-05 01:59:41,440 trace.runner.sweep_runner INFO: intensity=0.70 seed=0 ep=7 success=True steps=94
2026-03-05 01:59:47,087 trace.runner.sweep_runner INFO: intensity=0.70 seed=0 ep=8 success=True steps=78
2026-03-05 01:59:52,804 trace.runner.sweep_runner INFO: intensity=0.70 seed=0 ep=9 success=True steps=80
2026-03-05 02:00:06,374 trace.runner.sweep_runner INFO: intensity=0.70 seed=1 ep=0 success=False steps=220
2026-03-05 02:00:12,115 trace.runner.sweep_runner INFO: intensity=0.70 seed=1 ep=1 success=True steps=80
2026-03-05 02:00:25,836 trace.runner.sweep_runner INFO: intensity=0.70 seed=1 ep=2 success=False steps=220
2026-03-05 02:00:32,384 trace.runner.sweep_runner INFO: intensity=0.70 seed=1 ep=3 success=True steps=92
2026-03-05 02:00:38,275 trace.runner.sweep_runner INFO: intensity=0.70 seed=1 ep=4 success=True steps=82
2026-03-05 02:00:43,967 trace.runner.sweep_runner INFO: intensity=0.70 seed=1 ep=5 success=True steps=77
2026-03-05 02:00:49,367 trace.runner.sweep_runner INFO: intensity=0.70 seed=1 ep=6 success=True steps=75
2026-03-05 02:00:55,280 trace.runner.sweep_runner INFO: intensity=0.70 seed=1 ep=7 success=True steps=81
2026-03-05 02:01:01,177 trace.runner.sweep_runner INFO: intensity=0.70 seed=1 ep=8 success=True steps=83
2026-03-05 02:01:08,134 trace.runner.sweep_runner INFO: intensity=0.70 seed=1 ep=9 success=True steps=96
2026-03-05 02:01:13,881 trace.runner.sweep_runner INFO: intensity=0.70 seed=2 ep=0 success=True steps=81
2026-03-05 02:01:20,311 trace.runner.sweep_runner INFO: intensity=0.70 seed=2 ep=1 success=True steps=92
2026-03-05 02:01:33,842 trace.runner.sweep_runner INFO: intensity=0.70 seed=2 ep=2 success=False steps=220
2026-03-05 02:01:39,756 trace.runner.sweep_runner INFO: intensity=0.70 seed=2 ep=3 success=True steps=79
2026-03-05 02:01:50,064 trace.runner.sweep_runner INFO: intensity=0.70 seed=2 ep=4 success=True steps=148
2026-03-05 02:01:55,368 trace.runner.sweep_runner INFO: intensity=0.70 seed=2 ep=5 success=True steps=71
2026-03-05 02:02:00,625 trace.runner.sweep_runner INFO: intensity=0.70 seed=2 ep=6 success=True steps=72
2026-03-05 02:02:14,285 trace.runner.sweep_runner INFO: intensity=0.70 seed=2 ep=7 success=False steps=220
2026-03-05 02:02:25,926 trace.runner.sweep_runner INFO: intensity=0.70 seed=2 ep=8 success=True steps=174
2026-03-05 02:02:31,378 trace.runner.sweep_runner INFO: intensity=0.70 seed=2 ep=9 success=True steps=74
2026-03-05 02:02:36,762 trace.runner.sweep_runner INFO: intensity=0.70 seed=3 ep=0 success=True steps=75
2026-03-05 02:02:42,412 trace.runner.sweep_runner INFO: intensity=0.70 seed=3 ep=1 success=True steps=79
2026-03-05 02:02:48,804 trace.runner.sweep_runner INFO: intensity=0.70 seed=3 ep=2 success=True steps=95
2026-03-05 02:02:53,911 trace.runner.sweep_runner INFO: intensity=0.70 seed=3 ep=3 success=True steps=68
2026-03-05 02:02:59,329 trace.runner.sweep_runner INFO: intensity=0.70 seed=3 ep=4 success=True steps=73
2026-03-05 02:03:05,425 trace.runner.sweep_runner INFO: intensity=0.70 seed=3 ep=5 success=True steps=84
2026-03-05 02:03:10,803 trace.runner.sweep_runner INFO: intensity=0.70 seed=3 ep=6 success=True steps=73
2026-03-05 02:03:16,885 trace.runner.sweep_runner INFO: intensity=0.70 seed=3 ep=7 success=True steps=85
2026-03-05 02:03:22,888 trace.runner.sweep_runner INFO: intensity=0.70 seed=3 ep=8 success=True steps=81
2026-03-05 02:03:29,095 trace.runner.sweep_runner INFO: intensity=0.70 seed=3 ep=9 success=True steps=84
2026-03-05 02:03:36,715 trace.runner.sweep_runner INFO: intensity=0.70 seed=4 ep=0 success=True steps=112
2026-03-05 02:03:44,588 trace.runner.sweep_runner INFO: intensity=0.70 seed=4 ep=1 success=True steps=118
2026-03-05 02:03:50,660 trace.runner.sweep_runner INFO: intensity=0.70 seed=4 ep=2 success=True steps=87
2026-03-05 02:03:55,959 trace.runner.sweep_runner INFO: intensity=0.70 seed=4 ep=3 success=True steps=72
2026-03-05 02:04:02,929 trace.runner.sweep_runner INFO: intensity=0.70 seed=4 ep=4 success=True steps=99
2026-03-05 02:04:08,574 trace.runner.sweep_runner INFO: intensity=0.70 seed=4 ep=5 success=True steps=78
2026-03-05 02:04:13,649 trace.runner.sweep_runner INFO: intensity=0.70 seed=4 ep=6 success=True steps=68
2026-03-05 02:04:19,070 trace.runner.sweep_runner INFO: intensity=0.70 seed=4 ep=7 success=True steps=72
2026-03-05 02:04:25,334 trace.runner.sweep_runner INFO: intensity=0.70 seed=4 ep=8 success=True steps=88
2026-03-05 02:04:30,997 trace.runner.sweep_runner INFO: intensity=0.70 seed=4 ep=9 success=True steps=78
2026-03-05 02:04:38,426 trace.runner.sweep_runner INFO: intensity=1.00 seed=0 ep=0 success=True steps=108
2026-03-05 02:04:44,136 trace.runner.sweep_runner INFO: intensity=1.00 seed=0 ep=1 success=True steps=78
2026-03-05 02:04:57,894 trace.runner.sweep_runner INFO: intensity=1.00 seed=0 ep=2 success=False steps=220
2026-03-05 02:05:11,698 trace.runner.sweep_runner INFO: intensity=1.00 seed=0 ep=3 success=False steps=220
2026-03-05 02:05:17,316 trace.runner.sweep_runner INFO: intensity=1.00 seed=0 ep=4 success=True steps=77
2026-03-05 02:05:22,801 trace.runner.sweep_runner INFO: intensity=1.00 seed=0 ep=5 success=True steps=75
2026-03-05 02:05:36,678 trace.runner.sweep_runner INFO: intensity=1.00 seed=0 ep=6 success=False steps=220
2026-03-05 02:05:42,379 trace.runner.sweep_runner INFO: intensity=1.00 seed=0 ep=7 success=True steps=77
2026-03-05 02:05:50,831 trace.runner.sweep_runner INFO: intensity=1.00 seed=0 ep=8 success=True steps=123
2026-03-05 02:05:56,770 trace.runner.sweep_runner INFO: intensity=1.00 seed=0 ep=9 success=True steps=82
2026-03-05 02:06:02,345 trace.runner.sweep_runner INFO: intensity=1.00 seed=1 ep=0 success=True steps=78
2026-03-05 02:06:08,789 trace.runner.sweep_runner INFO: intensity=1.00 seed=1 ep=1 success=True steps=92
2026-03-05 02:06:14,806 trace.runner.sweep_runner INFO: intensity=1.00 seed=1 ep=2 success=True steps=89
2026-03-05 02:06:28,644 trace.runner.sweep_runner INFO: intensity=1.00 seed=1 ep=3 success=False steps=220
2026-03-05 02:06:34,934 trace.runner.sweep_runner INFO: intensity=1.00 seed=1 ep=4 success=True steps=87
2026-03-05 02:06:49,039 trace.runner.sweep_runner INFO: intensity=1.00 seed=1 ep=5 success=False steps=220
2026-03-05 02:06:54,195 trace.runner.sweep_runner INFO: intensity=1.00 seed=1 ep=6 success=True steps=66
2026-03-05 02:07:00,115 trace.runner.sweep_runner INFO: intensity=1.00 seed=1 ep=7 success=True steps=83
2026-03-05 02:07:06,674 trace.runner.sweep_runner INFO: intensity=1.00 seed=1 ep=8 success=True steps=93
2026-03-05 02:07:12,725 trace.runner.sweep_runner INFO: intensity=1.00 seed=1 ep=9 success=True steps=82
2026-03-05 02:07:19,007 trace.runner.sweep_runner INFO: intensity=1.00 seed=2 ep=0 success=True steps=87
2026-03-05 02:07:25,237 trace.runner.sweep_runner INFO: intensity=1.00 seed=2 ep=1 success=True steps=86
2026-03-05 02:07:36,262 trace.runner.sweep_runner INFO: intensity=1.00 seed=2 ep=2 success=True steps=181
2026-03-05 02:07:42,166 trace.runner.sweep_runner INFO: intensity=1.00 seed=2 ep=3 success=True steps=82
2026-03-05 02:07:48,114 trace.runner.sweep_runner INFO: intensity=1.00 seed=2 ep=4 success=True steps=83
2026-03-05 02:07:54,167 trace.runner.sweep_runner INFO: intensity=1.00 seed=2 ep=5 success=True steps=85
2026-03-05 02:08:00,353 trace.runner.sweep_runner INFO: intensity=1.00 seed=2 ep=6 success=True steps=86
2026-03-05 02:08:14,163 trace.runner.sweep_runner INFO: intensity=1.00 seed=2 ep=7 success=False steps=220
2026-03-05 02:08:20,087 trace.runner.sweep_runner INFO: intensity=1.00 seed=2 ep=8 success=True steps=81
2026-03-05 02:08:34,048 trace.runner.sweep_runner INFO: intensity=1.00 seed=2 ep=9 success=False steps=220
2026-03-05 02:08:39,708 trace.runner.sweep_runner INFO: intensity=1.00 seed=3 ep=0 success=True steps=78
2026-03-05 02:08:45,355 trace.runner.sweep_runner INFO: intensity=1.00 seed=3 ep=1 success=True steps=76
2026-03-05 02:08:52,029 trace.runner.sweep_runner INFO: intensity=1.00 seed=3 ep=2 success=True steps=96
2026-03-05 02:09:05,706 trace.runner.sweep_runner INFO: intensity=1.00 seed=3 ep=3 success=False steps=220
2026-03-05 02:09:11,335 trace.runner.sweep_runner INFO: intensity=1.00 seed=3 ep=4 success=True steps=77
2026-03-05 02:09:17,318 trace.runner.sweep_runner INFO: intensity=1.00 seed=3 ep=5 success=True steps=83
2026-03-05 02:09:24,780 trace.runner.sweep_runner INFO: intensity=1.00 seed=3 ep=6 success=True steps=107
2026-03-05 02:09:30,895 trace.runner.sweep_runner INFO: intensity=1.00 seed=3 ep=7 success=True steps=84
2026-03-05 02:09:43,614 trace.runner.sweep_runner INFO: intensity=1.00 seed=3 ep=8 success=True steps=204
2026-03-05 02:09:49,633 trace.runner.sweep_runner INFO: intensity=1.00 seed=3 ep=9 success=True steps=83
2026-03-05 02:09:58,169 trace.runner.sweep_runner INFO: intensity=1.00 seed=4 ep=0 success=True steps=129
2026-03-05 02:10:12,174 trace.runner.sweep_runner INFO: intensity=1.00 seed=4 ep=1 success=False steps=220
2026-03-05 02:10:18,234 trace.runner.sweep_runner INFO: intensity=1.00 seed=4 ep=2 success=True steps=89
2026-03-05 02:10:24,764 trace.runner.sweep_runner INFO: intensity=1.00 seed=4 ep=3 success=True steps=92
2026-03-05 02:10:30,856 trace.runner.sweep_runner INFO: intensity=1.00 seed=4 ep=4 success=True steps=82
2026-03-05 02:10:36,777 trace.runner.sweep_runner INFO: intensity=1.00 seed=4 ep=5 success=True steps=82
2026-03-05 02:10:50,779 trace.runner.sweep_runner INFO: intensity=1.00 seed=4 ep=6 success=False steps=220
2026-03-05 02:11:04,590 trace.runner.sweep_runner INFO: intensity=1.00 seed=4 ep=7 success=False steps=220
2026-03-05 02:11:11,569 trace.runner.sweep_runner INFO: intensity=1.00 seed=4 ep=8 success=True steps=97
2026-03-05 02:11:21,553 trace.runner.sweep_runner INFO: intensity=1.00 seed=4 ep=9 success=True steps=151
2026-03-05 02:11:21,557 __main__ INFO:   baseline=100%, max_degradation=22%, breakpoint=none
2026-03-05 02:11:21,560 __main__ INFO:   Report updated: output/reports/report_Pi0PolicyAdapter_libero_20260304_223648.md (5/9 stressors)
2026-03-05 02:11:21,560 __main__ INFO: Running sweep 6/9: ImageNoiseStressor
2026-03-05 02:11:26,820 trace.runner.sweep_runner INFO: intensity=0.00 seed=0 ep=0 success=True steps=71
2026-03-05 02:11:33,690 trace.runner.sweep_runner INFO: intensity=0.00 seed=0 ep=1 success=True steps=102
2026-03-05 02:11:39,462 trace.runner.sweep_runner INFO: intensity=0.00 seed=0 ep=2 success=True steps=82
2026-03-05 02:11:44,898 trace.runner.sweep_runner INFO: intensity=0.00 seed=0 ep=3 success=True steps=74
2026-03-05 02:11:50,397 trace.runner.sweep_runner INFO: intensity=0.00 seed=0 ep=4 success=True steps=75
2026-03-05 02:11:55,756 trace.runner.sweep_runner INFO: intensity=0.00 seed=0 ep=5 success=True steps=72
2026-03-05 02:12:01,126 trace.runner.sweep_runner INFO: intensity=0.00 seed=0 ep=6 success=True steps=71
2026-03-05 02:12:07,368 trace.runner.sweep_runner INFO: intensity=0.00 seed=0 ep=7 success=True steps=85
2026-03-05 02:12:13,191 trace.runner.sweep_runner INFO: intensity=0.00 seed=0 ep=8 success=True steps=78
2026-03-05 02:12:20,564 trace.runner.sweep_runner INFO: intensity=0.00 seed=0 ep=9 success=True steps=107
2026-03-05 02:12:26,192 trace.runner.sweep_runner INFO: intensity=0.00 seed=1 ep=0 success=True steps=78
2026-03-05 02:12:31,905 trace.runner.sweep_runner INFO: intensity=0.00 seed=1 ep=1 success=True steps=78
2026-03-05 02:12:37,357 trace.runner.sweep_runner INFO: intensity=0.00 seed=1 ep=2 success=True steps=77
2026-03-05 02:12:43,015 trace.runner.sweep_runner INFO: intensity=0.00 seed=1 ep=3 success=True steps=77
2026-03-05 02:12:48,247 trace.runner.sweep_runner INFO: intensity=0.00 seed=1 ep=4 success=True steps=70
2026-03-05 02:12:54,002 trace.runner.sweep_runner INFO: intensity=0.00 seed=1 ep=5 success=True steps=77
2026-03-05 02:12:59,310 trace.runner.sweep_runner INFO: intensity=0.00 seed=1 ep=6 success=True steps=70
2026-03-05 02:13:05,311 trace.runner.sweep_runner INFO: intensity=0.00 seed=1 ep=7 success=True steps=82
2026-03-05 02:13:11,291 trace.runner.sweep_runner INFO: intensity=0.00 seed=1 ep=8 success=True steps=84
2026-03-05 02:13:16,563 trace.runner.sweep_runner INFO: intensity=0.00 seed=1 ep=9 success=True steps=72
2026-03-05 02:13:22,282 trace.runner.sweep_runner INFO: intensity=0.00 seed=2 ep=0 success=True steps=78
2026-03-05 02:13:29,193 trace.runner.sweep_runner INFO: intensity=0.00 seed=2 ep=1 success=True steps=101
2026-03-05 02:13:36,576 trace.runner.sweep_runner INFO: intensity=0.00 seed=2 ep=2 success=True steps=108
2026-03-05 02:13:42,328 trace.runner.sweep_runner INFO: intensity=0.00 seed=2 ep=3 success=True steps=79
2026-03-05 02:13:47,725 trace.runner.sweep_runner INFO: intensity=0.00 seed=2 ep=4 success=True steps=73
2026-03-05 02:13:53,262 trace.runner.sweep_runner INFO: intensity=0.00 seed=2 ep=5 success=True steps=75
2026-03-05 02:13:58,378 trace.runner.sweep_runner INFO: intensity=0.00 seed=2 ep=6 success=True steps=69
2026-03-05 02:14:04,465 trace.runner.sweep_runner INFO: intensity=0.00 seed=2 ep=7 success=True steps=83
2026-03-05 02:14:10,440 trace.runner.sweep_runner INFO: intensity=0.00 seed=2 ep=8 success=True steps=83
2026-03-05 02:14:15,955 trace.runner.sweep_runner INFO: intensity=0.00 seed=2 ep=9 success=True steps=75
2026-03-05 02:14:23,156 trace.runner.sweep_runner INFO: intensity=0.00 seed=3 ep=0 success=True steps=106
2026-03-05 02:14:30,233 trace.runner.sweep_runner INFO: intensity=0.00 seed=3 ep=1 success=True steps=105
2026-03-05 02:14:36,210 trace.runner.sweep_runner INFO: intensity=0.00 seed=3 ep=2 success=True steps=84
2026-03-05 02:14:41,872 trace.runner.sweep_runner INFO: intensity=0.00 seed=3 ep=3 success=True steps=78
2026-03-05 02:14:47,392 trace.runner.sweep_runner INFO: intensity=0.00 seed=3 ep=4 success=True steps=74
2026-03-05 02:14:52,647 trace.runner.sweep_runner INFO: intensity=0.00 seed=3 ep=5 success=True steps=71
2026-03-05 02:14:58,160 trace.runner.sweep_runner INFO: intensity=0.00 seed=3 ep=6 success=True steps=74
2026-03-05 02:15:04,265 trace.runner.sweep_runner INFO: intensity=0.00 seed=3 ep=7 success=True steps=85
2026-03-05 02:15:10,033 trace.runner.sweep_runner INFO: intensity=0.00 seed=3 ep=8 success=True steps=80
2026-03-05 02:15:15,389 trace.runner.sweep_runner INFO: intensity=0.00 seed=3 ep=9 success=True steps=73
2026-03-05 02:15:21,036 trace.runner.sweep_runner INFO: intensity=0.00 seed=4 ep=0 success=True steps=77
2026-03-05 02:15:26,702 trace.runner.sweep_runner INFO: intensity=0.00 seed=4 ep=1 success=True steps=78
2026-03-05 02:15:31,930 trace.runner.sweep_runner INFO: intensity=0.00 seed=4 ep=2 success=True steps=73
2026-03-05 02:15:37,762 trace.runner.sweep_runner INFO: intensity=0.00 seed=4 ep=3 success=True steps=80
2026-03-05 02:15:43,259 trace.runner.sweep_runner INFO: intensity=0.00 seed=4 ep=4 success=True steps=75
2026-03-05 02:15:49,144 trace.runner.sweep_runner INFO: intensity=0.00 seed=4 ep=5 success=True steps=82
2026-03-05 02:15:54,652 trace.runner.sweep_runner INFO: intensity=0.00 seed=4 ep=6 success=True steps=72
2026-03-05 02:16:00,311 trace.runner.sweep_runner INFO: intensity=0.00 seed=4 ep=7 success=True steps=76
2026-03-05 02:16:06,120 trace.runner.sweep_runner INFO: intensity=0.00 seed=4 ep=8 success=True steps=81
2026-03-05 02:16:11,903 trace.runner.sweep_runner INFO: intensity=0.00 seed=4 ep=9 success=True steps=80
2026-03-05 02:16:17,826 trace.runner.sweep_runner INFO: intensity=0.10 seed=0 ep=0 success=True steps=73
2026-03-05 02:16:25,594 trace.runner.sweep_runner INFO: intensity=0.10 seed=0 ep=1 success=True steps=104
2026-03-05 02:16:32,008 trace.runner.sweep_runner INFO: intensity=0.10 seed=0 ep=2 success=True steps=82
2026-03-05 02:16:38,217 trace.runner.sweep_runner INFO: intensity=0.10 seed=0 ep=3 success=True steps=76
2026-03-05 02:16:44,405 trace.runner.sweep_runner INFO: intensity=0.10 seed=0 ep=4 success=True steps=77
2026-03-05 02:16:50,383 trace.runner.sweep_runner INFO: intensity=0.10 seed=0 ep=5 success=True steps=74
2026-03-05 02:16:56,610 trace.runner.sweep_runner INFO: intensity=0.10 seed=0 ep=6 success=True steps=76
2026-03-05 02:17:02,968 trace.runner.sweep_runner INFO: intensity=0.10 seed=0 ep=7 success=True steps=79
2026-03-05 02:17:09,372 trace.runner.sweep_runner INFO: intensity=0.10 seed=0 ep=8 success=True steps=80
2026-03-05 02:17:15,576 trace.runner.sweep_runner INFO: intensity=0.10 seed=0 ep=9 success=True steps=77
2026-03-05 02:17:21,912 trace.runner.sweep_runner INFO: intensity=0.10 seed=1 ep=0 success=True steps=78
2026-03-05 02:17:30,069 trace.runner.sweep_runner INFO: intensity=0.10 seed=1 ep=1 success=True steps=108
2026-03-05 02:17:36,603 trace.runner.sweep_runner INFO: intensity=0.10 seed=1 ep=2 success=True steps=85
2026-03-05 02:17:42,909 trace.runner.sweep_runner INFO: intensity=0.10 seed=1 ep=3 success=True steps=79
2026-03-05 02:17:49,086 trace.runner.sweep_runner INFO: intensity=0.10 seed=1 ep=4 success=True steps=76
2026-03-05 02:17:55,022 trace.runner.sweep_runner INFO: intensity=0.10 seed=1 ep=5 success=True steps=74
2026-03-05 02:18:01,050 trace.runner.sweep_runner INFO: intensity=0.10 seed=1 ep=6 success=True steps=75
2026-03-05 02:18:07,409 trace.runner.sweep_runner INFO: intensity=0.10 seed=1 ep=7 success=True steps=78
2026-03-05 02:18:13,976 trace.runner.sweep_runner INFO: intensity=0.10 seed=1 ep=8 success=True steps=83
2026-03-05 02:18:19,965 trace.runner.sweep_runner INFO: intensity=0.10 seed=1 ep=9 success=True steps=73
2026-03-05 02:18:26,342 trace.runner.sweep_runner INFO: intensity=0.10 seed=2 ep=0 success=True steps=80
2026-03-05 02:18:34,384 trace.runner.sweep_runner INFO: intensity=0.10 seed=2 ep=1 success=True steps=107
2026-03-05 02:18:40,945 trace.runner.sweep_runner INFO: intensity=0.10 seed=2 ep=2 success=True steps=87
2026-03-05 02:18:46,933 trace.runner.sweep_runner INFO: intensity=0.10 seed=2 ep=3 success=True steps=75
2026-03-05 02:18:52,947 trace.runner.sweep_runner INFO: intensity=0.10 seed=2 ep=4 success=True steps=74
2026-03-05 02:18:58,614 trace.runner.sweep_runner INFO: intensity=0.10 seed=2 ep=5 success=True steps=69
2026-03-05 02:19:04,401 trace.runner.sweep_runner INFO: intensity=0.10 seed=2 ep=6 success=True steps=71
2026-03-05 02:19:11,048 trace.runner.sweep_runner INFO: intensity=0.10 seed=2 ep=7 success=True steps=83
2026-03-05 02:19:17,318 trace.runner.sweep_runner INFO: intensity=0.10 seed=2 ep=8 success=True steps=79
2026-03-05 02:19:23,089 trace.runner.sweep_runner INFO: intensity=0.10 seed=2 ep=9 success=True steps=71
2026-03-05 02:19:31,259 trace.runner.sweep_runner INFO: intensity=0.10 seed=3 ep=0 success=True steps=108
2026-03-05 02:19:37,602 trace.runner.sweep_runner INFO: intensity=0.10 seed=3 ep=1 success=True steps=79
2026-03-05 02:19:44,299 trace.runner.sweep_runner INFO: intensity=0.10 seed=3 ep=2 success=True steps=86
2026-03-05 02:19:52,506 trace.runner.sweep_runner INFO: intensity=0.10 seed=3 ep=3 success=True steps=108
2026-03-05 02:19:58,483 trace.runner.sweep_runner INFO: intensity=0.10 seed=3 ep=4 success=True steps=74
2026-03-05 02:20:06,268 trace.runner.sweep_runner INFO: intensity=0.10 seed=3 ep=5 success=True steps=103
2026-03-05 02:20:12,004 trace.runner.sweep_runner INFO: intensity=0.10 seed=3 ep=6 success=True steps=70
2026-03-05 02:20:18,119 trace.runner.sweep_runner INFO: intensity=0.10 seed=3 ep=7 success=True steps=75
2026-03-05 02:20:24,116 trace.runner.sweep_runner INFO: intensity=0.10 seed=3 ep=8 success=True steps=75
2026-03-05 02:20:29,990 trace.runner.sweep_runner INFO: intensity=0.10 seed=3 ep=9 success=True steps=73
2026-03-05 02:20:36,303 trace.runner.sweep_runner INFO: intensity=0.10 seed=4 ep=0 success=True steps=79
2026-03-05 02:20:47,983 trace.runner.sweep_runner INFO: intensity=0.10 seed=4 ep=1 success=True steps=165
2026-03-05 02:20:54,191 trace.runner.sweep_runner INFO: intensity=0.10 seed=4 ep=2 success=True steps=80
2026-03-05 02:21:00,540 trace.runner.sweep_runner INFO: intensity=0.10 seed=4 ep=3 success=True steps=80
2026-03-05 02:21:06,536 trace.runner.sweep_runner INFO: intensity=0.10 seed=4 ep=4 success=True steps=74
2026-03-05 02:21:13,021 trace.runner.sweep_runner INFO: intensity=0.10 seed=4 ep=5 success=True steps=81
2026-03-05 02:21:19,328 trace.runner.sweep_runner INFO: intensity=0.10 seed=4 ep=6 success=True steps=76
2026-03-05 02:21:25,648 trace.runner.sweep_runner INFO: intensity=0.10 seed=4 ep=7 success=True steps=79
2026-03-05 02:21:31,619 trace.runner.sweep_runner INFO: intensity=0.10 seed=4 ep=8 success=True steps=73
2026-03-05 02:21:37,518 trace.runner.sweep_runner INFO: intensity=0.10 seed=4 ep=9 success=True steps=74
2026-03-05 02:21:43,754 trace.runner.sweep_runner INFO: intensity=0.20 seed=0 ep=0 success=True steps=78
2026-03-05 02:21:49,710 trace.runner.sweep_runner INFO: intensity=0.20 seed=0 ep=1 success=True steps=74
2026-03-05 02:21:56,506 trace.runner.sweep_runner INFO: intensity=0.20 seed=0 ep=2 success=True steps=86
2026-03-05 02:22:02,943 trace.runner.sweep_runner INFO: intensity=0.20 seed=0 ep=3 success=True steps=79
2026-03-05 02:22:08,957 trace.runner.sweep_runner INFO: intensity=0.20 seed=0 ep=4 success=True steps=73
2026-03-05 02:22:14,890 trace.runner.sweep_runner INFO: intensity=0.20 seed=0 ep=5 success=True steps=73
2026-03-05 02:22:20,840 trace.runner.sweep_runner INFO: intensity=0.20 seed=0 ep=6 success=True steps=74
2026-03-05 02:22:27,294 trace.runner.sweep_runner INFO: intensity=0.20 seed=0 ep=7 success=True steps=80
2026-03-05 02:22:33,314 trace.runner.sweep_runner INFO: intensity=0.20 seed=0 ep=8 success=True steps=75
2026-03-05 02:22:39,180 trace.runner.sweep_runner INFO: intensity=0.20 seed=0 ep=9 success=True steps=73
2026-03-05 02:22:45,401 trace.runner.sweep_runner INFO: intensity=0.20 seed=1 ep=0 success=True steps=78
2026-03-05 02:22:51,375 trace.runner.sweep_runner INFO: intensity=0.20 seed=1 ep=1 success=True steps=75
2026-03-05 02:22:58,145 trace.runner.sweep_runner INFO: intensity=0.20 seed=1 ep=2 success=True steps=87
2026-03-05 02:23:04,410 trace.runner.sweep_runner INFO: intensity=0.20 seed=1 ep=3 success=True steps=77
2026-03-05 02:23:10,426 trace.runner.sweep_runner INFO: intensity=0.20 seed=1 ep=4 success=True steps=75
2026-03-05 02:23:16,644 trace.runner.sweep_runner INFO: intensity=0.20 seed=1 ep=5 success=True steps=78
2026-03-05 02:23:22,567 trace.runner.sweep_runner INFO: intensity=0.20 seed=1 ep=6 success=True steps=71
2026-03-05 02:23:28,909 trace.runner.sweep_runner INFO: intensity=0.20 seed=1 ep=7 success=True steps=78
2026-03-05 02:23:35,189 trace.runner.sweep_runner INFO: intensity=0.20 seed=1 ep=8 success=True steps=78
2026-03-05 02:23:41,296 trace.runner.sweep_runner INFO: intensity=0.20 seed=1 ep=9 success=True steps=76
2026-03-05 02:23:47,527 trace.runner.sweep_runner INFO: intensity=0.20 seed=2 ep=0 success=True steps=78
2026-03-05 02:23:53,612 trace.runner.sweep_runner INFO: intensity=0.20 seed=2 ep=1 success=True steps=76
2026-03-05 02:23:59,609 trace.runner.sweep_runner INFO: intensity=0.20 seed=2 ep=2 success=True steps=79
2026-03-05 02:24:05,952 trace.runner.sweep_runner INFO: intensity=0.20 seed=2 ep=3 success=True steps=78
2026-03-05 02:24:11,840 trace.runner.sweep_runner INFO: intensity=0.20 seed=2 ep=4 success=True steps=72
2026-03-05 02:24:18,112 trace.runner.sweep_runner INFO: intensity=0.20 seed=2 ep=5 success=True steps=76
2026-03-05 02:24:24,039 trace.runner.sweep_runner INFO: intensity=0.20 seed=2 ep=6 success=True steps=73
2026-03-05 02:24:30,521 trace.runner.sweep_runner INFO: intensity=0.20 seed=2 ep=7 success=True steps=82
2026-03-05 02:24:37,130 trace.runner.sweep_runner INFO: intensity=0.20 seed=2 ep=8 success=True steps=83
2026-03-05 02:24:42,946 trace.runner.sweep_runner INFO: intensity=0.20 seed=2 ep=9 success=True steps=71
2026-03-05 02:24:49,181 trace.runner.sweep_runner INFO: intensity=0.20 seed=3 ep=0 success=True steps=80
2026-03-05 02:24:56,952 trace.runner.sweep_runner INFO: intensity=0.20 seed=3 ep=1 success=True steps=104
2026-03-05 02:25:03,737 trace.runner.sweep_runner INFO: intensity=0.20 seed=3 ep=2 success=True steps=88
2026-03-05 02:25:09,989 trace.runner.sweep_runner INFO: intensity=0.20 seed=3 ep=3 success=True steps=76
2026-03-05 02:25:16,145 trace.runner.sweep_runner INFO: intensity=0.20 seed=3 ep=4 success=True steps=76
2026-03-05 02:25:22,128 trace.runner.sweep_runner INFO: intensity=0.20 seed=3 ep=5 success=True steps=75
2026-03-05 02:25:28,100 trace.runner.sweep_runner INFO: intensity=0.20 seed=3 ep=6 success=True steps=74
2026-03-05 02:25:34,793 trace.runner.sweep_runner INFO: intensity=0.20 seed=3 ep=7 success=True steps=83
2026-03-05 02:25:40,965 trace.runner.sweep_runner INFO: intensity=0.20 seed=3 ep=8 success=True steps=76
2026-03-05 02:25:46,740 trace.runner.sweep_runner INFO: intensity=0.20 seed=3 ep=9 success=True steps=71
2026-03-05 02:25:52,852 trace.runner.sweep_runner INFO: intensity=0.20 seed=4 ep=0 success=True steps=77
2026-03-05 02:25:59,022 trace.runner.sweep_runner INFO: intensity=0.20 seed=4 ep=1 success=True steps=77
2026-03-05 02:26:05,453 trace.runner.sweep_runner INFO: intensity=0.20 seed=4 ep=2 success=True steps=83
2026-03-05 02:26:11,523 trace.runner.sweep_runner INFO: intensity=0.20 seed=4 ep=3 success=True steps=75
2026-03-05 02:26:17,736 trace.runner.sweep_runner INFO: intensity=0.20 seed=4 ep=4 success=True steps=76
2026-03-05 02:26:23,899 trace.runner.sweep_runner INFO: intensity=0.20 seed=4 ep=5 success=True steps=78
2026-03-05 02:26:29,702 trace.runner.sweep_runner INFO: intensity=0.20 seed=4 ep=6 success=True steps=70
2026-03-05 02:26:36,359 trace.runner.sweep_runner INFO: intensity=0.20 seed=4 ep=7 success=True steps=84
2026-03-05 02:26:42,573 trace.runner.sweep_runner INFO: intensity=0.20 seed=4 ep=8 success=True steps=77
2026-03-05 02:26:48,324 trace.runner.sweep_runner INFO: intensity=0.20 seed=4 ep=9 success=True steps=70
2026-03-05 02:26:54,506 trace.runner.sweep_runner INFO: intensity=0.30 seed=0 ep=0 success=True steps=76
2026-03-05 02:27:00,436 trace.runner.sweep_runner INFO: intensity=0.30 seed=0 ep=1 success=True steps=73
2026-03-05 02:27:06,819 trace.runner.sweep_runner INFO: intensity=0.30 seed=0 ep=2 success=True steps=82
2026-03-05 02:27:13,138 trace.runner.sweep_runner INFO: intensity=0.30 seed=0 ep=3 success=True steps=76
2026-03-05 02:27:19,014 trace.runner.sweep_runner INFO: intensity=0.30 seed=0 ep=4 success=True steps=73
2026-03-05 02:27:25,227 trace.runner.sweep_runner INFO: intensity=0.30 seed=0 ep=5 success=True steps=76
2026-03-05 02:27:31,354 trace.runner.sweep_runner INFO: intensity=0.30 seed=0 ep=6 success=True steps=76
2026-03-05 02:27:37,983 trace.runner.sweep_runner INFO: intensity=0.30 seed=0 ep=7 success=True steps=82
2026-03-05 02:27:43,881 trace.runner.sweep_runner INFO: intensity=0.30 seed=0 ep=8 success=True steps=74
2026-03-05 02:27:49,917 trace.runner.sweep_runner INFO: intensity=0.30 seed=0 ep=9 success=True steps=74
2026-03-05 02:27:56,147 trace.runner.sweep_runner INFO: intensity=0.30 seed=1 ep=0 success=True steps=77
2026-03-05 02:28:02,306 trace.runner.sweep_runner INFO: intensity=0.30 seed=1 ep=1 success=True steps=78
2026-03-05 02:28:08,396 trace.runner.sweep_runner INFO: intensity=0.30 seed=1 ep=2 success=True steps=79
2026-03-05 02:28:14,419 trace.runner.sweep_runner INFO: intensity=0.30 seed=1 ep=3 success=True steps=75
2026-03-05 02:28:20,424 trace.runner.sweep_runner INFO: intensity=0.30 seed=1 ep=4 success=True steps=74
2026-03-05 02:28:26,487 trace.runner.sweep_runner INFO: intensity=0.30 seed=1 ep=5 success=True steps=74
2026-03-05 02:28:32,442 trace.runner.sweep_runner INFO: intensity=0.30 seed=1 ep=6 success=True steps=72
2026-03-05 02:28:39,116 trace.runner.sweep_runner INFO: intensity=0.30 seed=1 ep=7 success=True steps=82
2026-03-05 02:28:45,484 trace.runner.sweep_runner INFO: intensity=0.30 seed=1 ep=8 success=True steps=77
2026-03-05 02:28:51,763 trace.runner.sweep_runner INFO: intensity=0.30 seed=1 ep=9 success=True steps=76
2026-03-05 02:28:57,999 trace.runner.sweep_runner INFO: intensity=0.30 seed=2 ep=0 success=True steps=78
2026-03-05 02:29:04,243 trace.runner.sweep_runner INFO: intensity=0.30 seed=2 ep=1 success=True steps=79
2026-03-05 02:29:10,802 trace.runner.sweep_runner INFO: intensity=0.30 seed=2 ep=2 success=True steps=85
2026-03-05 02:29:17,414 trace.runner.sweep_runner INFO: intensity=0.30 seed=2 ep=3 success=True steps=81
2026-03-05 02:29:23,426 trace.runner.sweep_runner INFO: intensity=0.30 seed=2 ep=4 success=True steps=74
2026-03-05 02:29:29,456 trace.runner.sweep_runner INFO: intensity=0.30 seed=2 ep=5 success=True steps=74
2026-03-05 02:29:35,727 trace.runner.sweep_runner INFO: intensity=0.30 seed=2 ep=6 success=True steps=76
2026-03-05 02:29:42,440 trace.runner.sweep_runner INFO: intensity=0.30 seed=2 ep=7 success=True steps=83
2026-03-05 02:29:49,160 trace.runner.sweep_runner INFO: intensity=0.30 seed=2 ep=8 success=True steps=85
2026-03-05 02:29:55,515 trace.runner.sweep_runner INFO: intensity=0.30 seed=2 ep=9 success=True steps=78
2026-03-05 02:30:01,512 trace.runner.sweep_runner INFO: intensity=0.30 seed=3 ep=0 success=True steps=74
2026-03-05 02:30:09,559 trace.runner.sweep_runner INFO: intensity=0.30 seed=3 ep=1 success=True steps=108
2026-03-05 02:30:16,212 trace.runner.sweep_runner INFO: intensity=0.30 seed=3 ep=2 success=True steps=88
2026-03-05 02:30:22,573 trace.runner.sweep_runner INFO: intensity=0.30 seed=3 ep=3 success=True steps=79
2026-03-05 02:30:28,569 trace.runner.sweep_runner INFO: intensity=0.30 seed=3 ep=4 success=True steps=73
2026-03-05 02:30:36,414 trace.runner.sweep_runner INFO: intensity=0.30 seed=3 ep=5 success=True steps=105
2026-03-05 02:30:42,489 trace.runner.sweep_runner INFO: intensity=0.30 seed=3 ep=6 success=True steps=75
2026-03-05 02:30:49,495 trace.runner.sweep_runner INFO: intensity=0.30 seed=3 ep=7 success=True steps=87
2026-03-05 02:30:55,573 trace.runner.sweep_runner INFO: intensity=0.30 seed=3 ep=8 success=True steps=75
2026-03-05 02:31:01,622 trace.runner.sweep_runner INFO: intensity=0.30 seed=3 ep=9 success=True steps=75
2026-03-05 02:31:07,932 trace.runner.sweep_runner INFO: intensity=0.30 seed=4 ep=0 success=True steps=77
2026-03-05 02:31:14,152 trace.runner.sweep_runner INFO: intensity=0.30 seed=4 ep=1 success=True steps=77
2026-03-05 02:31:20,118 trace.runner.sweep_runner INFO: intensity=0.30 seed=4 ep=2 success=True steps=76
2026-03-05 02:31:26,373 trace.runner.sweep_runner INFO: intensity=0.30 seed=4 ep=3 success=True steps=76
2026-03-05 02:31:32,367 trace.runner.sweep_runner INFO: intensity=0.30 seed=4 ep=4 success=True steps=75
2026-03-05 02:31:38,670 trace.runner.sweep_runner INFO: intensity=0.30 seed=4 ep=5 success=True steps=78
2026-03-05 02:31:44,533 trace.runner.sweep_runner INFO: intensity=0.30 seed=4 ep=6 success=True steps=71
2026-03-05 02:31:50,743 trace.runner.sweep_runner INFO: intensity=0.30 seed=4 ep=7 success=True steps=77
2026-03-05 02:31:56,884 trace.runner.sweep_runner INFO: intensity=0.30 seed=4 ep=8 success=True steps=77
2026-03-05 02:32:02,790 trace.runner.sweep_runner INFO: intensity=0.30 seed=4 ep=9 success=True steps=71
2026-03-05 02:32:09,029 trace.runner.sweep_runner INFO: intensity=0.50 seed=0 ep=0 success=True steps=76
2026-03-05 02:32:15,304 trace.runner.sweep_runner INFO: intensity=0.50 seed=0 ep=1 success=True steps=78
2026-03-05 02:32:21,543 trace.runner.sweep_runner INFO: intensity=0.50 seed=0 ep=2 success=True steps=79
2026-03-05 02:32:27,898 trace.runner.sweep_runner INFO: intensity=0.50 seed=0 ep=3 success=True steps=78
2026-03-05 02:32:34,076 trace.runner.sweep_runner INFO: intensity=0.50 seed=0 ep=4 success=True steps=76
2026-03-05 02:32:40,050 trace.runner.sweep_runner INFO: intensity=0.50 seed=0 ep=5 success=True steps=72
2026-03-05 02:32:46,592 trace.runner.sweep_runner INFO: intensity=0.50 seed=0 ep=6 success=True steps=79
2026-03-05 02:32:52,835 trace.runner.sweep_runner INFO: intensity=0.50 seed=0 ep=7 success=True steps=76
2026-03-05 02:32:58,891 trace.runner.sweep_runner INFO: intensity=0.50 seed=0 ep=8 success=True steps=75
2026-03-05 02:33:05,536 trace.runner.sweep_runner INFO: intensity=0.50 seed=0 ep=9 success=True steps=82
2026-03-05 02:33:11,817 trace.runner.sweep_runner INFO: intensity=0.50 seed=1 ep=0 success=True steps=77
2026-03-05 02:33:18,219 trace.runner.sweep_runner INFO: intensity=0.50 seed=1 ep=1 success=True steps=79
2026-03-05 02:33:24,572 trace.runner.sweep_runner INFO: intensity=0.50 seed=1 ep=2 success=True steps=83
2026-03-05 02:33:30,931 trace.runner.sweep_runner INFO: intensity=0.50 seed=1 ep=3 success=True steps=79
2026-03-05 02:33:37,151 trace.runner.sweep_runner INFO: intensity=0.50 seed=1 ep=4 success=True steps=76
2026-03-05 02:33:43,130 trace.runner.sweep_runner INFO: intensity=0.50 seed=1 ep=5 success=True steps=73
2026-03-05 02:33:49,482 trace.runner.sweep_runner INFO: intensity=0.50 seed=1 ep=6 success=True steps=77
2026-03-05 02:33:56,080 trace.runner.sweep_runner INFO: intensity=0.50 seed=1 ep=7 success=True steps=83
2026-03-05 02:34:02,308 trace.runner.sweep_runner INFO: intensity=0.50 seed=1 ep=8 success=True steps=78
2026-03-05 02:34:08,350 trace.runner.sweep_runner INFO: intensity=0.50 seed=1 ep=9 success=True steps=74
2026-03-05 02:34:14,525 trace.runner.sweep_runner INFO: intensity=0.50 seed=2 ep=0 success=True steps=77
2026-03-05 02:34:20,871 trace.runner.sweep_runner INFO: intensity=0.50 seed=2 ep=1 success=True steps=80
2026-03-05 02:34:26,991 trace.runner.sweep_runner INFO: intensity=0.50 seed=2 ep=2 success=True steps=80
2026-03-05 02:34:33,371 trace.runner.sweep_runner INFO: intensity=0.50 seed=2 ep=3 success=True steps=76
2026-03-05 02:34:39,487 trace.runner.sweep_runner INFO: intensity=0.50 seed=2 ep=4 success=True steps=75
2026-03-05 02:34:45,757 trace.runner.sweep_runner INFO: intensity=0.50 seed=2 ep=5 success=True steps=77
2026-03-05 02:34:51,694 trace.runner.sweep_runner INFO: intensity=0.50 seed=2 ep=6 success=True steps=74
2026-03-05 02:34:58,349 trace.runner.sweep_runner INFO: intensity=0.50 seed=2 ep=7 success=True steps=82
2026-03-05 02:35:04,723 trace.runner.sweep_runner INFO: intensity=0.50 seed=2 ep=8 success=True steps=79
2026-03-05 02:35:11,034 trace.runner.sweep_runner INFO: intensity=0.50 seed=2 ep=9 success=True steps=79
2026-03-05 02:35:17,075 trace.runner.sweep_runner INFO: intensity=0.50 seed=3 ep=0 success=True steps=75
2026-03-05 02:35:23,366 trace.runner.sweep_runner INFO: intensity=0.50 seed=3 ep=1 success=True steps=80
2026-03-05 02:35:29,580 trace.runner.sweep_runner INFO: intensity=0.50 seed=3 ep=2 success=True steps=80
2026-03-05 02:35:35,932 trace.runner.sweep_runner INFO: intensity=0.50 seed=3 ep=3 success=True steps=76
2026-03-05 02:35:41,960 trace.runner.sweep_runner INFO: intensity=0.50 seed=3 ep=4 success=True steps=74
2026-03-05 02:35:47,985 trace.runner.sweep_runner INFO: intensity=0.50 seed=3 ep=5 success=True steps=75
2026-03-05 02:35:53,982 trace.runner.sweep_runner INFO: intensity=0.50 seed=3 ep=6 success=True steps=73
2026-03-05 02:36:00,755 trace.runner.sweep_runner INFO: intensity=0.50 seed=3 ep=7 success=True steps=85
2026-03-05 02:36:07,035 trace.runner.sweep_runner INFO: intensity=0.50 seed=3 ep=8 success=True steps=76
2026-03-05 02:36:12,965 trace.runner.sweep_runner INFO: intensity=0.50 seed=3 ep=9 success=True steps=73
2026-03-05 02:36:19,513 trace.runner.sweep_runner INFO: intensity=0.50 seed=4 ep=0 success=True steps=81
2026-03-05 02:36:25,661 trace.runner.sweep_runner INFO: intensity=0.50 seed=4 ep=1 success=True steps=76
2026-03-05 02:36:32,131 trace.runner.sweep_runner INFO: intensity=0.50 seed=4 ep=2 success=True steps=85
2026-03-05 02:36:38,525 trace.runner.sweep_runner INFO: intensity=0.50 seed=4 ep=3 success=True steps=78
2026-03-05 02:36:44,573 trace.runner.sweep_runner INFO: intensity=0.50 seed=4 ep=4 success=True steps=73
2026-03-05 02:36:50,946 trace.runner.sweep_runner INFO: intensity=0.50 seed=4 ep=5 success=True steps=79
2026-03-05 02:36:57,252 trace.runner.sweep_runner INFO: intensity=0.50 seed=4 ep=6 success=True steps=79
2026-03-05 02:37:03,629 trace.runner.sweep_runner INFO: intensity=0.50 seed=4 ep=7 success=True steps=80
2026-03-05 02:37:10,217 trace.runner.sweep_runner INFO: intensity=0.50 seed=4 ep=8 success=True steps=81
2026-03-05 02:37:16,596 trace.runner.sweep_runner INFO: intensity=0.50 seed=4 ep=9 success=True steps=76
2026-03-05 02:37:22,631 trace.runner.sweep_runner INFO: intensity=0.70 seed=0 ep=0 success=True steps=74
2026-03-05 02:37:28,931 trace.runner.sweep_runner INFO: intensity=0.70 seed=0 ep=1 success=True steps=78
2026-03-05 02:37:35,049 trace.runner.sweep_runner INFO: intensity=0.70 seed=0 ep=2 success=True steps=80
2026-03-05 02:37:41,571 trace.runner.sweep_runner INFO: intensity=0.70 seed=0 ep=3 success=True steps=79
2026-03-05 02:37:47,632 trace.runner.sweep_runner INFO: intensity=0.70 seed=0 ep=4 success=True steps=74
2026-03-05 02:37:53,298 trace.runner.sweep_runner INFO: intensity=0.70 seed=0 ep=5 success=True steps=70
2026-03-05 02:37:59,661 trace.runner.sweep_runner INFO: intensity=0.70 seed=0 ep=6 success=True steps=78
2026-03-05 02:38:06,287 trace.runner.sweep_runner INFO: intensity=0.70 seed=0 ep=7 success=True steps=81
2026-03-05 02:38:12,305 trace.runner.sweep_runner INFO: intensity=0.70 seed=0 ep=8 success=True steps=75
2026-03-05 02:38:18,322 trace.runner.sweep_runner INFO: intensity=0.70 seed=0 ep=9 success=True steps=75
2026-03-05 02:38:24,533 trace.runner.sweep_runner INFO: intensity=0.70 seed=1 ep=0 success=True steps=77
2026-03-05 02:38:30,910 trace.runner.sweep_runner INFO: intensity=0.70 seed=1 ep=1 success=True steps=77
2026-03-05 02:38:36,966 trace.runner.sweep_runner INFO: intensity=0.70 seed=1 ep=2 success=True steps=79
2026-03-05 02:38:43,230 trace.runner.sweep_runner INFO: intensity=0.70 seed=1 ep=3 success=True steps=76
2026-03-05 02:38:49,262 trace.runner.sweep_runner INFO: intensity=0.70 seed=1 ep=4 success=True steps=73
2026-03-05 02:38:55,542 trace.runner.sweep_runner INFO: intensity=0.70 seed=1 ep=5 success=True steps=76
2026-03-05 02:39:01,727 trace.runner.sweep_runner INFO: intensity=0.70 seed=1 ep=6 success=True steps=77
2026-03-05 02:39:08,138 trace.runner.sweep_runner INFO: intensity=0.70 seed=1 ep=7 success=True steps=79
2026-03-05 02:39:14,795 trace.runner.sweep_runner INFO: intensity=0.70 seed=1 ep=8 success=True steps=81
2026-03-05 02:39:20,387 trace.runner.sweep_runner INFO: intensity=0.70 seed=1 ep=9 success=True steps=66
2026-03-05 02:39:26,560 trace.runner.sweep_runner INFO: intensity=0.70 seed=2 ep=0 success=True steps=76
2026-03-05 02:39:32,999 trace.runner.sweep_runner INFO: intensity=0.70 seed=2 ep=1 success=True steps=80
2026-03-05 02:39:38,981 trace.runner.sweep_runner INFO: intensity=0.70 seed=2 ep=2 success=True steps=76
2026-03-05 02:39:45,210 trace.runner.sweep_runner INFO: intensity=0.70 seed=2 ep=3 success=True steps=76
2026-03-05 02:39:51,803 trace.runner.sweep_runner INFO: intensity=0.70 seed=2 ep=4 success=True steps=80
2026-03-05 02:39:57,851 trace.runner.sweep_runner INFO: intensity=0.70 seed=2 ep=5 success=True steps=73
2026-03-05 02:40:04,123 trace.runner.sweep_runner INFO: intensity=0.70 seed=2 ep=6 success=True steps=77
2026-03-05 02:40:10,763 trace.runner.sweep_runner INFO: intensity=0.70 seed=2 ep=7 success=True steps=81
2026-03-05 02:40:17,009 trace.runner.sweep_runner INFO: intensity=0.70 seed=2 ep=8 success=True steps=77
2026-03-05 02:40:23,286 trace.runner.sweep_runner INFO: intensity=0.70 seed=2 ep=9 success=True steps=77
2026-03-05 02:40:29,504 trace.runner.sweep_runner INFO: intensity=0.70 seed=3 ep=0 success=True steps=77
2026-03-05 02:40:35,688 trace.runner.sweep_runner INFO: intensity=0.70 seed=3 ep=1 success=True steps=76
2026-03-05 02:40:42,043 trace.runner.sweep_runner INFO: intensity=0.70 seed=3 ep=2 success=True steps=83
2026-03-05 02:40:48,409 trace.runner.sweep_runner INFO: intensity=0.70 seed=3 ep=3 success=True steps=76
2026-03-05 02:40:54,896 trace.runner.sweep_runner INFO: intensity=0.70 seed=3 ep=4 success=True steps=79
2026-03-05 02:41:01,213 trace.runner.sweep_runner INFO: intensity=0.70 seed=3 ep=5 success=True steps=78
2026-03-05 02:41:07,214 trace.runner.sweep_runner INFO: intensity=0.70 seed=3 ep=6 success=True steps=74
2026-03-05 02:41:13,877 trace.runner.sweep_runner INFO: intensity=0.70 seed=3 ep=7 success=True steps=83
2026-03-05 02:41:20,352 trace.runner.sweep_runner INFO: intensity=0.70 seed=3 ep=8 success=True steps=79
2026-03-05 02:41:26,744 trace.runner.sweep_runner INFO: intensity=0.70 seed=3 ep=9 success=True steps=78
2026-03-05 02:41:33,010 trace.runner.sweep_runner INFO: intensity=0.70 seed=4 ep=0 success=True steps=77
2026-03-05 02:41:39,385 trace.runner.sweep_runner INFO: intensity=0.70 seed=4 ep=1 success=True steps=80
2026-03-05 02:41:45,846 trace.runner.sweep_runner INFO: intensity=0.70 seed=4 ep=2 success=True steps=85
2026-03-05 02:41:52,238 trace.runner.sweep_runner INFO: intensity=0.70 seed=4 ep=3 success=True steps=79
2026-03-05 02:41:58,638 trace.runner.sweep_runner INFO: intensity=0.70 seed=4 ep=4 success=True steps=79
2026-03-05 02:42:05,065 trace.runner.sweep_runner INFO: intensity=0.70 seed=4 ep=5 success=True steps=80
2026-03-05 02:42:11,557 trace.runner.sweep_runner INFO: intensity=0.70 seed=4 ep=6 success=True steps=79
2026-03-05 02:42:18,232 trace.runner.sweep_runner INFO: intensity=0.70 seed=4 ep=7 success=True steps=82
2026-03-05 02:42:24,808 trace.runner.sweep_runner INFO: intensity=0.70 seed=4 ep=8 success=True steps=80
2026-03-05 02:42:31,211 trace.runner.sweep_runner INFO: intensity=0.70 seed=4 ep=9 success=True steps=78
2026-03-05 02:42:37,965 trace.runner.sweep_runner INFO: intensity=1.00 seed=0 ep=0 success=True steps=82
2026-03-05 02:42:44,723 trace.runner.sweep_runner INFO: intensity=1.00 seed=0 ep=1 success=True steps=83
2026-03-05 02:42:51,363 trace.runner.sweep_runner INFO: intensity=1.00 seed=0 ep=2 success=True steps=84
2026-03-05 02:42:58,245 trace.runner.sweep_runner INFO: intensity=1.00 seed=0 ep=3 success=True steps=85
2026-03-05 02:43:04,375 trace.runner.sweep_runner INFO: intensity=1.00 seed=0 ep=4 success=True steps=75
2026-03-05 02:43:11,349 trace.runner.sweep_runner INFO: intensity=1.00 seed=0 ep=5 success=True steps=86
2026-03-05 02:43:17,616 trace.runner.sweep_runner INFO: intensity=1.00 seed=0 ep=6 success=True steps=77
2026-03-05 02:43:24,606 trace.runner.sweep_runner INFO: intensity=1.00 seed=0 ep=7 success=True steps=87
2026-03-05 02:43:31,272 trace.runner.sweep_runner INFO: intensity=1.00 seed=0 ep=8 success=True steps=82
2026-03-05 02:43:37,910 trace.runner.sweep_runner INFO: intensity=1.00 seed=0 ep=9 success=True steps=82
2026-03-05 02:43:44,250 trace.runner.sweep_runner INFO: intensity=1.00 seed=1 ep=0 success=True steps=79
2026-03-05 02:43:50,820 trace.runner.sweep_runner INFO: intensity=1.00 seed=1 ep=1 success=True steps=81
2026-03-05 02:43:57,408 trace.runner.sweep_runner INFO: intensity=1.00 seed=1 ep=2 success=True steps=84
2026-03-05 02:44:04,806 trace.runner.sweep_runner INFO: intensity=1.00 seed=1 ep=3 success=True steps=91
2026-03-05 02:44:10,727 trace.runner.sweep_runner INFO: intensity=1.00 seed=1 ep=4 success=True steps=72
2026-03-05 02:44:16,991 trace.runner.sweep_runner INFO: intensity=1.00 seed=1 ep=5 success=True steps=79
2026-03-05 02:44:23,294 trace.runner.sweep_runner INFO: intensity=1.00 seed=1 ep=6 success=True steps=78
2026-03-05 02:44:29,660 trace.runner.sweep_runner INFO: intensity=1.00 seed=1 ep=7 success=True steps=80
2026-03-05 02:44:36,366 trace.runner.sweep_runner INFO: intensity=1.00 seed=1 ep=8 success=True steps=84
2026-03-05 02:44:42,751 trace.runner.sweep_runner INFO: intensity=1.00 seed=1 ep=9 success=True steps=79
2026-03-05 02:44:49,062 trace.runner.sweep_runner INFO: intensity=1.00 seed=2 ep=0 success=True steps=79
2026-03-05 02:44:55,907 trace.runner.sweep_runner INFO: intensity=1.00 seed=2 ep=1 success=True steps=85
2026-03-05 02:45:02,829 trace.runner.sweep_runner INFO: intensity=1.00 seed=2 ep=2 success=True steps=86
2026-03-05 02:45:09,212 trace.runner.sweep_runner INFO: intensity=1.00 seed=2 ep=3 success=True steps=79
2026-03-05 02:45:15,718 trace.runner.sweep_runner INFO: intensity=1.00 seed=2 ep=4 success=True steps=78
2026-03-05 02:45:21,997 trace.runner.sweep_runner INFO: intensity=1.00 seed=2 ep=5 success=True steps=77
2026-03-05 02:45:28,884 trace.runner.sweep_runner INFO: intensity=1.00 seed=2 ep=6 success=True steps=85
2026-03-05 02:45:38,210 trace.runner.sweep_runner INFO: intensity=1.00 seed=2 ep=7 success=True steps=123
2026-03-05 02:45:45,165 trace.runner.sweep_runner INFO: intensity=1.00 seed=2 ep=8 success=True steps=87
2026-03-05 02:45:51,767 trace.runner.sweep_runner INFO: intensity=1.00 seed=2 ep=9 success=True steps=82
2026-03-05 02:45:58,274 trace.runner.sweep_runner INFO: intensity=1.00 seed=3 ep=0 success=True steps=80
2026-03-05 02:46:12,243 trace.runner.sweep_runner INFO: intensity=1.00 seed=3 ep=1 success=True steps=193
2026-03-05 02:46:19,204 trace.runner.sweep_runner INFO: intensity=1.00 seed=3 ep=2 success=True steps=86
2026-03-05 02:46:25,640 trace.runner.sweep_runner INFO: intensity=1.00 seed=3 ep=3 success=True steps=79
2026-03-05 02:46:32,304 trace.runner.sweep_runner INFO: intensity=1.00 seed=3 ep=4 success=True steps=81
2026-03-05 02:46:38,749 trace.runner.sweep_runner INFO: intensity=1.00 seed=3 ep=5 success=True steps=81
2026-03-05 02:46:44,727 trace.runner.sweep_runner INFO: intensity=1.00 seed=3 ep=6 success=True steps=75
2026-03-05 02:46:51,500 trace.runner.sweep_runner INFO: intensity=1.00 seed=3 ep=7 success=True steps=84
2026-03-05 02:46:58,550 trace.runner.sweep_runner INFO: intensity=1.00 seed=3 ep=8 success=True steps=89
2026-03-05 02:47:05,967 trace.runner.sweep_runner INFO: intensity=1.00 seed=3 ep=9 success=True steps=92
2026-03-05 02:47:12,380 trace.runner.sweep_runner INFO: intensity=1.00 seed=4 ep=0 success=True steps=79
2026-03-05 02:47:18,816 trace.runner.sweep_runner INFO: intensity=1.00 seed=4 ep=1 success=True steps=79
2026-03-05 02:47:26,019 trace.runner.sweep_runner INFO: intensity=1.00 seed=4 ep=2 success=True steps=89
2026-03-05 02:47:32,519 trace.runner.sweep_runner INFO: intensity=1.00 seed=4 ep=3 success=True steps=78
2026-03-05 02:47:38,846 trace.runner.sweep_runner INFO: intensity=1.00 seed=4 ep=4 success=True steps=76
2026-03-05 02:47:44,716 trace.runner.sweep_runner INFO: intensity=1.00 seed=4 ep=5 success=True steps=71
2026-03-05 02:47:51,138 trace.runner.sweep_runner INFO: intensity=1.00 seed=4 ep=6 success=True steps=80
2026-03-05 02:47:57,871 trace.runner.sweep_runner INFO: intensity=1.00 seed=4 ep=7 success=True steps=84
2026-03-05 02:48:04,726 trace.runner.sweep_runner INFO: intensity=1.00 seed=4 ep=8 success=True steps=85
2026-03-05 02:48:11,326 trace.runner.sweep_runner INFO: intensity=1.00 seed=4 ep=9 success=True steps=80
2026-03-05 02:48:11,328 __main__ INFO:   baseline=100%, max_degradation=0%, breakpoint=none
2026-03-05 02:48:11,331 __main__ INFO:   Report updated: output/reports/report_Pi0PolicyAdapter_libero_20260304_223648.md (6/9 stressors)
2026-03-05 02:48:11,331 __main__ INFO: Running sweep 7/9: OcclusionStressor
2026-03-05 02:48:16,726 trace.runner.sweep_runner INFO: intensity=0.00 seed=0 ep=0 success=True steps=72
2026-03-05 02:48:24,043 trace.runner.sweep_runner INFO: intensity=0.00 seed=0 ep=1 success=True steps=106
2026-03-05 02:48:29,881 trace.runner.sweep_runner INFO: intensity=0.00 seed=0 ep=2 success=True steps=82
2026-03-05 02:48:35,439 trace.runner.sweep_runner INFO: intensity=0.00 seed=0 ep=3 success=True steps=75
2026-03-05 02:48:40,901 trace.runner.sweep_runner INFO: intensity=0.00 seed=0 ep=4 success=True steps=74
2026-03-05 02:48:46,286 trace.runner.sweep_runner INFO: intensity=0.00 seed=0 ep=5 success=True steps=71
2026-03-05 02:48:51,935 trace.runner.sweep_runner INFO: intensity=0.00 seed=0 ep=6 success=True steps=74
2026-03-05 02:48:57,834 trace.runner.sweep_runner INFO: intensity=0.00 seed=0 ep=7 success=True steps=79
2026-03-05 02:49:03,936 trace.runner.sweep_runner INFO: intensity=0.00 seed=0 ep=8 success=True steps=82
2026-03-05 02:49:09,330 trace.runner.sweep_runner INFO: intensity=0.00 seed=0 ep=9 success=True steps=73
2026-03-05 02:49:15,116 trace.runner.sweep_runner INFO: intensity=0.00 seed=1 ep=0 success=True steps=79
2026-03-05 02:49:22,296 trace.runner.sweep_runner INFO: intensity=0.00 seed=1 ep=1 success=True steps=105
2026-03-05 02:49:27,647 trace.runner.sweep_runner INFO: intensity=0.00 seed=1 ep=2 success=True steps=74
2026-03-05 02:49:33,159 trace.runner.sweep_runner INFO: intensity=0.00 seed=1 ep=3 success=True steps=74
2026-03-05 02:49:38,614 trace.runner.sweep_runner INFO: intensity=0.00 seed=1 ep=4 success=True steps=73
2026-03-05 02:49:44,174 trace.runner.sweep_runner INFO: intensity=0.00 seed=1 ep=5 success=True steps=74
2026-03-05 02:49:49,835 trace.runner.sweep_runner INFO: intensity=0.00 seed=1 ep=6 success=True steps=76
2026-03-05 02:49:55,874 trace.runner.sweep_runner INFO: intensity=0.00 seed=1 ep=7 success=True steps=83
2026-03-05 02:50:01,781 trace.runner.sweep_runner INFO: intensity=0.00 seed=1 ep=8 success=True steps=79
2026-03-05 02:50:07,460 trace.runner.sweep_runner INFO: intensity=0.00 seed=1 ep=9 success=True steps=76
2026-03-05 02:50:13,177 trace.runner.sweep_runner INFO: intensity=0.00 seed=2 ep=0 success=True steps=76
2026-03-05 02:50:20,660 trace.runner.sweep_runner INFO: intensity=0.00 seed=2 ep=1 success=True steps=110
2026-03-05 02:50:28,285 trace.runner.sweep_runner INFO: intensity=0.00 seed=2 ep=2 success=True steps=111
2026-03-05 02:50:33,900 trace.runner.sweep_runner INFO: intensity=0.00 seed=2 ep=3 success=True steps=76
2026-03-05 02:50:39,294 trace.runner.sweep_runner INFO: intensity=0.00 seed=2 ep=4 success=True steps=71
2026-03-05 02:50:45,816 trace.runner.sweep_runner INFO: intensity=0.00 seed=2 ep=5 success=True steps=87
2026-03-05 02:50:53,218 trace.runner.sweep_runner INFO: intensity=0.00 seed=2 ep=6 success=True steps=106
2026-03-05 02:50:59,322 trace.runner.sweep_runner INFO: intensity=0.00 seed=2 ep=7 success=True steps=82
2026-03-05 02:51:05,037 trace.runner.sweep_runner INFO: intensity=0.00 seed=2 ep=8 success=True steps=78
2026-03-05 02:51:10,622 trace.runner.sweep_runner INFO: intensity=0.00 seed=2 ep=9 success=True steps=75
2026-03-05 02:51:18,035 trace.runner.sweep_runner INFO: intensity=0.00 seed=3 ep=0 success=True steps=108
2026-03-05 02:51:23,833 trace.runner.sweep_runner INFO: intensity=0.00 seed=3 ep=1 success=True steps=80
2026-03-05 02:51:29,887 trace.runner.sweep_runner INFO: intensity=0.00 seed=3 ep=2 success=True steps=84
2026-03-05 02:51:35,263 trace.runner.sweep_runner INFO: intensity=0.00 seed=3 ep=3 success=True steps=72
2026-03-05 02:51:40,875 trace.runner.sweep_runner INFO: intensity=0.00 seed=3 ep=4 success=True steps=74
2026-03-05 02:51:48,368 trace.runner.sweep_runner INFO: intensity=0.00 seed=3 ep=5 success=True steps=109
2026-03-05 02:51:53,993 trace.runner.sweep_runner INFO: intensity=0.00 seed=3 ep=6 success=True steps=72
2026-03-05 02:52:00,147 trace.runner.sweep_runner INFO: intensity=0.00 seed=3 ep=7 success=True steps=84
2026-03-05 02:52:06,288 trace.runner.sweep_runner INFO: intensity=0.00 seed=3 ep=8 success=True steps=84
2026-03-05 02:52:11,793 trace.runner.sweep_runner INFO: intensity=0.00 seed=3 ep=9 success=True steps=73
2026-03-05 02:52:17,506 trace.runner.sweep_runner INFO: intensity=0.00 seed=4 ep=0 success=True steps=76
2026-03-05 02:52:24,825 trace.runner.sweep_runner INFO: intensity=0.00 seed=4 ep=1 success=True steps=105
2026-03-05 02:52:30,517 trace.runner.sweep_runner INFO: intensity=0.00 seed=4 ep=2 success=True steps=77
2026-03-05 02:52:36,417 trace.runner.sweep_runner INFO: intensity=0.00 seed=4 ep=3 success=True steps=80
2026-03-05 02:52:41,933 trace.runner.sweep_runner INFO: intensity=0.00 seed=4 ep=4 success=True steps=74
2026-03-05 02:52:47,795 trace.runner.sweep_runner INFO: intensity=0.00 seed=4 ep=5 success=True steps=80
2026-03-05 02:52:53,129 trace.runner.sweep_runner INFO: intensity=0.00 seed=4 ep=6 success=True steps=70
2026-03-05 02:52:59,060 trace.runner.sweep_runner INFO: intensity=0.00 seed=4 ep=7 success=True steps=79
2026-03-05 02:53:13,112 trace.runner.sweep_runner INFO: intensity=0.00 seed=4 ep=8 success=False steps=220
2026-03-05 02:53:18,761 trace.runner.sweep_runner INFO: intensity=0.00 seed=4 ep=9 success=True steps=73
2026-03-05 02:53:24,191 trace.runner.sweep_runner INFO: intensity=0.10 seed=0 ep=0 success=True steps=72
2026-03-05 02:53:32,750 trace.runner.sweep_runner INFO: intensity=0.10 seed=0 ep=1 success=True steps=129
2026-03-05 02:53:38,850 trace.runner.sweep_runner INFO: intensity=0.10 seed=0 ep=2 success=True steps=85
2026-03-05 02:53:44,702 trace.runner.sweep_runner INFO: intensity=0.10 seed=0 ep=3 success=True steps=79
2026-03-05 02:53:50,488 trace.runner.sweep_runner INFO: intensity=0.10 seed=0 ep=4 success=True steps=77
2026-03-05 02:53:55,935 trace.runner.sweep_runner INFO: intensity=0.10 seed=0 ep=5 success=True steps=74
2026-03-05 02:54:01,306 trace.runner.sweep_runner INFO: intensity=0.10 seed=0 ep=6 success=True steps=70
2026-03-05 02:54:07,536 trace.runner.sweep_runner INFO: intensity=0.10 seed=0 ep=7 success=True steps=82
2026-03-05 02:54:13,339 trace.runner.sweep_runner INFO: intensity=0.10 seed=0 ep=8 success=True steps=76
2026-03-05 02:54:19,199 trace.runner.sweep_runner INFO: intensity=0.10 seed=0 ep=9 success=True steps=80
2026-03-05 02:54:24,863 trace.runner.sweep_runner INFO: intensity=0.10 seed=1 ep=0 success=True steps=76
2026-03-05 02:54:32,248 trace.runner.sweep_runner INFO: intensity=0.10 seed=1 ep=1 success=True steps=107
2026-03-05 02:54:39,739 trace.runner.sweep_runner INFO: intensity=0.10 seed=1 ep=2 success=True steps=109
2026-03-05 02:54:45,247 trace.runner.sweep_runner INFO: intensity=0.10 seed=1 ep=3 success=True steps=73
2026-03-05 02:54:50,776 trace.runner.sweep_runner INFO: intensity=0.10 seed=1 ep=4 success=True steps=75
2026-03-05 02:54:56,581 trace.runner.sweep_runner INFO: intensity=0.10 seed=1 ep=5 success=True steps=79
2026-03-05 02:55:01,968 trace.runner.sweep_runner INFO: intensity=0.10 seed=1 ep=6 success=True steps=70
2026-03-05 02:55:07,807 trace.runner.sweep_runner INFO: intensity=0.10 seed=1 ep=7 success=True steps=78
2026-03-05 02:55:13,606 trace.runner.sweep_runner INFO: intensity=0.10 seed=1 ep=8 success=True steps=78
2026-03-05 02:55:19,347 trace.runner.sweep_runner INFO: intensity=0.10 seed=1 ep=9 success=True steps=77
2026-03-05 02:55:25,013 trace.runner.sweep_runner INFO: intensity=0.10 seed=2 ep=0 success=True steps=76
2026-03-05 02:55:32,243 trace.runner.sweep_runner INFO: intensity=0.10 seed=2 ep=1 success=True steps=105
2026-03-05 02:55:37,895 trace.runner.sweep_runner INFO: intensity=0.10 seed=2 ep=2 success=True steps=80
2026-03-05 02:55:43,790 trace.runner.sweep_runner INFO: intensity=0.10 seed=2 ep=3 success=True steps=79
2026-03-05 02:55:49,248 trace.runner.sweep_runner INFO: intensity=0.10 seed=2 ep=4 success=True steps=72
2026-03-05 02:55:54,774 trace.runner.sweep_runner INFO: intensity=0.10 seed=2 ep=5 success=True steps=75
2026-03-05 02:56:00,067 trace.runner.sweep_runner INFO: intensity=0.10 seed=2 ep=6 success=True steps=70
2026-03-05 02:56:06,506 trace.runner.sweep_runner INFO: intensity=0.10 seed=2 ep=7 success=True steps=88
2026-03-05 02:56:12,577 trace.runner.sweep_runner INFO: intensity=0.10 seed=2 ep=8 success=True steps=83
2026-03-05 02:56:17,914 trace.runner.sweep_runner INFO: intensity=0.10 seed=2 ep=9 success=True steps=70
2026-03-05 02:56:25,477 trace.runner.sweep_runner INFO: intensity=0.10 seed=3 ep=0 success=True steps=110
2026-03-05 02:56:33,249 trace.runner.sweep_runner INFO: intensity=0.10 seed=3 ep=1 success=True steps=113
2026-03-05 02:56:39,326 trace.runner.sweep_runner INFO: intensity=0.10 seed=3 ep=2 success=True steps=84
2026-03-05 02:56:44,967 trace.runner.sweep_runner INFO: intensity=0.10 seed=3 ep=3 success=True steps=75
2026-03-05 02:56:50,588 trace.runner.sweep_runner INFO: intensity=0.10 seed=3 ep=4 success=True steps=75
2026-03-05 02:56:55,926 trace.runner.sweep_runner INFO: intensity=0.10 seed=3 ep=5 success=True steps=71
2026-03-05 02:57:01,421 trace.runner.sweep_runner INFO: intensity=0.10 seed=3 ep=6 success=True steps=72
2026-03-05 02:57:07,235 trace.runner.sweep_runner INFO: intensity=0.10 seed=3 ep=7 success=True steps=76
2026-03-05 02:57:12,942 trace.runner.sweep_runner INFO: intensity=0.10 seed=3 ep=8 success=True steps=77
2026-03-05 02:57:18,253 trace.runner.sweep_runner INFO: intensity=0.10 seed=3 ep=9 success=True steps=69
2026-03-05 02:57:23,797 trace.runner.sweep_runner INFO: intensity=0.10 seed=4 ep=0 success=True steps=74
2026-03-05 02:57:29,288 trace.runner.sweep_runner INFO: intensity=0.10 seed=4 ep=1 success=True steps=74
2026-03-05 02:57:35,033 trace.runner.sweep_runner INFO: intensity=0.10 seed=4 ep=2 success=True steps=78
2026-03-05 02:57:40,582 trace.runner.sweep_runner INFO: intensity=0.10 seed=4 ep=3 success=True steps=75
2026-03-05 02:57:46,421 trace.runner.sweep_runner INFO: intensity=0.10 seed=4 ep=4 success=True steps=77
2026-03-05 02:57:52,073 trace.runner.sweep_runner INFO: intensity=0.10 seed=4 ep=5 success=True steps=76
2026-03-05 02:57:57,568 trace.runner.sweep_runner INFO: intensity=0.10 seed=4 ep=6 success=True steps=73
2026-03-05 02:58:03,340 trace.runner.sweep_runner INFO: intensity=0.10 seed=4 ep=7 success=True steps=77
2026-03-05 02:58:09,064 trace.runner.sweep_runner INFO: intensity=0.10 seed=4 ep=8 success=True steps=78
2026-03-05 02:58:14,656 trace.runner.sweep_runner INFO: intensity=0.10 seed=4 ep=9 success=True steps=74
2026-03-05 02:58:26,189 trace.runner.sweep_runner INFO: intensity=0.20 seed=0 ep=0 success=True steps=172
2026-03-05 02:58:33,711 trace.runner.sweep_runner INFO: intensity=0.20 seed=0 ep=1 success=True steps=109
2026-03-05 02:58:39,504 trace.runner.sweep_runner INFO: intensity=0.20 seed=0 ep=2 success=True steps=80
2026-03-05 02:58:45,311 trace.runner.sweep_runner INFO: intensity=0.20 seed=0 ep=3 success=True steps=77
2026-03-05 02:58:51,010 trace.runner.sweep_runner INFO: intensity=0.20 seed=0 ep=4 success=True steps=76
2026-03-05 02:58:56,094 trace.runner.sweep_runner INFO: intensity=0.20 seed=0 ep=5 success=True steps=67
2026-03-05 02:59:01,357 trace.runner.sweep_runner INFO: intensity=0.20 seed=0 ep=6 success=True steps=68
2026-03-05 02:59:07,323 trace.runner.sweep_runner INFO: intensity=0.20 seed=0 ep=7 success=True steps=79
2026-03-05 02:59:13,488 trace.runner.sweep_runner INFO: intensity=0.20 seed=0 ep=8 success=True steps=81
2026-03-05 02:59:20,753 trace.runner.sweep_runner INFO: intensity=0.20 seed=0 ep=9 success=True steps=103
2026-03-05 02:59:26,591 trace.runner.sweep_runner INFO: intensity=0.20 seed=1 ep=0 success=True steps=79
2026-03-05 02:59:33,853 trace.runner.sweep_runner INFO: intensity=0.20 seed=1 ep=1 success=True steps=105
2026-03-05 02:59:39,849 trace.runner.sweep_runner INFO: intensity=0.20 seed=1 ep=2 success=True steps=82
2026-03-05 02:59:45,384 trace.runner.sweep_runner INFO: intensity=0.20 seed=1 ep=3 success=True steps=73
2026-03-05 02:59:51,200 trace.runner.sweep_runner INFO: intensity=0.20 seed=1 ep=4 success=True steps=77
2026-03-05 02:59:56,985 trace.runner.sweep_runner INFO: intensity=0.20 seed=1 ep=5 success=True steps=76
2026-03-05 03:00:02,470 trace.runner.sweep_runner INFO: intensity=0.20 seed=1 ep=6 success=True steps=73
2026-03-05 03:00:08,679 trace.runner.sweep_runner INFO: intensity=0.20 seed=1 ep=7 success=True steps=82
2026-03-05 03:00:14,942 trace.runner.sweep_runner INFO: intensity=0.20 seed=1 ep=8 success=True steps=84
2026-03-05 03:00:20,640 trace.runner.sweep_runner INFO: intensity=0.20 seed=1 ep=9 success=True steps=76
2026-03-05 03:00:26,756 trace.runner.sweep_runner INFO: intensity=0.20 seed=2 ep=0 success=True steps=82
2026-03-05 03:00:32,588 trace.runner.sweep_runner INFO: intensity=0.20 seed=2 ep=1 success=True steps=80
2026-03-05 03:00:40,426 trace.runner.sweep_runner INFO: intensity=0.20 seed=2 ep=2 success=True steps=114
2026-03-05 03:00:46,229 trace.runner.sweep_runner INFO: intensity=0.20 seed=2 ep=3 success=True steps=79
2026-03-05 03:00:51,523 trace.runner.sweep_runner INFO: intensity=0.20 seed=2 ep=4 success=True steps=70
2026-03-05 03:00:56,967 trace.runner.sweep_runner INFO: intensity=0.20 seed=2 ep=5 success=True steps=71
2026-03-05 03:01:02,812 trace.runner.sweep_runner INFO: intensity=0.20 seed=2 ep=6 success=True steps=77
2026-03-05 03:01:08,903 trace.runner.sweep_runner INFO: intensity=0.20 seed=2 ep=7 success=True steps=81
2026-03-05 03:01:14,874 trace.runner.sweep_runner INFO: intensity=0.20 seed=2 ep=8 success=True steps=80
2026-03-05 03:01:20,492 trace.runner.sweep_runner INFO: intensity=0.20 seed=2 ep=9 success=True steps=75
2026-03-05 03:01:28,047 trace.runner.sweep_runner INFO: intensity=0.20 seed=3 ep=0 success=True steps=110
2026-03-05 03:01:35,794 trace.runner.sweep_runner INFO: intensity=0.20 seed=3 ep=1 success=True steps=112
2026-03-05 03:01:42,153 trace.runner.sweep_runner INFO: intensity=0.20 seed=3 ep=2 success=True steps=90
2026-03-05 03:01:47,996 trace.runner.sweep_runner INFO: intensity=0.20 seed=3 ep=3 success=True steps=78
2026-03-05 03:01:53,560 trace.runner.sweep_runner INFO: intensity=0.20 seed=3 ep=4 success=True steps=74
2026-03-05 03:02:00,490 trace.runner.sweep_runner INFO: intensity=0.20 seed=3 ep=5 success=True steps=99
2026-03-05 03:02:06,000 trace.runner.sweep_runner INFO: intensity=0.20 seed=3 ep=6 success=True steps=72
2026-03-05 03:02:11,989 trace.runner.sweep_runner INFO: intensity=0.20 seed=3 ep=7 success=True steps=80
2026-03-05 03:02:18,033 trace.runner.sweep_runner INFO: intensity=0.20 seed=3 ep=8 success=True steps=80
2026-03-05 03:02:23,418 trace.runner.sweep_runner INFO: intensity=0.20 seed=3 ep=9 success=True steps=70
2026-03-05 03:02:29,278 trace.runner.sweep_runner INFO: intensity=0.20 seed=4 ep=0 success=True steps=78
2026-03-05 03:02:38,440 trace.runner.sweep_runner INFO: intensity=0.20 seed=4 ep=1 success=True steps=137
2026-03-05 03:02:45,938 trace.runner.sweep_runner INFO: intensity=0.20 seed=4 ep=2 success=True steps=109
2026-03-05 03:02:51,622 trace.runner.sweep_runner INFO: intensity=0.20 seed=4 ep=3 success=True steps=74
2026-03-05 03:02:57,178 trace.runner.sweep_runner INFO: intensity=0.20 seed=4 ep=4 success=True steps=75
2026-03-05 03:03:02,989 trace.runner.sweep_runner INFO: intensity=0.20 seed=4 ep=5 success=True steps=79
2026-03-05 03:03:17,332 trace.runner.sweep_runner INFO: intensity=0.20 seed=4 ep=6 success=False steps=220
2026-03-05 03:03:23,436 trace.runner.sweep_runner INFO: intensity=0.20 seed=4 ep=7 success=True steps=81
2026-03-05 03:03:29,251 trace.runner.sweep_runner INFO: intensity=0.20 seed=4 ep=8 success=True steps=80
2026-03-05 03:03:35,112 trace.runner.sweep_runner INFO: intensity=0.20 seed=4 ep=9 success=True steps=77
2026-03-05 03:03:40,556 trace.runner.sweep_runner INFO: intensity=0.30 seed=0 ep=0 success=True steps=71
2026-03-05 03:03:46,078 trace.runner.sweep_runner INFO: intensity=0.30 seed=0 ep=1 success=True steps=75
2026-03-05 03:03:51,874 trace.runner.sweep_runner INFO: intensity=0.30 seed=0 ep=2 success=True steps=79
2026-03-05 03:03:57,654 trace.runner.sweep_runner INFO: intensity=0.30 seed=0 ep=3 success=True steps=77
2026-03-05 03:04:03,043 trace.runner.sweep_runner INFO: intensity=0.30 seed=0 ep=4 success=True steps=70
2026-03-05 03:04:08,560 trace.runner.sweep_runner INFO: intensity=0.30 seed=0 ep=5 success=True steps=73
2026-03-05 03:04:14,095 trace.runner.sweep_runner INFO: intensity=0.30 seed=0 ep=6 success=True steps=71
2026-03-05 03:04:20,001 trace.runner.sweep_runner INFO: intensity=0.30 seed=0 ep=7 success=True steps=78
2026-03-05 03:04:25,802 trace.runner.sweep_runner INFO: intensity=0.30 seed=0 ep=8 success=True steps=77
2026-03-05 03:04:31,542 trace.runner.sweep_runner INFO: intensity=0.30 seed=0 ep=9 success=True steps=77
2026-03-05 03:04:37,209 trace.runner.sweep_runner INFO: intensity=0.30 seed=1 ep=0 success=True steps=76
2026-03-05 03:04:44,816 trace.runner.sweep_runner INFO: intensity=0.30 seed=1 ep=1 success=True steps=108
2026-03-05 03:04:50,468 trace.runner.sweep_runner INFO: intensity=0.30 seed=1 ep=2 success=True steps=79
2026-03-05 03:04:56,017 trace.runner.sweep_runner INFO: intensity=0.30 seed=1 ep=3 success=True steps=75
2026-03-05 03:05:01,792 trace.runner.sweep_runner INFO: intensity=0.30 seed=1 ep=4 success=True steps=76
2026-03-05 03:05:07,038 trace.runner.sweep_runner INFO: intensity=0.30 seed=1 ep=5 success=True steps=69
2026-03-05 03:05:12,639 trace.runner.sweep_runner INFO: intensity=0.30 seed=1 ep=6 success=True steps=73
2026-03-05 03:05:18,786 trace.runner.sweep_runner INFO: intensity=0.30 seed=1 ep=7 success=True steps=82
2026-03-05 03:05:24,704 trace.runner.sweep_runner INFO: intensity=0.30 seed=1 ep=8 success=True steps=80
2026-03-05 03:05:30,494 trace.runner.sweep_runner INFO: intensity=0.30 seed=1 ep=9 success=True steps=77
2026-03-05 03:05:36,307 trace.runner.sweep_runner INFO: intensity=0.30 seed=2 ep=0 success=True steps=78
2026-03-05 03:05:45,529 trace.runner.sweep_runner INFO: intensity=0.30 seed=2 ep=1 success=True steps=136
2026-03-05 03:05:51,236 trace.runner.sweep_runner INFO: intensity=0.30 seed=2 ep=2 success=True steps=80
2026-03-05 03:05:57,107 trace.runner.sweep_runner INFO: intensity=0.30 seed=2 ep=3 success=True steps=78
2026-03-05 03:06:02,394 trace.runner.sweep_runner INFO: intensity=0.30 seed=2 ep=4 success=True steps=70
2026-03-05 03:06:08,472 trace.runner.sweep_runner INFO: intensity=0.30 seed=2 ep=5 success=True steps=80
2026-03-05 03:06:13,741 trace.runner.sweep_runner INFO: intensity=0.30 seed=2 ep=6 success=True steps=70
2026-03-05 03:06:19,662 trace.runner.sweep_runner INFO: intensity=0.30 seed=2 ep=7 success=True steps=79
2026-03-05 03:06:25,806 trace.runner.sweep_runner INFO: intensity=0.30 seed=2 ep=8 success=True steps=83
2026-03-05 03:06:31,360 trace.runner.sweep_runner INFO: intensity=0.30 seed=2 ep=9 success=True steps=74
2026-03-05 03:06:39,008 trace.runner.sweep_runner INFO: intensity=0.30 seed=3 ep=0 success=True steps=110
2026-03-05 03:06:46,519 trace.runner.sweep_runner INFO: intensity=0.30 seed=3 ep=1 success=True steps=110
2026-03-05 03:06:52,648 trace.runner.sweep_runner INFO: intensity=0.30 seed=3 ep=2 success=True steps=85
2026-03-05 03:06:58,225 trace.runner.sweep_runner INFO: intensity=0.30 seed=3 ep=3 success=True steps=74
2026-03-05 03:07:03,935 trace.runner.sweep_runner INFO: intensity=0.30 seed=3 ep=4 success=True steps=75
2026-03-05 03:07:11,106 trace.runner.sweep_runner INFO: intensity=0.30 seed=3 ep=5 success=True steps=103
2026-03-05 03:07:16,763 trace.runner.sweep_runner INFO: intensity=0.30 seed=3 ep=6 success=True steps=74
2026-03-05 03:07:23,008 trace.runner.sweep_runner INFO: intensity=0.30 seed=3 ep=7 success=True steps=84
2026-03-05 03:07:28,985 trace.runner.sweep_runner INFO: intensity=0.30 seed=3 ep=8 success=True steps=79
2026-03-05 03:07:34,543 trace.runner.sweep_runner INFO: intensity=0.30 seed=3 ep=9 success=True steps=75
2026-03-05 03:07:40,427 trace.runner.sweep_runner INFO: intensity=0.30 seed=4 ep=0 success=True steps=77
2026-03-05 03:07:47,715 trace.runner.sweep_runner INFO: intensity=0.30 seed=4 ep=1 success=True steps=105
2026-03-05 03:07:53,430 trace.runner.sweep_runner INFO: intensity=0.30 seed=4 ep=2 success=True steps=77
2026-03-05 03:07:59,329 trace.runner.sweep_runner INFO: intensity=0.30 seed=4 ep=3 success=True steps=78
2026-03-05 03:08:04,905 trace.runner.sweep_runner INFO: intensity=0.30 seed=4 ep=4 success=True steps=75
2026-03-05 03:08:10,664 trace.runner.sweep_runner INFO: intensity=0.30 seed=4 ep=5 success=True steps=78
2026-03-05 03:08:16,327 trace.runner.sweep_runner INFO: intensity=0.30 seed=4 ep=6 success=True steps=74
2026-03-05 03:08:22,164 trace.runner.sweep_runner INFO: intensity=0.30 seed=4 ep=7 success=True steps=76
2026-03-05 03:08:27,866 trace.runner.sweep_runner INFO: intensity=0.30 seed=4 ep=8 success=True steps=76
2026-03-05 03:08:33,316 trace.runner.sweep_runner INFO: intensity=0.30 seed=4 ep=9 success=True steps=73
2026-03-05 03:08:39,161 trace.runner.sweep_runner INFO: intensity=0.50 seed=0 ep=0 success=True steps=78
2026-03-05 03:08:44,908 trace.runner.sweep_runner INFO: intensity=0.50 seed=0 ep=1 success=True steps=77
2026-03-05 03:08:51,230 trace.runner.sweep_runner INFO: intensity=0.50 seed=0 ep=2 success=True steps=86
2026-03-05 03:08:57,064 trace.runner.sweep_runner INFO: intensity=0.50 seed=0 ep=3 success=True steps=80
2026-03-05 03:09:02,733 trace.runner.sweep_runner INFO: intensity=0.50 seed=0 ep=4 success=True steps=75
2026-03-05 03:09:08,547 trace.runner.sweep_runner INFO: intensity=0.50 seed=0 ep=5 success=True steps=79
2026-03-05 03:09:14,182 trace.runner.sweep_runner INFO: intensity=0.50 seed=0 ep=6 success=True steps=74
2026-03-05 03:09:20,022 trace.runner.sweep_runner INFO: intensity=0.50 seed=0 ep=7 success=True steps=78
2026-03-05 03:09:25,763 trace.runner.sweep_runner INFO: intensity=0.50 seed=0 ep=8 success=True steps=76
2026-03-05 03:09:33,225 trace.runner.sweep_runner INFO: intensity=0.50 seed=0 ep=9 success=True steps=106
2026-03-05 03:09:38,990 trace.runner.sweep_runner INFO: intensity=0.50 seed=1 ep=0 success=True steps=77
2026-03-05 03:09:44,674 trace.runner.sweep_runner INFO: intensity=0.50 seed=1 ep=1 success=True steps=77
2026-03-05 03:09:50,241 trace.runner.sweep_runner INFO: intensity=0.50 seed=1 ep=2 success=True steps=77
2026-03-05 03:09:55,789 trace.runner.sweep_runner INFO: intensity=0.50 seed=1 ep=3 success=True steps=75
2026-03-05 03:10:01,596 trace.runner.sweep_runner INFO: intensity=0.50 seed=1 ep=4 success=True steps=76
2026-03-05 03:10:07,162 trace.runner.sweep_runner INFO: intensity=0.50 seed=1 ep=5 success=True steps=74
2026-03-05 03:10:13,020 trace.runner.sweep_runner INFO: intensity=0.50 seed=1 ep=6 success=True steps=76
2026-03-05 03:10:18,841 trace.runner.sweep_runner INFO: intensity=0.50 seed=1 ep=7 success=True steps=79
2026-03-05 03:10:24,788 trace.runner.sweep_runner INFO: intensity=0.50 seed=1 ep=8 success=True steps=80
2026-03-05 03:10:30,799 trace.runner.sweep_runner INFO: intensity=0.50 seed=1 ep=9 success=True steps=79
2026-03-05 03:10:36,568 trace.runner.sweep_runner INFO: intensity=0.50 seed=2 ep=0 success=True steps=78
2026-03-05 03:10:44,434 trace.runner.sweep_runner INFO: intensity=0.50 seed=2 ep=1 success=True steps=114
2026-03-05 03:10:50,210 trace.runner.sweep_runner INFO: intensity=0.50 seed=2 ep=2 success=True steps=81
2026-03-05 03:10:56,180 trace.runner.sweep_runner INFO: intensity=0.50 seed=2 ep=3 success=True steps=81
2026-03-05 03:11:02,003 trace.runner.sweep_runner INFO: intensity=0.50 seed=2 ep=4 success=True steps=77
2026-03-05 03:11:08,055 trace.runner.sweep_runner INFO: intensity=0.50 seed=2 ep=5 success=True steps=82
2026-03-05 03:11:13,520 trace.runner.sweep_runner INFO: intensity=0.50 seed=2 ep=6 success=True steps=72
2026-03-05 03:11:19,633 trace.runner.sweep_runner INFO: intensity=0.50 seed=2 ep=7 success=True steps=81
2026-03-05 03:11:25,701 trace.runner.sweep_runner INFO: intensity=0.50 seed=2 ep=8 success=True steps=84
2026-03-05 03:11:31,194 trace.runner.sweep_runner INFO: intensity=0.50 seed=2 ep=9 success=True steps=73
2026-03-05 03:11:37,270 trace.runner.sweep_runner INFO: intensity=0.50 seed=3 ep=0 success=True steps=82
2026-03-05 03:11:43,351 trace.runner.sweep_runner INFO: intensity=0.50 seed=3 ep=1 success=True steps=81
2026-03-05 03:11:49,272 trace.runner.sweep_runner INFO: intensity=0.50 seed=3 ep=2 success=True steps=85
2026-03-05 03:11:55,023 trace.runner.sweep_runner INFO: intensity=0.50 seed=3 ep=3 success=True steps=77
2026-03-05 03:12:00,795 trace.runner.sweep_runner INFO: intensity=0.50 seed=3 ep=4 success=True steps=76
2026-03-05 03:12:06,609 trace.runner.sweep_runner INFO: intensity=0.50 seed=3 ep=5 success=True steps=78
2026-03-05 03:12:12,610 trace.runner.sweep_runner INFO: intensity=0.50 seed=3 ep=6 success=True steps=79
2026-03-05 03:12:18,829 trace.runner.sweep_runner INFO: intensity=0.50 seed=3 ep=7 success=True steps=83
2026-03-05 03:12:24,660 trace.runner.sweep_runner INFO: intensity=0.50 seed=3 ep=8 success=True steps=76
2026-03-05 03:12:30,761 trace.runner.sweep_runner INFO: intensity=0.50 seed=3 ep=9 success=True steps=81
2026-03-05 03:12:36,524 trace.runner.sweep_runner INFO: intensity=0.50 seed=4 ep=0 success=True steps=78
2026-03-05 03:12:42,181 trace.runner.sweep_runner INFO: intensity=0.50 seed=4 ep=1 success=True steps=76
2026-03-05 03:12:49,256 trace.runner.sweep_runner INFO: intensity=0.50 seed=4 ep=2 success=True steps=103
2026-03-05 03:12:54,830 trace.runner.sweep_runner INFO: intensity=0.50 seed=4 ep=3 success=True steps=74
2026-03-05 03:13:00,624 trace.runner.sweep_runner INFO: intensity=0.50 seed=4 ep=4 success=True steps=76
2026-03-05 03:13:06,521 trace.runner.sweep_runner INFO: intensity=0.50 seed=4 ep=5 success=True steps=79
2026-03-05 03:13:12,185 trace.runner.sweep_runner INFO: intensity=0.50 seed=4 ep=6 success=True steps=72
2026-03-05 03:13:18,063 trace.runner.sweep_runner INFO: intensity=0.50 seed=4 ep=7 success=True steps=78
2026-03-05 03:13:23,927 trace.runner.sweep_runner INFO: intensity=0.50 seed=4 ep=8 success=True steps=78
2026-03-05 03:13:29,747 trace.runner.sweep_runner INFO: intensity=0.50 seed=4 ep=9 success=True steps=77
2026-03-05 03:13:35,523 trace.runner.sweep_runner INFO: intensity=0.70 seed=0 ep=0 success=True steps=77
2026-03-05 03:13:42,986 trace.runner.sweep_runner INFO: intensity=0.70 seed=0 ep=1 success=True steps=107
2026-03-05 03:13:48,632 trace.runner.sweep_runner INFO: intensity=0.70 seed=0 ep=2 success=True steps=78
2026-03-05 03:13:54,915 trace.runner.sweep_runner INFO: intensity=0.70 seed=0 ep=3 success=True steps=85
2026-03-05 03:14:00,790 trace.runner.sweep_runner INFO: intensity=0.70 seed=0 ep=4 success=True steps=77
2026-03-05 03:14:05,914 trace.runner.sweep_runner INFO: intensity=0.70 seed=0 ep=5 success=True steps=67
2026-03-05 03:14:11,872 trace.runner.sweep_runner INFO: intensity=0.70 seed=0 ep=6 success=True steps=78
2026-03-05 03:14:17,861 trace.runner.sweep_runner INFO: intensity=0.70 seed=0 ep=7 success=True steps=80
2026-03-05 03:14:23,863 trace.runner.sweep_runner INFO: intensity=0.70 seed=0 ep=8 success=True steps=81
2026-03-05 03:14:31,615 trace.runner.sweep_runner INFO: intensity=0.70 seed=0 ep=9 success=True steps=111
2026-03-05 03:14:37,436 trace.runner.sweep_runner INFO: intensity=0.70 seed=1 ep=0 success=True steps=77
2026-03-05 03:14:43,174 trace.runner.sweep_runner INFO: intensity=0.70 seed=1 ep=1 success=True steps=76
2026-03-05 03:14:48,927 trace.runner.sweep_runner INFO: intensity=0.70 seed=1 ep=2 success=True steps=80
2026-03-05 03:14:54,492 trace.runner.sweep_runner INFO: intensity=0.70 seed=1 ep=3 success=True steps=73
2026-03-05 03:15:00,365 trace.runner.sweep_runner INFO: intensity=0.70 seed=1 ep=4 success=True steps=79
2026-03-05 03:15:06,123 trace.runner.sweep_runner INFO: intensity=0.70 seed=1 ep=5 success=True steps=77
2026-03-05 03:15:12,033 trace.runner.sweep_runner INFO: intensity=0.70 seed=1 ep=6 success=True steps=78
2026-03-05 03:15:18,121 trace.runner.sweep_runner INFO: intensity=0.70 seed=1 ep=7 success=True steps=82
2026-03-05 03:15:24,209 trace.runner.sweep_runner INFO: intensity=0.70 seed=1 ep=8 success=True steps=82
2026-03-05 03:15:31,538 trace.runner.sweep_runner INFO: intensity=0.70 seed=1 ep=9 success=True steps=104
2026-03-05 03:15:37,427 trace.runner.sweep_runner INFO: intensity=0.70 seed=2 ep=0 success=True steps=80
2026-03-05 03:15:47,274 trace.runner.sweep_runner INFO: intensity=0.70 seed=2 ep=1 success=True steps=146
2026-03-05 03:15:55,736 trace.runner.sweep_runner INFO: intensity=0.70 seed=2 ep=2 success=True steps=122
2026-03-05 03:16:07,081 trace.runner.sweep_runner INFO: intensity=0.70 seed=2 ep=3 success=True steps=170
2026-03-05 03:16:12,625 trace.runner.sweep_runner INFO: intensity=0.70 seed=2 ep=4 success=True steps=73
2026-03-05 03:16:18,783 trace.runner.sweep_runner INFO: intensity=0.70 seed=2 ep=5 success=True steps=82
2026-03-05 03:16:24,382 trace.runner.sweep_runner INFO: intensity=0.70 seed=2 ep=6 success=True steps=75
2026-03-05 03:16:32,458 trace.runner.sweep_runner INFO: intensity=0.70 seed=2 ep=7 success=True steps=112
2026-03-05 03:16:38,354 trace.runner.sweep_runner INFO: intensity=0.70 seed=2 ep=8 success=True steps=79
2026-03-05 03:16:43,897 trace.runner.sweep_runner INFO: intensity=0.70 seed=2 ep=9 success=True steps=73
2026-03-05 03:16:51,221 trace.runner.sweep_runner INFO: intensity=0.70 seed=3 ep=0 success=True steps=105
2026-03-05 03:16:57,070 trace.runner.sweep_runner INFO: intensity=0.70 seed=3 ep=1 success=True steps=78
2026-03-05 03:17:03,279 trace.runner.sweep_runner INFO: intensity=0.70 seed=3 ep=2 success=True steps=86
2026-03-05 03:17:09,137 trace.runner.sweep_runner INFO: intensity=0.70 seed=3 ep=3 success=True steps=78
2026-03-05 03:17:14,883 trace.runner.sweep_runner INFO: intensity=0.70 seed=3 ep=4 success=True steps=76
2026-03-05 03:17:22,325 trace.runner.sweep_runner INFO: intensity=0.70 seed=3 ep=5 success=True steps=106
2026-03-05 03:17:28,306 trace.runner.sweep_runner INFO: intensity=0.70 seed=3 ep=6 success=True steps=78
2026-03-05 03:17:34,477 trace.runner.sweep_runner INFO: intensity=0.70 seed=3 ep=7 success=True steps=83
2026-03-05 03:17:40,580 trace.runner.sweep_runner INFO: intensity=0.70 seed=3 ep=8 success=True steps=84
2026-03-05 03:17:46,641 trace.runner.sweep_runner INFO: intensity=0.70 seed=3 ep=9 success=True steps=81
2026-03-05 03:17:52,429 trace.runner.sweep_runner INFO: intensity=0.70 seed=4 ep=0 success=True steps=76
2026-03-05 03:17:58,089 trace.runner.sweep_runner INFO: intensity=0.70 seed=4 ep=1 success=True steps=76
2026-03-05 03:18:04,008 trace.runner.sweep_runner INFO: intensity=0.70 seed=4 ep=2 success=True steps=83
2026-03-05 03:18:09,825 trace.runner.sweep_runner INFO: intensity=0.70 seed=4 ep=3 success=True steps=77
2026-03-05 03:18:15,717 trace.runner.sweep_runner INFO: intensity=0.70 seed=4 ep=4 success=True steps=78
2026-03-05 03:18:21,254 trace.runner.sweep_runner INFO: intensity=0.70 seed=4 ep=5 success=True steps=75
2026-03-05 03:18:27,054 trace.runner.sweep_runner INFO: intensity=0.70 seed=4 ep=6 success=True steps=77
2026-03-05 03:18:33,132 trace.runner.sweep_runner INFO: intensity=0.70 seed=4 ep=7 success=True steps=80
2026-03-05 03:18:38,529 trace.runner.sweep_runner INFO: intensity=0.70 seed=4 ep=8 success=True steps=71
2026-03-05 03:18:44,381 trace.runner.sweep_runner INFO: intensity=0.70 seed=4 ep=9 success=True steps=78
2026-03-05 03:18:50,505 trace.runner.sweep_runner INFO: intensity=1.00 seed=0 ep=0 success=True steps=82
2026-03-05 03:18:56,551 trace.runner.sweep_runner INFO: intensity=1.00 seed=0 ep=1 success=True steps=81
2026-03-05 03:19:02,519 trace.runner.sweep_runner INFO: intensity=1.00 seed=0 ep=2 success=True steps=83
2026-03-05 03:19:08,658 trace.runner.sweep_runner INFO: intensity=1.00 seed=0 ep=3 success=True steps=82
2026-03-05 03:19:14,440 trace.runner.sweep_runner INFO: intensity=1.00 seed=0 ep=4 success=True steps=77
2026-03-05 03:19:20,452 trace.runner.sweep_runner INFO: intensity=1.00 seed=0 ep=5 success=True steps=82
2026-03-05 03:19:34,481 trace.runner.sweep_runner INFO: intensity=1.00 seed=0 ep=6 success=False steps=220
2026-03-05 03:19:41,095 trace.runner.sweep_runner INFO: intensity=1.00 seed=0 ep=7 success=True steps=89
2026-03-05 03:19:47,485 trace.runner.sweep_runner INFO: intensity=1.00 seed=0 ep=8 success=True steps=88
2026-03-05 03:19:53,445 trace.runner.sweep_runner INFO: intensity=1.00 seed=0 ep=9 success=True steps=80
2026-03-05 03:19:59,637 trace.runner.sweep_runner INFO: intensity=1.00 seed=1 ep=0 success=True steps=84
2026-03-05 03:20:05,710 trace.runner.sweep_runner INFO: intensity=1.00 seed=1 ep=1 success=True steps=82
2026-03-05 03:20:12,321 trace.runner.sweep_runner INFO: intensity=1.00 seed=1 ep=2 success=True steps=94
2026-03-05 03:20:17,868 trace.runner.sweep_runner INFO: intensity=1.00 seed=1 ep=3 success=True steps=74
2026-03-05 03:20:23,882 trace.runner.sweep_runner INFO: intensity=1.00 seed=1 ep=4 success=True steps=80
2026-03-05 03:20:30,033 trace.runner.sweep_runner INFO: intensity=1.00 seed=1 ep=5 success=True steps=83
2026-03-05 03:20:35,825 trace.runner.sweep_runner INFO: intensity=1.00 seed=1 ep=6 success=True steps=78
2026-03-05 03:20:42,106 trace.runner.sweep_runner INFO: intensity=1.00 seed=1 ep=7 success=True steps=86
2026-03-05 03:20:48,761 trace.runner.sweep_runner INFO: intensity=1.00 seed=1 ep=8 success=True steps=91
2026-03-05 03:20:54,891 trace.runner.sweep_runner INFO: intensity=1.00 seed=1 ep=9 success=True steps=83
2026-03-05 03:21:02,658 trace.runner.sweep_runner INFO: intensity=1.00 seed=2 ep=0 success=True steps=111
2026-03-05 03:21:10,031 trace.runner.sweep_runner INFO: intensity=1.00 seed=2 ep=1 success=True steps=105
2026-03-05 03:21:16,028 trace.runner.sweep_runner INFO: intensity=1.00 seed=2 ep=2 success=True steps=85
2026-03-05 03:21:22,336 trace.runner.sweep_runner INFO: intensity=1.00 seed=2 ep=3 success=True steps=83
2026-03-05 03:21:28,222 trace.runner.sweep_runner INFO: intensity=1.00 seed=2 ep=4 success=True steps=79
2026-03-05 03:21:35,790 trace.runner.sweep_runner INFO: intensity=1.00 seed=2 ep=5 success=True steps=108
2026-03-05 03:21:41,575 trace.runner.sweep_runner INFO: intensity=1.00 seed=2 ep=6 success=True steps=76
2026-03-05 03:21:47,386 trace.runner.sweep_runner INFO: intensity=1.00 seed=2 ep=7 success=True steps=79
2026-03-05 03:21:53,692 trace.runner.sweep_runner INFO: intensity=1.00 seed=2 ep=8 success=True steps=86
2026-03-05 03:21:59,435 trace.runner.sweep_runner INFO: intensity=1.00 seed=2 ep=9 success=True steps=76
2026-03-05 03:22:05,366 trace.runner.sweep_runner INFO: intensity=1.00 seed=3 ep=0 success=True steps=80
2026-03-05 03:22:13,903 trace.runner.sweep_runner INFO: intensity=1.00 seed=3 ep=1 success=True steps=122
2026-03-05 03:22:19,755 trace.runner.sweep_runner INFO: intensity=1.00 seed=3 ep=2 success=True steps=82
2026-03-05 03:22:25,696 trace.runner.sweep_runner INFO: intensity=1.00 seed=3 ep=3 success=True steps=80
2026-03-05 03:22:33,595 trace.runner.sweep_runner INFO: intensity=1.00 seed=3 ep=4 success=True steps=113
2026-03-05 03:22:39,729 trace.runner.sweep_runner INFO: intensity=1.00 seed=3 ep=5 success=True steps=82
2026-03-05 03:22:46,571 trace.runner.sweep_runner INFO: intensity=1.00 seed=3 ep=6 success=True steps=92
2026-03-05 03:22:52,773 trace.runner.sweep_runner INFO: intensity=1.00 seed=3 ep=7 success=True steps=81
2026-03-05 03:22:58,883 trace.runner.sweep_runner INFO: intensity=1.00 seed=3 ep=8 success=True steps=82
2026-03-05 03:23:05,608 trace.runner.sweep_runner INFO: intensity=1.00 seed=3 ep=9 success=True steps=90
2026-03-05 03:23:13,257 trace.runner.sweep_runner INFO: intensity=1.00 seed=4 ep=0 success=True steps=110
2026-03-05 03:23:19,351 trace.runner.sweep_runner INFO: intensity=1.00 seed=4 ep=1 success=True steps=81
2026-03-05 03:23:25,419 trace.runner.sweep_runner INFO: intensity=1.00 seed=4 ep=2 success=True steps=85
2026-03-05 03:23:31,058 trace.runner.sweep_runner INFO: intensity=1.00 seed=4 ep=3 success=True steps=74
2026-03-05 03:23:36,973 trace.runner.sweep_runner INFO: intensity=1.00 seed=4 ep=4 success=True steps=80
2026-03-05 03:23:43,394 trace.runner.sweep_runner INFO: intensity=1.00 seed=4 ep=5 success=True steps=88
2026-03-05 03:23:49,511 trace.runner.sweep_runner INFO: intensity=1.00 seed=4 ep=6 success=True steps=81
2026-03-05 03:23:56,067 trace.runner.sweep_runner INFO: intensity=1.00 seed=4 ep=7 success=True steps=89
2026-03-05 03:24:02,029 trace.runner.sweep_runner INFO: intensity=1.00 seed=4 ep=8 success=True steps=80
2026-03-05 03:24:07,881 trace.runner.sweep_runner INFO: intensity=1.00 seed=4 ep=9 success=True steps=78
2026-03-05 03:24:07,886 __main__ INFO:   baseline=98%, max_degradation=0%, breakpoint=none
2026-03-05 03:24:07,889 __main__ INFO:   Report updated: output/reports/report_Pi0PolicyAdapter_libero_20260304_223648.md (7/9 stressors)
2026-03-05 03:24:07,889 __main__ INFO: Running sweep 8/9: BrightnessShiftStressor
2026-03-05 03:24:13,319 trace.runner.sweep_runner INFO: intensity=0.00 seed=0 ep=0 success=True steps=71
2026-03-05 03:24:20,673 trace.runner.sweep_runner INFO: intensity=0.00 seed=0 ep=1 success=True steps=105
2026-03-05 03:24:26,736 trace.runner.sweep_runner INFO: intensity=0.00 seed=0 ep=2 success=True steps=81
2026-03-05 03:24:32,174 trace.runner.sweep_runner INFO: intensity=0.00 seed=0 ep=3 success=True steps=71
2026-03-05 03:24:37,762 trace.runner.sweep_runner INFO: intensity=0.00 seed=0 ep=4 success=True steps=75
2026-03-05 03:24:43,312 trace.runner.sweep_runner INFO: intensity=0.00 seed=0 ep=5 success=True steps=74
2026-03-05 03:24:48,845 trace.runner.sweep_runner INFO: intensity=0.00 seed=0 ep=6 success=True steps=71
2026-03-05 03:24:55,401 trace.runner.sweep_runner INFO: intensity=0.00 seed=0 ep=7 success=True steps=88
2026-03-05 03:25:09,851 trace.runner.sweep_runner INFO: intensity=0.00 seed=0 ep=8 success=False steps=220
2026-03-05 03:25:15,635 trace.runner.sweep_runner INFO: intensity=0.00 seed=0 ep=9 success=True steps=76
2026-03-05 03:25:21,449 trace.runner.sweep_runner INFO: intensity=0.00 seed=1 ep=0 success=True steps=79
2026-03-05 03:25:28,736 trace.runner.sweep_runner INFO: intensity=0.00 seed=1 ep=1 success=True steps=105
2026-03-05 03:25:34,641 trace.runner.sweep_runner INFO: intensity=0.00 seed=1 ep=2 success=True steps=81
2026-03-05 03:25:40,294 trace.runner.sweep_runner INFO: intensity=0.00 seed=1 ep=3 success=True steps=75
2026-03-05 03:25:46,075 trace.runner.sweep_runner INFO: intensity=0.00 seed=1 ep=4 success=True steps=77
2026-03-05 03:25:51,799 trace.runner.sweep_runner INFO: intensity=0.00 seed=1 ep=5 success=True steps=77
2026-03-05 03:25:57,361 trace.runner.sweep_runner INFO: intensity=0.00 seed=1 ep=6 success=True steps=74
2026-03-05 03:26:03,305 trace.runner.sweep_runner INFO: intensity=0.00 seed=1 ep=7 success=True steps=78
2026-03-05 03:26:09,130 trace.runner.sweep_runner INFO: intensity=0.00 seed=1 ep=8 success=True steps=78
2026-03-05 03:26:14,785 trace.runner.sweep_runner INFO: intensity=0.00 seed=1 ep=9 success=True steps=75
2026-03-05 03:26:20,650 trace.runner.sweep_runner INFO: intensity=0.00 seed=2 ep=0 success=True steps=77
2026-03-05 03:26:27,808 trace.runner.sweep_runner INFO: intensity=0.00 seed=2 ep=1 success=True steps=103
2026-03-05 03:26:33,476 trace.runner.sweep_runner INFO: intensity=0.00 seed=2 ep=2 success=True steps=78
2026-03-05 03:26:39,191 trace.runner.sweep_runner INFO: intensity=0.00 seed=2 ep=3 success=True steps=75
2026-03-05 03:26:44,693 trace.runner.sweep_runner INFO: intensity=0.00 seed=2 ep=4 success=True steps=73
2026-03-05 03:26:50,308 trace.runner.sweep_runner INFO: intensity=0.00 seed=2 ep=5 success=True steps=74
2026-03-05 03:26:55,753 trace.runner.sweep_runner INFO: intensity=0.00 seed=2 ep=6 success=True steps=71
2026-03-05 03:27:02,067 trace.runner.sweep_runner INFO: intensity=0.00 seed=2 ep=7 success=True steps=84
2026-03-05 03:27:08,110 trace.runner.sweep_runner INFO: intensity=0.00 seed=2 ep=8 success=True steps=81
2026-03-05 03:27:13,938 trace.runner.sweep_runner INFO: intensity=0.00 seed=2 ep=9 success=True steps=76
2026-03-05 03:27:19,719 trace.runner.sweep_runner INFO: intensity=0.00 seed=3 ep=0 success=True steps=77
2026-03-05 03:27:27,318 trace.runner.sweep_runner INFO: intensity=0.00 seed=3 ep=1 success=True steps=109
2026-03-05 03:27:33,597 trace.runner.sweep_runner INFO: intensity=0.00 seed=3 ep=2 success=True steps=86
2026-03-05 03:27:39,417 trace.runner.sweep_runner INFO: intensity=0.00 seed=3 ep=3 success=True steps=79
2026-03-05 03:27:45,060 trace.runner.sweep_runner INFO: intensity=0.00 seed=3 ep=4 success=True steps=74
2026-03-05 03:27:52,321 trace.runner.sweep_runner INFO: intensity=0.00 seed=3 ep=5 success=True steps=103
2026-03-05 03:27:57,989 trace.runner.sweep_runner INFO: intensity=0.00 seed=3 ep=6 success=True steps=74
2026-03-05 03:28:03,984 trace.runner.sweep_runner INFO: intensity=0.00 seed=3 ep=7 success=True steps=80
2026-03-05 03:28:09,885 trace.runner.sweep_runner INFO: intensity=0.00 seed=3 ep=8 success=True steps=78
2026-03-05 03:28:15,642 trace.runner.sweep_runner INFO: intensity=0.00 seed=3 ep=9 success=True steps=76
2026-03-05 03:28:21,472 trace.runner.sweep_runner INFO: intensity=0.00 seed=4 ep=0 success=True steps=78
2026-03-05 03:28:26,729 trace.runner.sweep_runner INFO: intensity=0.00 seed=4 ep=1 success=True steps=68
2026-03-05 03:28:32,405 trace.runner.sweep_runner INFO: intensity=0.00 seed=4 ep=2 success=True steps=77
2026-03-05 03:28:38,187 trace.runner.sweep_runner INFO: intensity=0.00 seed=4 ep=3 success=True steps=77
2026-03-05 03:28:43,908 trace.runner.sweep_runner INFO: intensity=0.00 seed=4 ep=4 success=True steps=75
2026-03-05 03:28:49,808 trace.runner.sweep_runner INFO: intensity=0.00 seed=4 ep=5 success=True steps=80
2026-03-05 03:28:55,343 trace.runner.sweep_runner INFO: intensity=0.00 seed=4 ep=6 success=True steps=71
2026-03-05 03:29:06,077 trace.runner.sweep_runner INFO: intensity=0.00 seed=4 ep=7 success=True steps=161
2026-03-05 03:29:11,969 trace.runner.sweep_runner INFO: intensity=0.00 seed=4 ep=8 success=True steps=79
2026-03-05 03:29:17,468 trace.runner.sweep_runner INFO: intensity=0.00 seed=4 ep=9 success=True steps=71
2026-03-05 03:29:22,853 trace.runner.sweep_runner INFO: intensity=0.10 seed=0 ep=0 success=True steps=70
2026-03-05 03:29:30,371 trace.runner.sweep_runner INFO: intensity=0.10 seed=0 ep=1 success=True steps=106
2026-03-05 03:29:36,435 trace.runner.sweep_runner INFO: intensity=0.10 seed=0 ep=2 success=True steps=81
2026-03-05 03:29:42,383 trace.runner.sweep_runner INFO: intensity=0.10 seed=0 ep=3 success=True steps=79
2026-03-05 03:29:47,979 trace.runner.sweep_runner INFO: intensity=0.10 seed=0 ep=4 success=True steps=73
2026-03-05 03:29:53,788 trace.runner.sweep_runner INFO: intensity=0.10 seed=0 ep=5 success=True steps=75
2026-03-05 03:29:59,412 trace.runner.sweep_runner INFO: intensity=0.10 seed=0 ep=6 success=True steps=72
2026-03-05 03:30:05,553 trace.runner.sweep_runner INFO: intensity=0.10 seed=0 ep=7 success=True steps=80
2026-03-05 03:30:13,984 trace.runner.sweep_runner INFO: intensity=0.10 seed=0 ep=8 success=True steps=116
2026-03-05 03:30:21,571 trace.runner.sweep_runner INFO: intensity=0.10 seed=0 ep=9 success=True steps=108
2026-03-05 03:30:27,515 trace.runner.sweep_runner INFO: intensity=0.10 seed=1 ep=0 success=True steps=79
2026-03-05 03:30:34,781 trace.runner.sweep_runner INFO: intensity=0.10 seed=1 ep=1 success=True steps=103
2026-03-05 03:30:40,107 trace.runner.sweep_runner INFO: intensity=0.10 seed=1 ep=2 success=True steps=72
2026-03-05 03:30:46,006 trace.runner.sweep_runner INFO: intensity=0.10 seed=1 ep=3 success=True steps=77
2026-03-05 03:30:51,981 trace.runner.sweep_runner INFO: intensity=0.10 seed=1 ep=4 success=True steps=77
2026-03-05 03:30:57,931 trace.runner.sweep_runner INFO: intensity=0.10 seed=1 ep=5 success=True steps=79
2026-03-05 03:31:03,669 trace.runner.sweep_runner INFO: intensity=0.10 seed=1 ep=6 success=True steps=75
2026-03-05 03:31:09,905 trace.runner.sweep_runner INFO: intensity=0.10 seed=1 ep=7 success=True steps=81
2026-03-05 03:31:24,229 trace.runner.sweep_runner INFO: intensity=0.10 seed=1 ep=8 success=False steps=220
2026-03-05 03:31:30,263 trace.runner.sweep_runner INFO: intensity=0.10 seed=1 ep=9 success=True steps=78
2026-03-05 03:31:36,105 trace.runner.sweep_runner INFO: intensity=0.10 seed=2 ep=0 success=True steps=77
2026-03-05 03:31:43,678 trace.runner.sweep_runner INFO: intensity=0.10 seed=2 ep=1 success=True steps=107
2026-03-05 03:31:49,597 trace.runner.sweep_runner INFO: intensity=0.10 seed=2 ep=2 success=True steps=80
2026-03-05 03:31:55,540 trace.runner.sweep_runner INFO: intensity=0.10 seed=2 ep=3 success=True steps=78
2026-03-05 03:32:01,135 trace.runner.sweep_runner INFO: intensity=0.10 seed=2 ep=4 success=True steps=73
2026-03-05 03:32:06,986 trace.runner.sweep_runner INFO: intensity=0.10 seed=2 ep=5 success=True steps=77
2026-03-05 03:32:12,258 trace.runner.sweep_runner INFO: intensity=0.10 seed=2 ep=6 success=True steps=69
2026-03-05 03:32:18,537 trace.runner.sweep_runner INFO: intensity=0.10 seed=2 ep=7 success=True steps=83
2026-03-05 03:32:24,869 trace.runner.sweep_runner INFO: intensity=0.10 seed=2 ep=8 success=True steps=84
2026-03-05 03:32:30,358 trace.runner.sweep_runner INFO: intensity=0.10 seed=2 ep=9 success=True steps=72
2026-03-05 03:32:36,230 trace.runner.sweep_runner INFO: intensity=0.10 seed=3 ep=0 success=True steps=80
2026-03-05 03:32:43,860 trace.runner.sweep_runner INFO: intensity=0.10 seed=3 ep=1 success=True steps=109
2026-03-05 03:32:49,947 trace.runner.sweep_runner INFO: intensity=0.10 seed=3 ep=2 success=True steps=84
2026-03-05 03:32:55,877 trace.runner.sweep_runner INFO: intensity=0.10 seed=3 ep=3 success=True steps=78
2026-03-05 03:33:01,493 trace.runner.sweep_runner INFO: intensity=0.10 seed=3 ep=4 success=True steps=72
2026-03-05 03:33:08,837 trace.runner.sweep_runner INFO: intensity=0.10 seed=3 ep=5 success=True steps=103
2026-03-05 03:33:14,527 trace.runner.sweep_runner INFO: intensity=0.10 seed=3 ep=6 success=True steps=72
2026-03-05 03:33:20,707 trace.runner.sweep_runner INFO: intensity=0.10 seed=3 ep=7 success=True steps=81
2026-03-05 03:33:26,937 trace.runner.sweep_runner INFO: intensity=0.10 seed=3 ep=8 success=True steps=83
2026-03-05 03:33:32,484 trace.runner.sweep_runner INFO: intensity=0.10 seed=3 ep=9 success=True steps=73
2026-03-05 03:33:38,426 trace.runner.sweep_runner INFO: intensity=0.10 seed=4 ep=0 success=True steps=78
2026-03-05 03:33:44,027 trace.runner.sweep_runner INFO: intensity=0.10 seed=4 ep=1 success=True steps=74
2026-03-05 03:33:49,761 trace.runner.sweep_runner INFO: intensity=0.10 seed=4 ep=2 success=True steps=77
2026-03-05 03:33:55,682 trace.runner.sweep_runner INFO: intensity=0.10 seed=4 ep=3 success=True steps=79
2026-03-05 03:34:01,381 trace.runner.sweep_runner INFO: intensity=0.10 seed=4 ep=4 success=True steps=74
2026-03-05 03:34:07,301 trace.runner.sweep_runner INFO: intensity=0.10 seed=4 ep=5 success=True steps=79
2026-03-05 03:34:12,766 trace.runner.sweep_runner INFO: intensity=0.10 seed=4 ep=6 success=True steps=70
2026-03-05 03:34:18,707 trace.runner.sweep_runner INFO: intensity=0.10 seed=4 ep=7 success=True steps=76
2026-03-05 03:34:24,483 trace.runner.sweep_runner INFO: intensity=0.10 seed=4 ep=8 success=True steps=78
2026-03-05 03:34:30,336 trace.runner.sweep_runner INFO: intensity=0.10 seed=4 ep=9 success=True steps=75
2026-03-05 03:34:36,183 trace.runner.sweep_runner INFO: intensity=0.20 seed=0 ep=0 success=True steps=76
2026-03-05 03:34:43,790 trace.runner.sweep_runner INFO: intensity=0.20 seed=0 ep=1 success=True steps=108
2026-03-05 03:34:50,117 trace.runner.sweep_runner INFO: intensity=0.20 seed=0 ep=2 success=True steps=85
2026-03-05 03:34:56,015 trace.runner.sweep_runner INFO: intensity=0.20 seed=0 ep=3 success=True steps=77
2026-03-05 03:35:01,678 trace.runner.sweep_runner INFO: intensity=0.20 seed=0 ep=4 success=True steps=75
2026-03-05 03:35:07,320 trace.runner.sweep_runner INFO: intensity=0.20 seed=0 ep=5 success=True steps=73
2026-03-05 03:35:12,964 trace.runner.sweep_runner INFO: intensity=0.20 seed=0 ep=6 success=True steps=71
2026-03-05 03:35:19,361 trace.runner.sweep_runner INFO: intensity=0.20 seed=0 ep=7 success=True steps=85
2026-03-05 03:35:25,385 trace.runner.sweep_runner INFO: intensity=0.20 seed=0 ep=8 success=True steps=80
2026-03-05 03:35:30,990 trace.runner.sweep_runner INFO: intensity=0.20 seed=0 ep=9 success=True steps=74
2026-03-05 03:35:36,908 trace.runner.sweep_runner INFO: intensity=0.20 seed=1 ep=0 success=True steps=80
2026-03-05 03:35:44,210 trace.runner.sweep_runner INFO: intensity=0.20 seed=1 ep=1 success=True steps=104
2026-03-05 03:35:49,520 trace.runner.sweep_runner INFO: intensity=0.20 seed=1 ep=2 success=True steps=71
2026-03-05 03:35:55,433 trace.runner.sweep_runner INFO: intensity=0.20 seed=1 ep=3 success=True steps=80
2026-03-05 03:36:01,362 trace.runner.sweep_runner INFO: intensity=0.20 seed=1 ep=4 success=True steps=76
2026-03-05 03:36:07,520 trace.runner.sweep_runner INFO: intensity=0.20 seed=1 ep=5 success=True steps=82
2026-03-05 03:36:13,213 trace.runner.sweep_runner INFO: intensity=0.20 seed=1 ep=6 success=True steps=75
2026-03-05 03:36:19,195 trace.runner.sweep_runner INFO: intensity=0.20 seed=1 ep=7 success=True steps=78
2026-03-05 03:36:25,446 trace.runner.sweep_runner INFO: intensity=0.20 seed=1 ep=8 success=True steps=83
2026-03-05 03:36:31,031 trace.runner.sweep_runner INFO: intensity=0.20 seed=1 ep=9 success=True steps=72
2026-03-05 03:36:36,760 trace.runner.sweep_runner INFO: intensity=0.20 seed=2 ep=0 success=True steps=75
2026-03-05 03:36:44,024 trace.runner.sweep_runner INFO: intensity=0.20 seed=2 ep=1 success=True steps=101
2026-03-05 03:36:49,740 trace.runner.sweep_runner INFO: intensity=0.20 seed=2 ep=2 success=True steps=80
2026-03-05 03:36:55,552 trace.runner.sweep_runner INFO: intensity=0.20 seed=2 ep=3 success=True steps=76
2026-03-05 03:37:01,103 trace.runner.sweep_runner INFO: intensity=0.20 seed=2 ep=4 success=True steps=73
2026-03-05 03:37:06,716 trace.runner.sweep_runner INFO: intensity=0.20 seed=2 ep=5 success=True steps=74
2026-03-05 03:37:12,076 trace.runner.sweep_runner INFO: intensity=0.20 seed=2 ep=6 success=True steps=70
2026-03-05 03:37:18,366 trace.runner.sweep_runner INFO: intensity=0.20 seed=2 ep=7 success=True steps=83
2026-03-05 03:37:24,360 trace.runner.sweep_runner INFO: intensity=0.20 seed=2 ep=8 success=True steps=80
2026-03-05 03:37:30,037 trace.runner.sweep_runner INFO: intensity=0.20 seed=2 ep=9 success=True steps=74
2026-03-05 03:37:37,863 trace.runner.sweep_runner INFO: intensity=0.20 seed=3 ep=0 success=True steps=111
2026-03-05 03:37:45,520 trace.runner.sweep_runner INFO: intensity=0.20 seed=3 ep=1 success=True steps=109
2026-03-05 03:37:51,628 trace.runner.sweep_runner INFO: intensity=0.20 seed=3 ep=2 success=True steps=84
2026-03-05 03:37:59,334 trace.runner.sweep_runner INFO: intensity=0.20 seed=3 ep=3 success=True steps=110
2026-03-05 03:38:05,117 trace.runner.sweep_runner INFO: intensity=0.20 seed=3 ep=4 success=True steps=75
2026-03-05 03:38:12,710 trace.runner.sweep_runner INFO: intensity=0.20 seed=3 ep=5 success=True steps=106
2026-03-05 03:38:18,297 trace.runner.sweep_runner INFO: intensity=0.20 seed=3 ep=6 success=True steps=72
2026-03-05 03:38:24,662 trace.runner.sweep_runner INFO: intensity=0.20 seed=3 ep=7 success=True steps=84
2026-03-05 03:38:30,676 trace.runner.sweep_runner INFO: intensity=0.20 seed=3 ep=8 success=True steps=78
2026-03-05 03:38:36,220 trace.runner.sweep_runner INFO: intensity=0.20 seed=3 ep=9 success=True steps=73
2026-03-05 03:38:41,914 trace.runner.sweep_runner INFO: intensity=0.20 seed=4 ep=0 success=True steps=73
2026-03-05 03:38:47,818 trace.runner.sweep_runner INFO: intensity=0.20 seed=4 ep=1 success=True steps=79
2026-03-05 03:38:55,113 trace.runner.sweep_runner INFO: intensity=0.20 seed=4 ep=2 success=True steps=103
2026-03-05 03:39:01,016 trace.runner.sweep_runner INFO: intensity=0.20 seed=4 ep=3 success=True steps=77
2026-03-05 03:39:06,664 trace.runner.sweep_runner INFO: intensity=0.20 seed=4 ep=4 success=True steps=75
2026-03-05 03:39:12,605 trace.runner.sweep_runner INFO: intensity=0.20 seed=4 ep=5 success=True steps=80
2026-03-05 03:39:18,228 trace.runner.sweep_runner INFO: intensity=0.20 seed=4 ep=6 success=True steps=71
2026-03-05 03:39:24,237 trace.runner.sweep_runner INFO: intensity=0.20 seed=4 ep=7 success=True steps=79
2026-03-05 03:39:30,373 trace.runner.sweep_runner INFO: intensity=0.20 seed=4 ep=8 success=True steps=81
2026-03-05 03:39:36,298 trace.runner.sweep_runner INFO: intensity=0.20 seed=4 ep=9 success=True steps=77
2026-03-05 03:39:41,995 trace.runner.sweep_runner INFO: intensity=0.30 seed=0 ep=0 success=True steps=74
2026-03-05 03:39:49,580 trace.runner.sweep_runner INFO: intensity=0.30 seed=0 ep=1 success=True steps=107
2026-03-05 03:39:55,734 trace.runner.sweep_runner INFO: intensity=0.30 seed=0 ep=2 success=True steps=83
2026-03-05 03:40:01,640 trace.runner.sweep_runner INFO: intensity=0.30 seed=0 ep=3 success=True steps=76
2026-03-05 03:40:07,245 trace.runner.sweep_runner INFO: intensity=0.30 seed=0 ep=4 success=True steps=74
2026-03-05 03:40:12,857 trace.runner.sweep_runner INFO: intensity=0.30 seed=0 ep=5 success=True steps=73
2026-03-05 03:40:18,615 trace.runner.sweep_runner INFO: intensity=0.30 seed=0 ep=6 success=True steps=74
2026-03-05 03:40:24,671 trace.runner.sweep_runner INFO: intensity=0.30 seed=0 ep=7 success=True steps=78
2026-03-05 03:40:30,604 trace.runner.sweep_runner INFO: intensity=0.30 seed=0 ep=8 success=True steps=76
2026-03-05 03:40:38,312 trace.runner.sweep_runner INFO: intensity=0.30 seed=0 ep=9 success=True steps=110
2026-03-05 03:40:44,292 trace.runner.sweep_runner INFO: intensity=0.30 seed=1 ep=0 success=True steps=79
2026-03-05 03:40:52,116 trace.runner.sweep_runner INFO: intensity=0.30 seed=1 ep=1 success=True steps=111
2026-03-05 03:40:57,575 trace.runner.sweep_runner INFO: intensity=0.30 seed=1 ep=2 success=True steps=74
2026-03-05 03:41:03,681 trace.runner.sweep_runner INFO: intensity=0.30 seed=1 ep=3 success=True steps=80
2026-03-05 03:41:09,602 trace.runner.sweep_runner INFO: intensity=0.30 seed=1 ep=4 success=True steps=76
2026-03-05 03:41:15,537 trace.runner.sweep_runner INFO: intensity=0.30 seed=1 ep=5 success=True steps=78
2026-03-05 03:41:21,174 trace.runner.sweep_runner INFO: intensity=0.30 seed=1 ep=6 success=True steps=74
2026-03-05 03:41:27,248 trace.runner.sweep_runner INFO: intensity=0.30 seed=1 ep=7 success=True steps=80
2026-03-05 03:41:33,341 trace.runner.sweep_runner INFO: intensity=0.30 seed=1 ep=8 success=True steps=80
2026-03-05 03:41:39,035 trace.runner.sweep_runner INFO: intensity=0.30 seed=1 ep=9 success=True steps=75
2026-03-05 03:41:44,656 trace.runner.sweep_runner INFO: intensity=0.30 seed=2 ep=0 success=True steps=75
2026-03-05 03:41:52,625 trace.runner.sweep_runner INFO: intensity=0.30 seed=2 ep=1 success=True steps=112
2026-03-05 03:42:00,596 trace.runner.sweep_runner INFO: intensity=0.30 seed=2 ep=2 success=True steps=115
2026-03-05 03:42:06,699 trace.runner.sweep_runner INFO: intensity=0.30 seed=2 ep=3 success=True steps=80
2026-03-05 03:42:12,068 trace.runner.sweep_runner INFO: intensity=0.30 seed=2 ep=4 success=True steps=70
2026-03-05 03:42:17,927 trace.runner.sweep_runner INFO: intensity=0.30 seed=2 ep=5 success=True steps=75
2026-03-05 03:42:23,278 trace.runner.sweep_runner INFO: intensity=0.30 seed=2 ep=6 success=True steps=70
2026-03-05 03:42:29,686 trace.runner.sweep_runner INFO: intensity=0.30 seed=2 ep=7 success=True steps=85
2026-03-05 03:42:36,180 trace.runner.sweep_runner INFO: intensity=0.30 seed=2 ep=8 success=True steps=86
2026-03-05 03:42:42,111 trace.runner.sweep_runner INFO: intensity=0.30 seed=2 ep=9 success=True steps=76
2026-03-05 03:42:49,654 trace.runner.sweep_runner INFO: intensity=0.30 seed=3 ep=0 success=True steps=107
2026-03-05 03:42:57,448 trace.runner.sweep_runner INFO: intensity=0.30 seed=3 ep=1 success=True steps=109
2026-03-05 03:43:03,734 trace.runner.sweep_runner INFO: intensity=0.30 seed=3 ep=2 success=True steps=85
2026-03-05 03:43:09,722 trace.runner.sweep_runner INFO: intensity=0.30 seed=3 ep=3 success=True steps=79
2026-03-05 03:43:15,409 trace.runner.sweep_runner INFO: intensity=0.30 seed=3 ep=4 success=True steps=73
2026-03-05 03:43:22,829 trace.runner.sweep_runner INFO: intensity=0.30 seed=3 ep=5 success=True steps=105
2026-03-05 03:43:28,627 trace.runner.sweep_runner INFO: intensity=0.30 seed=3 ep=6 success=True steps=74
2026-03-05 03:43:34,967 trace.runner.sweep_runner INFO: intensity=0.30 seed=3 ep=7 success=True steps=84
2026-03-05 03:43:41,046 trace.runner.sweep_runner INFO: intensity=0.30 seed=3 ep=8 success=True steps=80
2026-03-05 03:43:46,878 trace.runner.sweep_runner INFO: intensity=0.30 seed=3 ep=9 success=True steps=75
2026-03-05 03:43:52,832 trace.runner.sweep_runner INFO: intensity=0.30 seed=4 ep=0 success=True steps=76
2026-03-05 03:43:58,503 trace.runner.sweep_runner INFO: intensity=0.30 seed=4 ep=1 success=True steps=75
2026-03-05 03:44:06,179 trace.runner.sweep_runner INFO: intensity=0.30 seed=4 ep=2 success=True steps=108
2026-03-05 03:44:12,029 trace.runner.sweep_runner INFO: intensity=0.30 seed=4 ep=3 success=True steps=75
2026-03-05 03:44:17,694 trace.runner.sweep_runner INFO: intensity=0.30 seed=4 ep=4 success=True steps=74
2026-03-05 03:44:23,677 trace.runner.sweep_runner INFO: intensity=0.30 seed=4 ep=5 success=True steps=79
2026-03-05 03:44:29,233 trace.runner.sweep_runner INFO: intensity=0.30 seed=4 ep=6 success=True steps=70
2026-03-05 03:44:43,757 trace.runner.sweep_runner INFO: intensity=0.30 seed=4 ep=7 success=False steps=220
2026-03-05 03:44:50,105 trace.runner.sweep_runner INFO: intensity=0.30 seed=4 ep=8 success=True steps=84
2026-03-05 03:44:55,826 trace.runner.sweep_runner INFO: intensity=0.30 seed=4 ep=9 success=True steps=72
2026-03-05 03:45:01,206 trace.runner.sweep_runner INFO: intensity=0.50 seed=0 ep=0 success=True steps=70
2026-03-05 03:45:08,607 trace.runner.sweep_runner INFO: intensity=0.50 seed=0 ep=1 success=True steps=104
2026-03-05 03:45:14,683 trace.runner.sweep_runner INFO: intensity=0.50 seed=0 ep=2 success=True steps=81
2026-03-05 03:45:20,596 trace.runner.sweep_runner INFO: intensity=0.50 seed=0 ep=3 success=True steps=76
2026-03-05 03:45:26,441 trace.runner.sweep_runner INFO: intensity=0.50 seed=0 ep=4 success=True steps=77
2026-03-05 03:45:32,369 trace.runner.sweep_runner INFO: intensity=0.50 seed=0 ep=5 success=True steps=78
2026-03-05 03:45:37,872 trace.runner.sweep_runner INFO: intensity=0.50 seed=0 ep=6 success=True steps=69
2026-03-05 03:45:43,861 trace.runner.sweep_runner INFO: intensity=0.50 seed=0 ep=7 success=True steps=78
2026-03-05 03:45:50,021 trace.runner.sweep_runner INFO: intensity=0.50 seed=0 ep=8 success=True steps=81
2026-03-05 03:45:57,583 trace.runner.sweep_runner INFO: intensity=0.50 seed=0 ep=9 success=True steps=106
2026-03-05 03:46:03,462 trace.runner.sweep_runner INFO: intensity=0.50 seed=1 ep=0 success=True steps=78
2026-03-05 03:46:09,280 trace.runner.sweep_runner INFO: intensity=0.50 seed=1 ep=1 success=True steps=77
2026-03-05 03:46:16,771 trace.runner.sweep_runner INFO: intensity=0.50 seed=1 ep=2 success=True steps=107
2026-03-05 03:46:22,603 trace.runner.sweep_runner INFO: intensity=0.50 seed=1 ep=3 success=True steps=77
2026-03-05 03:46:28,402 trace.runner.sweep_runner INFO: intensity=0.50 seed=1 ep=4 success=True steps=76
2026-03-05 03:46:34,962 trace.runner.sweep_runner INFO: intensity=0.50 seed=1 ep=5 success=True steps=86
2026-03-05 03:46:40,584 trace.runner.sweep_runner INFO: intensity=0.50 seed=1 ep=6 success=True steps=74
2026-03-05 03:46:46,902 trace.runner.sweep_runner INFO: intensity=0.50 seed=1 ep=7 success=True steps=83
2026-03-05 03:46:52,982 trace.runner.sweep_runner INFO: intensity=0.50 seed=1 ep=8 success=True steps=80
2026-03-05 03:46:58,667 trace.runner.sweep_runner INFO: intensity=0.50 seed=1 ep=9 success=True steps=73
2026-03-05 03:47:04,811 trace.runner.sweep_runner INFO: intensity=0.50 seed=2 ep=0 success=True steps=81
2026-03-05 03:47:12,516 trace.runner.sweep_runner INFO: intensity=0.50 seed=2 ep=1 success=True steps=109
2026-03-05 03:47:20,485 trace.runner.sweep_runner INFO: intensity=0.50 seed=2 ep=2 success=True steps=114
2026-03-05 03:47:26,375 trace.runner.sweep_runner INFO: intensity=0.50 seed=2 ep=3 success=True steps=76
2026-03-05 03:47:31,937 trace.runner.sweep_runner INFO: intensity=0.50 seed=2 ep=4 success=True steps=72
2026-03-05 03:47:37,955 trace.runner.sweep_runner INFO: intensity=0.50 seed=2 ep=5 success=True steps=77
2026-03-05 03:47:43,588 trace.runner.sweep_runner INFO: intensity=0.50 seed=2 ep=6 success=True steps=71
2026-03-05 03:47:49,900 trace.runner.sweep_runner INFO: intensity=0.50 seed=2 ep=7 success=True steps=82
2026-03-05 03:47:55,825 trace.runner.sweep_runner INFO: intensity=0.50 seed=2 ep=8 success=True steps=78
2026-03-05 03:48:01,502 trace.runner.sweep_runner INFO: intensity=0.50 seed=2 ep=9 success=True steps=74
2026-03-05 03:48:09,365 trace.runner.sweep_runner INFO: intensity=0.50 seed=3 ep=0 success=True steps=111
2026-03-05 03:48:17,023 trace.runner.sweep_runner INFO: intensity=0.50 seed=3 ep=1 success=True steps=108
2026-03-05 03:48:23,102 trace.runner.sweep_runner INFO: intensity=0.50 seed=3 ep=2 success=True steps=85
2026-03-05 03:48:29,279 trace.runner.sweep_runner INFO: intensity=0.50 seed=3 ep=3 success=True steps=81
2026-03-05 03:48:34,970 trace.runner.sweep_runner INFO: intensity=0.50 seed=3 ep=4 success=True steps=74
2026-03-05 03:48:40,583 trace.runner.sweep_runner INFO: intensity=0.50 seed=3 ep=5 success=True steps=72
2026-03-05 03:48:46,232 trace.runner.sweep_runner INFO: intensity=0.50 seed=3 ep=6 success=True steps=71
2026-03-05 03:48:52,477 trace.runner.sweep_runner INFO: intensity=0.50 seed=3 ep=7 success=True steps=82
2026-03-05 03:48:58,414 trace.runner.sweep_runner INFO: intensity=0.50 seed=3 ep=8 success=True steps=78
2026-03-05 03:49:04,053 trace.runner.sweep_runner INFO: intensity=0.50 seed=3 ep=9 success=True steps=73
2026-03-05 03:49:09,987 trace.runner.sweep_runner INFO: intensity=0.50 seed=4 ep=0 success=True steps=79
2026-03-05 03:49:15,635 trace.runner.sweep_runner INFO: intensity=0.50 seed=4 ep=1 success=True steps=74
2026-03-05 03:49:21,145 trace.runner.sweep_runner INFO: intensity=0.50 seed=4 ep=2 success=True steps=74
2026-03-05 03:49:26,969 trace.runner.sweep_runner INFO: intensity=0.50 seed=4 ep=3 success=True steps=76
2026-03-05 03:49:32,846 trace.runner.sweep_runner INFO: intensity=0.50 seed=4 ep=4 success=True steps=76
2026-03-05 03:49:38,377 trace.runner.sweep_runner INFO: intensity=0.50 seed=4 ep=5 success=True steps=73
2026-03-05 03:49:44,113 trace.runner.sweep_runner INFO: intensity=0.50 seed=4 ep=6 success=True steps=71
2026-03-05 03:49:50,153 trace.runner.sweep_runner INFO: intensity=0.50 seed=4 ep=7 success=True steps=80
2026-03-05 03:49:56,441 trace.runner.sweep_runner INFO: intensity=0.50 seed=4 ep=8 success=True steps=84
2026-03-05 03:50:02,034 trace.runner.sweep_runner INFO: intensity=0.50 seed=4 ep=9 success=True steps=72
2026-03-05 03:50:07,610 trace.runner.sweep_runner INFO: intensity=0.70 seed=0 ep=0 success=True steps=71
2026-03-05 03:50:15,210 trace.runner.sweep_runner INFO: intensity=0.70 seed=0 ep=1 success=True steps=108
2026-03-05 03:50:21,249 trace.runner.sweep_runner INFO: intensity=0.70 seed=0 ep=2 success=True steps=83
2026-03-05 03:50:27,156 trace.runner.sweep_runner INFO: intensity=0.70 seed=0 ep=3 success=True steps=77
2026-03-05 03:50:32,899 trace.runner.sweep_runner INFO: intensity=0.70 seed=0 ep=4 success=True steps=74
2026-03-05 03:50:38,600 trace.runner.sweep_runner INFO: intensity=0.70 seed=0 ep=5 success=True steps=73
2026-03-05 03:50:44,227 trace.runner.sweep_runner INFO: intensity=0.70 seed=0 ep=6 success=True steps=73
2026-03-05 03:50:50,770 trace.runner.sweep_runner INFO: intensity=0.70 seed=0 ep=7 success=True steps=86
2026-03-05 03:50:56,691 trace.runner.sweep_runner INFO: intensity=0.70 seed=0 ep=8 success=True steps=79
2026-03-05 03:51:02,523 trace.runner.sweep_runner INFO: intensity=0.70 seed=0 ep=9 success=True steps=77
2026-03-05 03:51:08,712 trace.runner.sweep_runner INFO: intensity=0.70 seed=1 ep=0 success=True steps=81
2026-03-05 03:51:16,353 trace.runner.sweep_runner INFO: intensity=0.70 seed=1 ep=1 success=True steps=108
2026-03-05 03:51:21,847 trace.runner.sweep_runner INFO: intensity=0.70 seed=1 ep=2 success=True steps=74
2026-03-05 03:51:27,772 trace.runner.sweep_runner INFO: intensity=0.70 seed=1 ep=3 success=True steps=78
2026-03-05 03:51:33,402 trace.runner.sweep_runner INFO: intensity=0.70 seed=1 ep=4 success=True steps=72
2026-03-05 03:51:39,278 trace.runner.sweep_runner INFO: intensity=0.70 seed=1 ep=5 success=True steps=77
2026-03-05 03:51:44,979 trace.runner.sweep_runner INFO: intensity=0.70 seed=1 ep=6 success=True steps=75
2026-03-05 03:51:51,344 trace.runner.sweep_runner INFO: intensity=0.70 seed=1 ep=7 success=True steps=84
2026-03-05 03:51:57,502 trace.runner.sweep_runner INFO: intensity=0.70 seed=1 ep=8 success=True steps=81
2026-03-05 03:52:03,251 trace.runner.sweep_runner INFO: intensity=0.70 seed=1 ep=9 success=True steps=74
2026-03-05 03:52:09,252 trace.runner.sweep_runner INFO: intensity=0.70 seed=2 ep=0 success=True steps=78
2026-03-05 03:52:15,001 trace.runner.sweep_runner INFO: intensity=0.70 seed=2 ep=1 success=True steps=76
2026-03-05 03:52:20,433 trace.runner.sweep_runner INFO: intensity=0.70 seed=2 ep=2 success=True steps=74
2026-03-05 03:52:26,424 trace.runner.sweep_runner INFO: intensity=0.70 seed=2 ep=3 success=True steps=78
2026-03-05 03:52:32,070 trace.runner.sweep_runner INFO: intensity=0.70 seed=2 ep=4 success=True steps=72
2026-03-05 03:52:37,757 trace.runner.sweep_runner INFO: intensity=0.70 seed=2 ep=5 success=True steps=74
2026-03-05 03:52:43,351 trace.runner.sweep_runner INFO: intensity=0.70 seed=2 ep=6 success=True steps=72
2026-03-05 03:52:49,597 trace.runner.sweep_runner INFO: intensity=0.70 seed=2 ep=7 success=True steps=82
2026-03-05 03:52:55,895 trace.runner.sweep_runner INFO: intensity=0.70 seed=2 ep=8 success=True steps=84
2026-03-05 03:53:01,549 trace.runner.sweep_runner INFO: intensity=0.70 seed=2 ep=9 success=True steps=74
2026-03-05 03:53:09,258 trace.runner.sweep_runner INFO: intensity=0.70 seed=3 ep=0 success=True steps=110
2026-03-05 03:53:16,930 trace.runner.sweep_runner INFO: intensity=0.70 seed=3 ep=1 success=True steps=108
2026-03-05 03:53:23,362 trace.runner.sweep_runner INFO: intensity=0.70 seed=3 ep=2 success=True steps=87
2026-03-05 03:53:29,358 trace.runner.sweep_runner INFO: intensity=0.70 seed=3 ep=3 success=True steps=79
2026-03-05 03:53:35,338 trace.runner.sweep_runner INFO: intensity=0.70 seed=3 ep=4 success=True steps=77
2026-03-05 03:53:42,544 trace.runner.sweep_runner INFO: intensity=0.70 seed=3 ep=5 success=True steps=101
2026-03-05 03:53:48,109 trace.runner.sweep_runner INFO: intensity=0.70 seed=3 ep=6 success=True steps=72
2026-03-05 03:53:54,362 trace.runner.sweep_runner INFO: intensity=0.70 seed=3 ep=7 success=True steps=81
2026-03-05 03:54:00,718 trace.runner.sweep_runner INFO: intensity=0.70 seed=3 ep=8 success=True steps=82
2026-03-05 03:54:06,342 trace.runner.sweep_runner INFO: intensity=0.70 seed=3 ep=9 success=True steps=73
2026-03-05 03:54:12,245 trace.runner.sweep_runner INFO: intensity=0.70 seed=4 ep=0 success=True steps=78
2026-03-05 03:54:19,926 trace.runner.sweep_runner INFO: intensity=0.70 seed=4 ep=1 success=True steps=108
2026-03-05 03:54:25,722 trace.runner.sweep_runner INFO: intensity=0.70 seed=4 ep=2 success=True steps=76
2026-03-05 03:54:31,696 trace.runner.sweep_runner INFO: intensity=0.70 seed=4 ep=3 success=True steps=78
2026-03-05 03:54:37,666 trace.runner.sweep_runner INFO: intensity=0.70 seed=4 ep=4 success=True steps=77
2026-03-05 03:54:43,532 trace.runner.sweep_runner INFO: intensity=0.70 seed=4 ep=5 success=True steps=76
2026-03-05 03:54:49,121 trace.runner.sweep_runner INFO: intensity=0.70 seed=4 ep=6 success=True steps=71
2026-03-05 03:54:55,182 trace.runner.sweep_runner INFO: intensity=0.70 seed=4 ep=7 success=True steps=80
2026-03-05 03:55:06,288 trace.runner.sweep_runner INFO: intensity=0.70 seed=4 ep=8 success=True steps=163
2026-03-05 03:55:12,044 trace.runner.sweep_runner INFO: intensity=0.70 seed=4 ep=9 success=True steps=75
2026-03-05 03:55:17,678 trace.runner.sweep_runner INFO: intensity=1.00 seed=0 ep=0 success=True steps=71
2026-03-05 03:55:23,275 trace.runner.sweep_runner INFO: intensity=1.00 seed=0 ep=1 success=True steps=73
2026-03-05 03:55:29,424 trace.runner.sweep_runner INFO: intensity=1.00 seed=0 ep=2 success=True steps=83
2026-03-05 03:55:35,413 trace.runner.sweep_runner INFO: intensity=1.00 seed=0 ep=3 success=True steps=79
2026-03-05 03:55:40,985 trace.runner.sweep_runner INFO: intensity=1.00 seed=0 ep=4 success=True steps=72
2026-03-05 03:55:46,501 trace.runner.sweep_runner INFO: intensity=1.00 seed=0 ep=5 success=True steps=71
2026-03-05 03:55:52,224 trace.runner.sweep_runner INFO: intensity=1.00 seed=0 ep=6 success=True steps=73
2026-03-05 03:55:58,249 trace.runner.sweep_runner INFO: intensity=1.00 seed=0 ep=7 success=True steps=78
2026-03-05 03:56:04,524 trace.runner.sweep_runner INFO: intensity=1.00 seed=0 ep=8 success=True steps=83
2026-03-05 03:56:10,193 trace.runner.sweep_runner INFO: intensity=1.00 seed=0 ep=9 success=True steps=75
2026-03-05 03:56:16,076 trace.runner.sweep_runner INFO: intensity=1.00 seed=1 ep=0 success=True steps=76
2026-03-05 03:56:21,801 trace.runner.sweep_runner INFO: intensity=1.00 seed=1 ep=1 success=True steps=75
2026-03-05 03:56:29,682 trace.runner.sweep_runner INFO: intensity=1.00 seed=1 ep=2 success=True steps=112
2026-03-05 03:56:35,727 trace.runner.sweep_runner INFO: intensity=1.00 seed=1 ep=3 success=True steps=80
2026-03-05 03:56:41,422 trace.runner.sweep_runner INFO: intensity=1.00 seed=1 ep=4 success=True steps=74
2026-03-05 03:56:47,267 trace.runner.sweep_runner INFO: intensity=1.00 seed=1 ep=5 success=True steps=76
2026-03-05 03:56:53,026 trace.runner.sweep_runner INFO: intensity=1.00 seed=1 ep=6 success=True steps=75
2026-03-05 03:56:59,277 trace.runner.sweep_runner INFO: intensity=1.00 seed=1 ep=7 success=True steps=82
2026-03-05 03:57:05,437 trace.runner.sweep_runner INFO: intensity=1.00 seed=1 ep=8 success=True steps=81
2026-03-05 03:57:10,944 trace.runner.sweep_runner INFO: intensity=1.00 seed=1 ep=9 success=True steps=71
2026-03-05 03:57:16,787 trace.runner.sweep_runner INFO: intensity=1.00 seed=2 ep=0 success=True steps=76
2026-03-05 03:57:24,420 trace.runner.sweep_runner INFO: intensity=1.00 seed=2 ep=1 success=True steps=109
2026-03-05 03:57:30,033 trace.runner.sweep_runner INFO: intensity=1.00 seed=2 ep=2 success=True steps=75
2026-03-05 03:57:36,222 trace.runner.sweep_runner INFO: intensity=1.00 seed=2 ep=3 success=True steps=81
2026-03-05 03:57:43,613 trace.runner.sweep_runner INFO: intensity=1.00 seed=2 ep=4 success=True steps=103
2026-03-05 03:57:49,538 trace.runner.sweep_runner INFO: intensity=1.00 seed=2 ep=5 success=True steps=77
2026-03-05 03:57:54,912 trace.runner.sweep_runner INFO: intensity=1.00 seed=2 ep=6 success=True steps=68
2026-03-05 03:58:01,179 trace.runner.sweep_runner INFO: intensity=1.00 seed=2 ep=7 success=True steps=81
2026-03-05 03:58:07,457 trace.runner.sweep_runner INFO: intensity=1.00 seed=2 ep=8 success=True steps=82
2026-03-05 03:58:13,276 trace.runner.sweep_runner INFO: intensity=1.00 seed=2 ep=9 success=True steps=75
2026-03-05 03:58:19,418 trace.runner.sweep_runner INFO: intensity=1.00 seed=3 ep=0 success=True steps=81
2026-03-05 03:58:27,034 trace.runner.sweep_runner INFO: intensity=1.00 seed=3 ep=1 success=True steps=109
2026-03-05 03:58:33,316 trace.runner.sweep_runner INFO: intensity=1.00 seed=3 ep=2 success=True steps=85
2026-03-05 03:58:39,238 trace.runner.sweep_runner INFO: intensity=1.00 seed=3 ep=3 success=True steps=77
2026-03-05 03:58:45,019 trace.runner.sweep_runner INFO: intensity=1.00 seed=3 ep=4 success=True steps=74
2026-03-05 03:58:50,529 trace.runner.sweep_runner INFO: intensity=1.00 seed=3 ep=5 success=True steps=71
2026-03-05 03:58:56,397 trace.runner.sweep_runner INFO: intensity=1.00 seed=3 ep=6 success=True steps=76
2026-03-05 03:59:02,674 trace.runner.sweep_runner INFO: intensity=1.00 seed=3 ep=7 success=True steps=82
2026-03-05 03:59:09,018 trace.runner.sweep_runner INFO: intensity=1.00 seed=3 ep=8 success=True steps=82
2026-03-05 03:59:14,547 trace.runner.sweep_runner INFO: intensity=1.00 seed=3 ep=9 success=True steps=69
2026-03-05 03:59:20,409 trace.runner.sweep_runner INFO: intensity=1.00 seed=4 ep=0 success=True steps=76
2026-03-05 03:59:26,260 trace.runner.sweep_runner INFO: intensity=1.00 seed=4 ep=1 success=True steps=78
2026-03-05 03:59:32,420 trace.runner.sweep_runner INFO: intensity=1.00 seed=4 ep=2 success=True steps=82
2026-03-05 03:59:38,471 trace.runner.sweep_runner INFO: intensity=1.00 seed=4 ep=3 success=True steps=80
2026-03-05 03:59:44,190 trace.runner.sweep_runner INFO: intensity=1.00 seed=4 ep=4 success=True steps=73
2026-03-05 03:59:49,930 trace.runner.sweep_runner INFO: intensity=1.00 seed=4 ep=5 success=True steps=75
2026-03-05 04:00:04,698 trace.runner.sweep_runner INFO: intensity=1.00 seed=4 ep=6 success=True steps=220
2026-03-05 04:00:10,888 trace.runner.sweep_runner INFO: intensity=1.00 seed=4 ep=7 success=True steps=81
2026-03-05 04:00:16,910 trace.runner.sweep_runner INFO: intensity=1.00 seed=4 ep=8 success=True steps=80
2026-03-05 04:00:22,551 trace.runner.sweep_runner INFO: intensity=1.00 seed=4 ep=9 success=True steps=71
2026-03-05 04:00:22,554 __main__ INFO:   baseline=98%, max_degradation=0%, breakpoint=none
2026-03-05 04:00:22,556 __main__ INFO:   Report updated: output/reports/report_Pi0PolicyAdapter_libero_20260304_223648.md (8/9 stressors)
2026-03-05 04:00:22,557 __main__ INFO: Running sweep 9/9: ResolutionStressor
2026-03-05 04:00:28,366 trace.runner.sweep_runner INFO: intensity=0.00 seed=0 ep=0 success=True steps=74
2026-03-05 04:00:36,282 trace.runner.sweep_runner INFO: intensity=0.00 seed=0 ep=1 success=True steps=112
2026-03-05 04:00:42,393 trace.runner.sweep_runner INFO: intensity=0.00 seed=0 ep=2 success=True steps=82
2026-03-05 04:00:48,178 trace.runner.sweep_runner INFO: intensity=0.00 seed=0 ep=3 success=True steps=76
2026-03-05 04:00:53,772 trace.runner.sweep_runner INFO: intensity=0.00 seed=0 ep=4 success=True steps=73
2026-03-05 04:00:59,732 trace.runner.sweep_runner INFO: intensity=0.00 seed=0 ep=5 success=True steps=77
2026-03-05 04:01:05,382 trace.runner.sweep_runner INFO: intensity=0.00 seed=0 ep=6 success=True steps=72
2026-03-05 04:01:11,423 trace.runner.sweep_runner INFO: intensity=0.00 seed=0 ep=7 success=True steps=79
2026-03-05 04:01:17,488 trace.runner.sweep_runner INFO: intensity=0.00 seed=0 ep=8 success=True steps=80
2026-03-05 04:01:23,083 trace.runner.sweep_runner INFO: intensity=0.00 seed=0 ep=9 success=True steps=74
2026-03-05 04:01:28,979 trace.runner.sweep_runner INFO: intensity=0.00 seed=1 ep=0 success=True steps=78
2026-03-05 04:01:36,664 trace.runner.sweep_runner INFO: intensity=0.00 seed=1 ep=1 success=True steps=108
2026-03-05 04:01:42,198 trace.runner.sweep_runner INFO: intensity=0.00 seed=1 ep=2 success=True steps=75
2026-03-05 04:01:48,132 trace.runner.sweep_runner INFO: intensity=0.00 seed=1 ep=3 success=True steps=78
2026-03-05 04:01:54,056 trace.runner.sweep_runner INFO: intensity=0.00 seed=1 ep=4 success=True steps=77
2026-03-05 04:02:00,285 trace.runner.sweep_runner INFO: intensity=0.00 seed=1 ep=5 success=True steps=82
2026-03-05 04:02:05,970 trace.runner.sweep_runner INFO: intensity=0.00 seed=1 ep=6 success=True steps=75
2026-03-05 04:02:11,990 trace.runner.sweep_runner INFO: intensity=0.00 seed=1 ep=7 success=True steps=79
2026-03-05 04:02:18,166 trace.runner.sweep_runner INFO: intensity=0.00 seed=1 ep=8 success=True steps=82
2026-03-05 04:02:23,943 trace.runner.sweep_runner INFO: intensity=0.00 seed=1 ep=9 success=True steps=74
2026-03-05 04:02:29,679 trace.runner.sweep_runner INFO: intensity=0.00 seed=2 ep=0 success=True steps=75
2026-03-05 04:02:37,127 trace.runner.sweep_runner INFO: intensity=0.00 seed=2 ep=1 success=True steps=103
2026-03-05 04:02:42,583 trace.runner.sweep_runner INFO: intensity=0.00 seed=2 ep=2 success=True steps=73
2026-03-05 04:02:48,501 trace.runner.sweep_runner INFO: intensity=0.00 seed=2 ep=3 success=True steps=76
2026-03-05 04:02:54,190 trace.runner.sweep_runner INFO: intensity=0.00 seed=2 ep=4 success=True steps=75
2026-03-05 04:02:59,890 trace.runner.sweep_runner INFO: intensity=0.00 seed=2 ep=5 success=True steps=73
2026-03-05 04:03:05,533 trace.runner.sweep_runner INFO: intensity=0.00 seed=2 ep=6 success=True steps=72
2026-03-05 04:03:11,744 trace.runner.sweep_runner INFO: intensity=0.00 seed=2 ep=7 success=True steps=81
2026-03-05 04:03:18,107 trace.runner.sweep_runner INFO: intensity=0.00 seed=2 ep=8 success=True steps=85
2026-03-05 04:03:23,855 trace.runner.sweep_runner INFO: intensity=0.00 seed=2 ep=9 success=True steps=74
2026-03-05 04:03:33,121 trace.runner.sweep_runner INFO: intensity=0.00 seed=3 ep=0 success=True steps=134
2026-03-05 04:03:41,016 trace.runner.sweep_runner INFO: intensity=0.00 seed=3 ep=1 success=True steps=108
2026-03-05 04:03:47,016 trace.runner.sweep_runner INFO: intensity=0.00 seed=3 ep=2 success=True steps=83
2026-03-05 04:03:52,834 trace.runner.sweep_runner INFO: intensity=0.00 seed=3 ep=3 success=True steps=76
2026-03-05 04:03:58,541 trace.runner.sweep_runner INFO: intensity=0.00 seed=3 ep=4 success=True steps=75
2026-03-05 04:04:04,569 trace.runner.sweep_runner INFO: intensity=0.00 seed=3 ep=5 success=True steps=79
2026-03-05 04:04:10,210 trace.runner.sweep_runner INFO: intensity=0.00 seed=3 ep=6 success=True steps=73
2026-03-05 04:04:16,545 trace.runner.sweep_runner INFO: intensity=0.00 seed=3 ep=7 success=True steps=82
2026-03-05 04:04:22,647 trace.runner.sweep_runner INFO: intensity=0.00 seed=3 ep=8 success=True steps=80
2026-03-05 04:04:28,584 trace.runner.sweep_runner INFO: intensity=0.00 seed=3 ep=9 success=True steps=79
2026-03-05 04:04:34,490 trace.runner.sweep_runner INFO: intensity=0.00 seed=4 ep=0 success=True steps=79
2026-03-05 04:04:40,288 trace.runner.sweep_runner INFO: intensity=0.00 seed=4 ep=1 success=True steps=76
2026-03-05 04:04:47,726 trace.runner.sweep_runner INFO: intensity=0.00 seed=4 ep=2 success=True steps=102
2026-03-05 04:04:53,793 trace.runner.sweep_runner INFO: intensity=0.00 seed=4 ep=3 success=True steps=79
2026-03-05 04:04:59,879 trace.runner.sweep_runner INFO: intensity=0.00 seed=4 ep=4 success=True steps=78
2026-03-05 04:05:05,771 trace.runner.sweep_runner INFO: intensity=0.00 seed=4 ep=5 success=True steps=77
2026-03-05 04:05:11,314 trace.runner.sweep_runner INFO: intensity=0.00 seed=4 ep=6 success=True steps=70
2026-03-05 04:05:17,253 trace.runner.sweep_runner INFO: intensity=0.00 seed=4 ep=7 success=True steps=77
2026-03-05 04:05:24,849 trace.runner.sweep_runner INFO: intensity=0.00 seed=4 ep=8 success=True steps=106
2026-03-05 04:05:30,444 trace.runner.sweep_runner INFO: intensity=0.00 seed=4 ep=9 success=True steps=73
2026-03-05 04:05:35,827 trace.runner.sweep_runner INFO: intensity=0.10 seed=0 ep=0 success=True steps=67
2026-03-05 04:05:43,512 trace.runner.sweep_runner INFO: intensity=0.10 seed=0 ep=1 success=True steps=108
2026-03-05 04:05:49,724 trace.runner.sweep_runner INFO: intensity=0.10 seed=0 ep=2 success=True steps=81
2026-03-05 04:05:55,636 trace.runner.sweep_runner INFO: intensity=0.10 seed=0 ep=3 success=True steps=78
2026-03-05 04:06:01,258 trace.runner.sweep_runner INFO: intensity=0.10 seed=0 ep=4 success=True steps=73
2026-03-05 04:06:07,155 trace.runner.sweep_runner INFO: intensity=0.10 seed=0 ep=5 success=True steps=76
2026-03-05 04:06:12,890 trace.runner.sweep_runner INFO: intensity=0.10 seed=0 ep=6 success=True steps=75
2026-03-05 04:06:18,981 trace.runner.sweep_runner INFO: intensity=0.10 seed=0 ep=7 success=True steps=80
2026-03-05 04:06:25,044 trace.runner.sweep_runner INFO: intensity=0.10 seed=0 ep=8 success=True steps=79
2026-03-05 04:06:32,438 trace.runner.sweep_runner INFO: intensity=0.10 seed=0 ep=9 success=True steps=104
2026-03-05 04:06:38,295 trace.runner.sweep_runner INFO: intensity=0.10 seed=1 ep=0 success=True steps=76
2026-03-05 04:06:46,020 trace.runner.sweep_runner INFO: intensity=0.10 seed=1 ep=1 success=True steps=108
2026-03-05 04:06:51,361 trace.runner.sweep_runner INFO: intensity=0.10 seed=1 ep=2 success=True steps=72
2026-03-05 04:06:57,277 trace.runner.sweep_runner INFO: intensity=0.10 seed=1 ep=3 success=True steps=77
2026-03-05 04:07:02,999 trace.runner.sweep_runner INFO: intensity=0.10 seed=1 ep=4 success=True steps=74
2026-03-05 04:07:08,891 trace.runner.sweep_runner INFO: intensity=0.10 seed=1 ep=5 success=True steps=76
2026-03-05 04:07:14,744 trace.runner.sweep_runner INFO: intensity=0.10 seed=1 ep=6 success=True steps=75
2026-03-05 04:07:20,836 trace.runner.sweep_runner INFO: intensity=0.10 seed=1 ep=7 success=True steps=79
2026-03-05 04:07:26,853 trace.runner.sweep_runner INFO: intensity=0.10 seed=1 ep=8 success=True steps=79
2026-03-05 04:07:32,692 trace.runner.sweep_runner INFO: intensity=0.10 seed=1 ep=9 success=True steps=75
2026-03-05 04:07:38,611 trace.runner.sweep_runner INFO: intensity=0.10 seed=2 ep=0 success=True steps=76
2026-03-05 04:07:46,100 trace.runner.sweep_runner INFO: intensity=0.10 seed=2 ep=1 success=True steps=105
2026-03-05 04:07:52,112 trace.runner.sweep_runner INFO: intensity=0.10 seed=2 ep=2 success=True steps=82
2026-03-05 04:07:58,151 trace.runner.sweep_runner INFO: intensity=0.10 seed=2 ep=3 success=True steps=79
2026-03-05 04:08:03,900 trace.runner.sweep_runner INFO: intensity=0.10 seed=2 ep=4 success=True steps=74
2026-03-05 04:08:11,072 trace.runner.sweep_runner INFO: intensity=0.10 seed=2 ep=5 success=True steps=95
2026-03-05 04:08:16,752 trace.runner.sweep_runner INFO: intensity=0.10 seed=2 ep=6 success=True steps=74
2026-03-05 04:08:22,998 trace.runner.sweep_runner INFO: intensity=0.10 seed=2 ep=7 success=True steps=82
2026-03-05 04:08:29,381 trace.runner.sweep_runner INFO: intensity=0.10 seed=2 ep=8 success=True steps=84
2026-03-05 04:08:35,297 trace.runner.sweep_runner INFO: intensity=0.10 seed=2 ep=9 success=True steps=76
2026-03-05 04:08:41,473 trace.runner.sweep_runner INFO: intensity=0.10 seed=3 ep=0 success=True steps=82
2026-03-05 04:08:48,991 trace.runner.sweep_runner INFO: intensity=0.10 seed=3 ep=1 success=True steps=104
2026-03-05 04:08:55,349 trace.runner.sweep_runner INFO: intensity=0.10 seed=3 ep=2 success=True steps=87
2026-03-05 04:09:01,514 trace.runner.sweep_runner INFO: intensity=0.10 seed=3 ep=3 success=True steps=81
2026-03-05 04:09:07,069 trace.runner.sweep_runner INFO: intensity=0.10 seed=3 ep=4 success=True steps=73
2026-03-05 04:09:12,419 trace.runner.sweep_runner INFO: intensity=0.10 seed=3 ep=5 success=True steps=70
2026-03-05 04:09:18,049 trace.runner.sweep_runner INFO: intensity=0.10 seed=3 ep=6 success=True steps=71
2026-03-05 04:09:24,598 trace.runner.sweep_runner INFO: intensity=0.10 seed=3 ep=7 success=True steps=86
2026-03-05 04:09:30,907 trace.runner.sweep_runner INFO: intensity=0.10 seed=3 ep=8 success=True steps=81
2026-03-05 04:09:36,501 trace.runner.sweep_runner INFO: intensity=0.10 seed=3 ep=9 success=True steps=73
2026-03-05 04:09:42,397 trace.runner.sweep_runner INFO: intensity=0.10 seed=4 ep=0 success=True steps=76
2026-03-05 04:09:48,261 trace.runner.sweep_runner INFO: intensity=0.10 seed=4 ep=1 success=True steps=78
2026-03-05 04:09:56,279 trace.runner.sweep_runner INFO: intensity=0.10 seed=4 ep=2 success=True steps=112
2026-03-05 04:10:02,255 trace.runner.sweep_runner INFO: intensity=0.10 seed=4 ep=3 success=True steps=78
2026-03-05 04:10:08,265 trace.runner.sweep_runner INFO: intensity=0.10 seed=4 ep=4 success=True steps=79
2026-03-05 04:10:13,966 trace.runner.sweep_runner INFO: intensity=0.10 seed=4 ep=5 success=True steps=75
2026-03-05 04:10:19,625 trace.runner.sweep_runner INFO: intensity=0.10 seed=4 ep=6 success=True steps=73
2026-03-05 04:10:25,585 trace.runner.sweep_runner INFO: intensity=0.10 seed=4 ep=7 success=True steps=79
2026-03-05 04:10:31,558 trace.runner.sweep_runner INFO: intensity=0.10 seed=4 ep=8 success=True steps=79
2026-03-05 04:10:37,205 trace.runner.sweep_runner INFO: intensity=0.10 seed=4 ep=9 success=True steps=71
2026-03-05 04:10:43,339 trace.runner.sweep_runner INFO: intensity=0.20 seed=0 ep=0 success=True steps=72
2026-03-05 04:10:51,627 trace.runner.sweep_runner INFO: intensity=0.20 seed=0 ep=1 success=True steps=104
2026-03-05 04:10:58,120 trace.runner.sweep_runner INFO: intensity=0.20 seed=0 ep=2 success=True steps=79
2026-03-05 04:11:04,616 trace.runner.sweep_runner INFO: intensity=0.20 seed=0 ep=3 success=True steps=76
2026-03-05 04:11:11,084 trace.runner.sweep_runner INFO: intensity=0.20 seed=0 ep=4 success=True steps=76
2026-03-05 04:11:17,288 trace.runner.sweep_runner INFO: intensity=0.20 seed=0 ep=5 success=True steps=73
2026-03-05 04:11:23,509 trace.runner.sweep_runner INFO: intensity=0.20 seed=0 ep=6 success=True steps=73
2026-03-05 04:11:30,113 trace.runner.sweep_runner INFO: intensity=0.20 seed=0 ep=7 success=True steps=78
2026-03-05 04:11:36,623 trace.runner.sweep_runner INFO: intensity=0.20 seed=0 ep=8 success=True steps=76
2026-03-05 04:11:42,596 trace.runner.sweep_runner INFO: intensity=0.20 seed=0 ep=9 success=True steps=70
2026-03-05 04:11:49,383 trace.runner.sweep_runner INFO: intensity=0.20 seed=1 ep=0 success=True steps=81
2026-03-05 04:11:55,980 trace.runner.sweep_runner INFO: intensity=0.20 seed=1 ep=1 success=True steps=79
2026-03-05 04:12:02,393 trace.runner.sweep_runner INFO: intensity=0.20 seed=1 ep=2 success=True steps=79
2026-03-05 04:12:08,710 trace.runner.sweep_runner INFO: intensity=0.20 seed=1 ep=3 success=True steps=75
2026-03-05 04:12:15,121 trace.runner.sweep_runner INFO: intensity=0.20 seed=1 ep=4 success=True steps=73
2026-03-05 04:12:21,553 trace.runner.sweep_runner INFO: intensity=0.20 seed=1 ep=5 success=True steps=75
2026-03-05 04:12:27,793 trace.runner.sweep_runner INFO: intensity=0.20 seed=1 ep=6 success=True steps=72
2026-03-05 04:12:34,965 trace.runner.sweep_runner INFO: intensity=0.20 seed=1 ep=7 success=True steps=84
2026-03-05 04:12:41,606 trace.runner.sweep_runner INFO: intensity=0.20 seed=1 ep=8 success=True steps=80
2026-03-05 04:12:47,766 trace.runner.sweep_runner INFO: intensity=0.20 seed=1 ep=9 success=True steps=71
2026-03-05 04:12:54,071 trace.runner.sweep_runner INFO: intensity=0.20 seed=2 ep=0 success=True steps=75
2026-03-05 04:13:03,127 trace.runner.sweep_runner INFO: intensity=0.20 seed=2 ep=1 success=True steps=115
2026-03-05 04:13:11,991 trace.runner.sweep_runner INFO: intensity=0.20 seed=2 ep=2 success=True steps=114
2026-03-05 04:13:18,499 trace.runner.sweep_runner INFO: intensity=0.20 seed=2 ep=3 success=True steps=77
2026-03-05 04:13:24,864 trace.runner.sweep_runner INFO: intensity=0.20 seed=2 ep=4 success=True steps=75
2026-03-05 04:13:31,215 trace.runner.sweep_runner INFO: intensity=0.20 seed=2 ep=5 success=True steps=74
2026-03-05 04:13:37,336 trace.runner.sweep_runner INFO: intensity=0.20 seed=2 ep=6 success=True steps=70
2026-03-05 04:13:44,312 trace.runner.sweep_runner INFO: intensity=0.20 seed=2 ep=7 success=True steps=81
2026-03-05 04:13:51,012 trace.runner.sweep_runner INFO: intensity=0.20 seed=2 ep=8 success=True steps=79
2026-03-05 04:13:57,226 trace.runner.sweep_runner INFO: intensity=0.20 seed=2 ep=9 success=True steps=73
2026-03-05 04:14:05,895 trace.runner.sweep_runner INFO: intensity=0.20 seed=3 ep=0 success=True steps=107
2026-03-05 04:14:12,571 trace.runner.sweep_runner INFO: intensity=0.20 seed=3 ep=1 success=True steps=79
2026-03-05 04:14:21,264 trace.runner.sweep_runner INFO: intensity=0.20 seed=3 ep=2 success=True steps=112
2026-03-05 04:14:27,447 trace.runner.sweep_runner INFO: intensity=0.20 seed=3 ep=3 success=True steps=73
2026-03-05 04:14:33,830 trace.runner.sweep_runner INFO: intensity=0.20 seed=3 ep=4 success=True steps=75
2026-03-05 04:14:41,943 trace.runner.sweep_runner INFO: intensity=0.20 seed=3 ep=5 success=True steps=100
2026-03-05 04:14:48,250 trace.runner.sweep_runner INFO: intensity=0.20 seed=3 ep=6 success=True steps=74
2026-03-05 04:14:55,652 trace.runner.sweep_runner INFO: intensity=0.20 seed=3 ep=7 success=True steps=87
2026-03-05 04:15:02,038 trace.runner.sweep_runner INFO: intensity=0.20 seed=3 ep=8 success=True steps=74
2026-03-05 04:15:08,528 trace.runner.sweep_runner INFO: intensity=0.20 seed=3 ep=9 success=True steps=76
2026-03-05 04:15:15,077 trace.runner.sweep_runner INFO: intensity=0.20 seed=4 ep=0 success=True steps=78
2026-03-05 04:15:25,434 trace.runner.sweep_runner INFO: intensity=0.20 seed=4 ep=1 success=True steps=135
2026-03-05 04:15:31,822 trace.runner.sweep_runner INFO: intensity=0.20 seed=4 ep=2 success=True steps=77
2026-03-05 04:15:37,747 trace.runner.sweep_runner INFO: intensity=0.20 seed=4 ep=3 success=True steps=69
2026-03-05 04:15:44,045 trace.runner.sweep_runner INFO: intensity=0.20 seed=4 ep=4 success=True steps=74
2026-03-05 04:15:50,383 trace.runner.sweep_runner INFO: intensity=0.20 seed=4 ep=5 success=True steps=75
2026-03-05 04:15:56,642 trace.runner.sweep_runner INFO: intensity=0.20 seed=4 ep=6 success=True steps=72
2026-03-05 04:16:03,721 trace.runner.sweep_runner INFO: intensity=0.20 seed=4 ep=7 success=True steps=83
2026-03-05 04:16:10,301 trace.runner.sweep_runner INFO: intensity=0.20 seed=4 ep=8 success=True steps=78
2026-03-05 04:16:16,791 trace.runner.sweep_runner INFO: intensity=0.20 seed=4 ep=9 success=True steps=75
2026-03-05 04:16:23,195 trace.runner.sweep_runner INFO: intensity=0.30 seed=0 ep=0 success=True steps=77
2026-03-05 04:16:29,632 trace.runner.sweep_runner INFO: intensity=0.30 seed=0 ep=1 success=True steps=78
2026-03-05 04:16:36,339 trace.runner.sweep_runner INFO: intensity=0.30 seed=0 ep=2 success=True steps=85
2026-03-05 04:16:42,871 trace.runner.sweep_runner INFO: intensity=0.30 seed=0 ep=3 success=True steps=79
2026-03-05 04:16:49,587 trace.runner.sweep_runner INFO: intensity=0.30 seed=0 ep=4 success=True steps=82
2026-03-05 04:16:56,325 trace.runner.sweep_runner INFO: intensity=0.30 seed=0 ep=5 success=True steps=81
2026-03-05 04:17:02,902 trace.runner.sweep_runner INFO: intensity=0.30 seed=0 ep=6 success=True steps=78
2026-03-05 04:17:10,333 trace.runner.sweep_runner INFO: intensity=0.30 seed=0 ep=7 success=True steps=89
2026-03-05 04:17:21,417 trace.runner.sweep_runner INFO: intensity=0.30 seed=0 ep=8 success=True steps=143
2026-03-05 04:17:27,564 trace.runner.sweep_runner INFO: intensity=0.30 seed=0 ep=9 success=True steps=73
2026-03-05 04:17:33,963 trace.runner.sweep_runner INFO: intensity=0.30 seed=1 ep=0 success=True steps=77
2026-03-05 04:17:40,555 trace.runner.sweep_runner INFO: intensity=0.30 seed=1 ep=1 success=True steps=81
2026-03-05 04:17:47,186 trace.runner.sweep_runner INFO: intensity=0.30 seed=1 ep=2 success=True steps=85
2026-03-05 04:17:53,816 trace.runner.sweep_runner INFO: intensity=0.30 seed=1 ep=3 success=True steps=80
2026-03-05 04:18:00,652 trace.runner.sweep_runner INFO: intensity=0.30 seed=1 ep=4 success=True steps=82
2026-03-05 04:18:06,976 trace.runner.sweep_runner INFO: intensity=0.30 seed=1 ep=5 success=True steps=75
2026-03-05 04:18:13,456 trace.runner.sweep_runner INFO: intensity=0.30 seed=1 ep=6 success=True steps=78
2026-03-05 04:18:20,940 trace.runner.sweep_runner INFO: intensity=0.30 seed=1 ep=7 success=True steps=91
2026-03-05 04:18:28,210 trace.runner.sweep_runner INFO: intensity=0.30 seed=1 ep=8 success=True steps=89
2026-03-05 04:18:34,959 trace.runner.sweep_runner INFO: intensity=0.30 seed=1 ep=9 success=True steps=81
2026-03-05 04:18:41,474 trace.runner.sweep_runner INFO: intensity=0.30 seed=2 ep=0 success=True steps=80
2026-03-05 04:18:57,437 trace.runner.sweep_runner INFO: intensity=0.30 seed=2 ep=1 success=False steps=220
2026-03-05 04:19:04,571 trace.runner.sweep_runner INFO: intensity=0.30 seed=2 ep=2 success=True steps=91
2026-03-05 04:19:13,364 trace.runner.sweep_runner INFO: intensity=0.30 seed=2 ep=3 success=True steps=114
2026-03-05 04:19:19,780 trace.runner.sweep_runner INFO: intensity=0.30 seed=2 ep=4 success=True steps=77
2026-03-05 04:19:26,172 trace.runner.sweep_runner INFO: intensity=0.30 seed=2 ep=5 success=True steps=78
2026-03-05 04:19:32,904 trace.runner.sweep_runner INFO: intensity=0.30 seed=2 ep=6 success=True steps=81
2026-03-05 04:19:39,773 trace.runner.sweep_runner INFO: intensity=0.30 seed=2 ep=7 success=True steps=83
2026-03-05 04:19:46,631 trace.runner.sweep_runner INFO: intensity=0.30 seed=2 ep=8 success=True steps=83
2026-03-05 04:19:53,182 trace.runner.sweep_runner INFO: intensity=0.30 seed=2 ep=9 success=True steps=80
2026-03-05 04:19:59,645 trace.runner.sweep_runner INFO: intensity=0.30 seed=3 ep=0 success=True steps=77
2026-03-05 04:20:08,626 trace.runner.sweep_runner INFO: intensity=0.30 seed=3 ep=1 success=True steps=116
2026-03-05 04:20:15,657 trace.runner.sweep_runner INFO: intensity=0.30 seed=3 ep=2 success=True steps=90
2026-03-05 04:20:22,409 trace.runner.sweep_runner INFO: intensity=0.30 seed=3 ep=3 success=True steps=81
2026-03-05 04:20:28,787 trace.runner.sweep_runner INFO: intensity=0.30 seed=3 ep=4 success=True steps=76
2026-03-05 04:20:35,155 trace.runner.sweep_runner INFO: intensity=0.30 seed=3 ep=5 success=True steps=76
2026-03-05 04:20:41,828 trace.runner.sweep_runner INFO: intensity=0.30 seed=3 ep=6 success=True steps=82
2026-03-05 04:20:49,064 trace.runner.sweep_runner INFO: intensity=0.30 seed=3 ep=7 success=True steps=88
2026-03-05 04:20:56,028 trace.runner.sweep_runner INFO: intensity=0.30 seed=3 ep=8 success=True steps=85
2026-03-05 04:21:02,421 trace.runner.sweep_runner INFO: intensity=0.30 seed=3 ep=9 success=True steps=76
2026-03-05 04:21:08,832 trace.runner.sweep_runner INFO: intensity=0.30 seed=4 ep=0 success=True steps=77
2026-03-05 04:21:17,544 trace.runner.sweep_runner INFO: intensity=0.30 seed=4 ep=1 success=True steps=113
2026-03-05 04:21:24,479 trace.runner.sweep_runner INFO: intensity=0.30 seed=4 ep=2 success=True steps=88
2026-03-05 04:21:31,222 trace.runner.sweep_runner INFO: intensity=0.30 seed=4 ep=3 success=True steps=81
2026-03-05 04:21:37,406 trace.runner.sweep_runner INFO: intensity=0.30 seed=4 ep=4 success=True steps=75
2026-03-05 04:21:44,149 trace.runner.sweep_runner INFO: intensity=0.30 seed=4 ep=5 success=True steps=81
2026-03-05 04:21:50,972 trace.runner.sweep_runner INFO: intensity=0.30 seed=4 ep=6 success=True steps=81
2026-03-05 04:21:58,047 trace.runner.sweep_runner INFO: intensity=0.30 seed=4 ep=7 success=True steps=85
2026-03-05 04:22:05,344 trace.runner.sweep_runner INFO: intensity=0.30 seed=4 ep=8 success=True steps=87
2026-03-05 04:22:11,679 trace.runner.sweep_runner INFO: intensity=0.30 seed=4 ep=9 success=True steps=75
2026-03-05 04:22:19,601 trace.runner.sweep_runner INFO: intensity=0.50 seed=0 ep=0 success=True steps=99
2026-03-05 04:22:26,216 trace.runner.sweep_runner INFO: intensity=0.50 seed=0 ep=1 success=True steps=83
2026-03-05 04:22:41,502 trace.runner.sweep_runner INFO: intensity=0.50 seed=0 ep=2 success=False steps=220
2026-03-05 04:22:57,054 trace.runner.sweep_runner INFO: intensity=0.50 seed=0 ep=3 success=False steps=220
2026-03-05 04:23:06,714 trace.runner.sweep_runner INFO: intensity=0.50 seed=0 ep=4 success=True steps=127
2026-03-05 04:23:20,056 trace.runner.sweep_runner INFO: intensity=0.50 seed=0 ep=5 success=True steps=181
2026-03-05 04:23:32,713 trace.runner.sweep_runner INFO: intensity=0.50 seed=0 ep=6 success=True steps=173
2026-03-05 04:23:48,526 trace.runner.sweep_runner INFO: intensity=0.50 seed=0 ep=7 success=False steps=220
2026-03-05 04:23:56,397 trace.runner.sweep_runner INFO: intensity=0.50 seed=0 ep=8 success=True steps=98
2026-03-05 04:24:06,634 trace.runner.sweep_runner INFO: intensity=0.50 seed=0 ep=9 success=True steps=135
2026-03-05 04:24:16,417 trace.runner.sweep_runner INFO: intensity=0.50 seed=1 ep=0 success=True steps=130
2026-03-05 04:24:26,484 trace.runner.sweep_runner INFO: intensity=0.50 seed=1 ep=1 success=True steps=134
2026-03-05 04:24:34,232 trace.runner.sweep_runner INFO: intensity=0.50 seed=1 ep=2 success=True steps=101
2026-03-05 04:24:49,898 trace.runner.sweep_runner INFO: intensity=0.50 seed=1 ep=3 success=False steps=220
2026-03-05 04:24:56,689 trace.runner.sweep_runner INFO: intensity=0.50 seed=1 ep=4 success=True steps=85
2026-03-05 04:25:10,016 trace.runner.sweep_runner INFO: intensity=0.50 seed=1 ep=5 success=True steps=183
2026-03-05 04:25:24,079 trace.runner.sweep_runner INFO: intensity=0.50 seed=1 ep=6 success=True steps=192
2026-03-05 04:25:36,697 trace.runner.sweep_runner INFO: intensity=0.50 seed=1 ep=7 success=True steps=172
2026-03-05 04:25:44,767 trace.runner.sweep_runner INFO: intensity=0.50 seed=1 ep=8 success=True steps=104
2026-03-05 04:25:51,539 trace.runner.sweep_runner INFO: intensity=0.50 seed=1 ep=9 success=True steps=83
2026-03-05 04:26:07,069 trace.runner.sweep_runner INFO: intensity=0.50 seed=2 ep=0 success=False steps=220
2026-03-05 04:26:13,819 trace.runner.sweep_runner INFO: intensity=0.50 seed=2 ep=1 success=True steps=84
2026-03-05 04:26:24,280 trace.runner.sweep_runner INFO: intensity=0.50 seed=2 ep=2 success=True steps=143
2026-03-05 04:26:39,863 trace.runner.sweep_runner INFO: intensity=0.50 seed=2 ep=3 success=False steps=220
2026-03-05 04:26:55,308 trace.runner.sweep_runner INFO: intensity=0.50 seed=2 ep=4 success=False steps=220
2026-03-05 04:27:05,399 trace.runner.sweep_runner INFO: intensity=0.50 seed=2 ep=5 success=True steps=134
2026-03-05 04:27:12,167 trace.runner.sweep_runner INFO: intensity=0.50 seed=2 ep=6 success=True steps=83
2026-03-05 04:27:25,914 trace.runner.sweep_runner INFO: intensity=0.50 seed=2 ep=7 success=True steps=184
2026-03-05 04:27:33,824 trace.runner.sweep_runner INFO: intensity=0.50 seed=2 ep=8 success=True steps=101
2026-03-05 04:27:41,146 trace.runner.sweep_runner INFO: intensity=0.50 seed=2 ep=9 success=True steps=91
2026-03-05 04:27:51,794 trace.runner.sweep_runner INFO: intensity=0.50 seed=3 ep=0 success=True steps=143
2026-03-05 04:28:07,288 trace.runner.sweep_runner INFO: intensity=0.50 seed=3 ep=1 success=False steps=220
2026-03-05 04:28:22,958 trace.runner.sweep_runner INFO: intensity=0.50 seed=3 ep=2 success=False steps=220
2026-03-05 04:28:30,412 trace.runner.sweep_runner INFO: intensity=0.50 seed=3 ep=3 success=True steps=94
2026-03-05 04:28:37,872 trace.runner.sweep_runner INFO: intensity=0.50 seed=3 ep=4 success=True steps=94
2026-03-05 04:28:45,096 trace.runner.sweep_runner INFO: intensity=0.50 seed=3 ep=5 success=True steps=91
2026-03-05 04:28:52,684 trace.runner.sweep_runner INFO: intensity=0.50 seed=3 ep=6 success=True steps=96
2026-03-05 04:29:01,994 trace.runner.sweep_runner INFO: intensity=0.50 seed=3 ep=7 success=True steps=121
2026-03-05 04:29:10,823 trace.runner.sweep_runner INFO: intensity=0.50 seed=3 ep=8 success=True steps=115
2026-03-05 04:29:18,226 trace.runner.sweep_runner INFO: intensity=0.50 seed=3 ep=9 success=True steps=94
2026-03-05 04:29:34,018 trace.runner.sweep_runner INFO: intensity=0.50 seed=4 ep=0 success=False steps=220
2026-03-05 04:29:49,491 trace.runner.sweep_runner INFO: intensity=0.50 seed=4 ep=1 success=False steps=220
2026-03-05 04:30:04,530 trace.runner.sweep_runner INFO: intensity=0.50 seed=4 ep=2 success=False steps=220
2026-03-05 04:30:12,257 trace.runner.sweep_runner INFO: intensity=0.50 seed=4 ep=3 success=True steps=96
2026-03-05 04:30:27,902 trace.runner.sweep_runner INFO: intensity=0.50 seed=4 ep=4 success=False steps=220
2026-03-05 04:30:43,351 trace.runner.sweep_runner INFO: intensity=0.50 seed=4 ep=5 success=False steps=220
2026-03-05 04:30:50,415 trace.runner.sweep_runner INFO: intensity=0.50 seed=4 ep=6 success=True steps=87
2026-03-05 04:31:01,668 trace.runner.sweep_runner INFO: intensity=0.50 seed=4 ep=7 success=True steps=150
2026-03-05 04:31:10,005 trace.runner.sweep_runner INFO: intensity=0.50 seed=4 ep=8 success=True steps=105
2026-03-05 04:31:25,500 trace.runner.sweep_runner INFO: intensity=0.50 seed=4 ep=9 success=False steps=220
2026-03-05 04:31:35,870 trace.runner.sweep_runner INFO: intensity=0.70 seed=0 ep=0 success=True steps=140
2026-03-05 04:31:47,557 trace.runner.sweep_runner INFO: intensity=0.70 seed=0 ep=1 success=True steps=160
2026-03-05 04:31:56,051 trace.runner.sweep_runner INFO: intensity=0.70 seed=0 ep=2 success=True steps=114
2026-03-05 04:32:11,435 trace.runner.sweep_runner INFO: intensity=0.70 seed=0 ep=3 success=False steps=220
2026-03-05 04:32:26,781 trace.runner.sweep_runner INFO: intensity=0.70 seed=0 ep=4 success=False steps=220
2026-03-05 04:32:35,728 trace.runner.sweep_runner INFO: intensity=0.70 seed=0 ep=5 success=True steps=116
2026-03-05 04:32:42,716 trace.runner.sweep_runner INFO: intensity=0.70 seed=0 ep=6 success=True steps=87
2026-03-05 04:32:53,527 trace.runner.sweep_runner INFO: intensity=0.70 seed=0 ep=7 success=True steps=147
2026-03-05 04:33:02,895 trace.runner.sweep_runner INFO: intensity=0.70 seed=0 ep=8 success=True steps=123
2026-03-05 04:33:11,594 trace.runner.sweep_runner INFO: intensity=0.70 seed=0 ep=9 success=True steps=114
2026-03-05 04:33:20,330 trace.runner.sweep_runner INFO: intensity=0.70 seed=1 ep=0 success=True steps=113
2026-03-05 04:33:35,847 trace.runner.sweep_runner INFO: intensity=0.70 seed=1 ep=1 success=False steps=220
2026-03-05 04:33:42,594 trace.runner.sweep_runner INFO: intensity=0.70 seed=1 ep=2 success=True steps=87
2026-03-05 04:33:58,146 trace.runner.sweep_runner INFO: intensity=0.70 seed=1 ep=3 success=False steps=220
2026-03-05 04:34:13,445 trace.runner.sweep_runner INFO: intensity=0.70 seed=1 ep=4 success=False steps=220
2026-03-05 04:34:21,910 trace.runner.sweep_runner INFO: intensity=0.70 seed=1 ep=5 success=True steps=108
2026-03-05 04:34:29,886 trace.runner.sweep_runner INFO: intensity=0.70 seed=1 ep=6 success=True steps=101
2026-03-05 04:34:45,849 trace.runner.sweep_runner INFO: intensity=0.70 seed=1 ep=7 success=False steps=220
2026-03-05 04:34:54,044 trace.runner.sweep_runner INFO: intensity=0.70 seed=1 ep=8 success=True steps=106
2026-03-05 04:35:02,678 trace.runner.sweep_runner INFO: intensity=0.70 seed=1 ep=9 success=True steps=114
2026-03-05 04:35:11,243 trace.runner.sweep_runner INFO: intensity=0.70 seed=2 ep=0 success=True steps=113
2026-03-05 04:35:26,924 trace.runner.sweep_runner INFO: intensity=0.70 seed=2 ep=1 success=False steps=220
2026-03-05 04:35:34,251 trace.runner.sweep_runner INFO: intensity=0.70 seed=2 ep=2 success=True steps=96
2026-03-05 04:35:40,905 trace.runner.sweep_runner INFO: intensity=0.70 seed=2 ep=3 success=True steps=83
2026-03-05 04:35:47,313 trace.runner.sweep_runner INFO: intensity=0.70 seed=2 ep=4 success=True steps=79
2026-03-05 04:35:55,282 trace.runner.sweep_runner INFO: intensity=0.70 seed=2 ep=5 success=True steps=103
2026-03-05 04:36:03,444 trace.runner.sweep_runner INFO: intensity=0.70 seed=2 ep=6 success=True steps=105
2026-03-05 04:36:11,481 trace.runner.sweep_runner INFO: intensity=0.70 seed=2 ep=7 success=True steps=101
2026-03-05 04:36:19,020 trace.runner.sweep_runner INFO: intensity=0.70 seed=2 ep=8 success=True steps=96
2026-03-05 04:36:27,195 trace.runner.sweep_runner INFO: intensity=0.70 seed=2 ep=9 success=True steps=106
2026-03-05 04:36:42,800 trace.runner.sweep_runner INFO: intensity=0.70 seed=3 ep=0 success=False steps=220
2026-03-05 04:36:58,086 trace.runner.sweep_runner INFO: intensity=0.70 seed=3 ep=1 success=False steps=220
2026-03-05 04:37:13,310 trace.runner.sweep_runner INFO: intensity=0.70 seed=3 ep=2 success=False steps=220
2026-03-05 04:37:28,814 trace.runner.sweep_runner INFO: intensity=0.70 seed=3 ep=3 success=False steps=220
2026-03-05 04:37:44,394 trace.runner.sweep_runner INFO: intensity=0.70 seed=3 ep=4 success=False steps=220
2026-03-05 04:37:52,114 trace.runner.sweep_runner INFO: intensity=0.70 seed=3 ep=5 success=True steps=100
2026-03-05 04:38:00,003 trace.runner.sweep_runner INFO: intensity=0.70 seed=3 ep=6 success=True steps=100
2026-03-05 04:38:07,423 trace.runner.sweep_runner INFO: intensity=0.70 seed=3 ep=7 success=True steps=94
2026-03-05 04:38:15,393 trace.runner.sweep_runner INFO: intensity=0.70 seed=3 ep=8 success=True steps=104
2026-03-05 04:38:23,686 trace.runner.sweep_runner INFO: intensity=0.70 seed=3 ep=9 success=True steps=108
2026-03-05 04:38:31,310 trace.runner.sweep_runner INFO: intensity=0.70 seed=4 ep=0 success=True steps=98
2026-03-05 04:38:46,672 trace.runner.sweep_runner INFO: intensity=0.70 seed=4 ep=1 success=False steps=220
2026-03-05 04:38:55,986 trace.runner.sweep_runner INFO: intensity=0.70 seed=4 ep=2 success=True steps=125
2026-03-05 04:39:11,409 trace.runner.sweep_runner INFO: intensity=0.70 seed=4 ep=3 success=False steps=220
2026-03-05 04:39:27,617 trace.runner.sweep_runner INFO: intensity=0.70 seed=4 ep=4 success=False steps=220
2026-03-05 04:39:35,766 trace.runner.sweep_runner INFO: intensity=0.70 seed=4 ep=5 success=True steps=106
2026-03-05 04:39:43,776 trace.runner.sweep_runner INFO: intensity=0.70 seed=4 ep=6 success=True steps=101
2026-03-05 04:39:59,206 trace.runner.sweep_runner INFO: intensity=0.70 seed=4 ep=7 success=False steps=220
2026-03-05 04:40:06,897 trace.runner.sweep_runner INFO: intensity=0.70 seed=4 ep=8 success=True steps=100
2026-03-05 04:40:15,961 trace.runner.sweep_runner INFO: intensity=0.70 seed=4 ep=9 success=True steps=117
2026-03-05 04:40:33,057 trace.runner.sweep_runner INFO: intensity=1.00 seed=0 ep=0 success=False steps=220
2026-03-05 04:40:50,554 trace.runner.sweep_runner INFO: intensity=1.00 seed=0 ep=1 success=False steps=220
2026-03-05 04:41:05,920 trace.runner.sweep_runner INFO: intensity=1.00 seed=0 ep=2 success=False steps=220
2026-03-05 04:41:22,602 trace.runner.sweep_runner INFO: intensity=1.00 seed=0 ep=3 success=False steps=220
2026-03-05 04:41:38,940 trace.runner.sweep_runner INFO: intensity=1.00 seed=0 ep=4 success=False steps=220
2026-03-05 04:41:54,885 trace.runner.sweep_runner INFO: intensity=1.00 seed=0 ep=5 success=False steps=220
2026-03-05 04:42:10,776 trace.runner.sweep_runner INFO: intensity=1.00 seed=0 ep=6 success=False steps=220
2026-03-05 04:42:26,562 trace.runner.sweep_runner INFO: intensity=1.00 seed=0 ep=7 success=False steps=220
2026-03-05 04:42:42,915 trace.runner.sweep_runner INFO: intensity=1.00 seed=0 ep=8 success=False steps=220
2026-03-05 04:42:59,228 trace.runner.sweep_runner INFO: intensity=1.00 seed=0 ep=9 success=False steps=220
2026-03-05 04:43:15,548 trace.runner.sweep_runner INFO: intensity=1.00 seed=1 ep=0 success=False steps=220
2026-03-05 04:43:31,459 trace.runner.sweep_runner INFO: intensity=1.00 seed=1 ep=1 success=False steps=220
2026-03-05 04:43:47,102 trace.runner.sweep_runner INFO: intensity=1.00 seed=1 ep=2 success=False steps=220
2026-03-05 04:44:03,669 trace.runner.sweep_runner INFO: intensity=1.00 seed=1 ep=3 success=False steps=220
2026-03-05 04:44:19,970 trace.runner.sweep_runner INFO: intensity=1.00 seed=1 ep=4 success=False steps=220
2026-03-05 04:44:35,816 trace.runner.sweep_runner INFO: intensity=1.00 seed=1 ep=5 success=False steps=220
2026-03-05 04:44:51,690 trace.runner.sweep_runner INFO: intensity=1.00 seed=1 ep=6 success=False steps=220
2026-03-05 04:45:07,845 trace.runner.sweep_runner INFO: intensity=1.00 seed=1 ep=7 success=False steps=220
2026-03-05 04:45:23,216 trace.runner.sweep_runner INFO: intensity=1.00 seed=1 ep=8 success=False steps=220
2026-03-05 04:45:39,568 trace.runner.sweep_runner INFO: intensity=1.00 seed=1 ep=9 success=False steps=220
2026-03-05 04:45:56,558 trace.runner.sweep_runner INFO: intensity=1.00 seed=2 ep=0 success=False steps=220
2026-03-05 04:46:12,688 trace.runner.sweep_runner INFO: intensity=1.00 seed=2 ep=1 success=False steps=220
2026-03-05 04:46:28,173 trace.runner.sweep_runner INFO: intensity=1.00 seed=2 ep=2 success=False steps=220
2026-03-05 04:46:44,970 trace.runner.sweep_runner INFO: intensity=1.00 seed=2 ep=3 success=False steps=220
2026-03-05 04:47:00,913 trace.runner.sweep_runner INFO: intensity=1.00 seed=2 ep=4 success=False steps=220
2026-03-05 04:47:16,659 trace.runner.sweep_runner INFO: intensity=1.00 seed=2 ep=5 success=False steps=220
2026-03-05 04:47:32,516 trace.runner.sweep_runner INFO: intensity=1.00 seed=2 ep=6 success=False steps=220
2026-03-05 04:47:48,661 trace.runner.sweep_runner INFO: intensity=1.00 seed=2 ep=7 success=False steps=220
2026-03-05 04:48:05,024 trace.runner.sweep_runner INFO: intensity=1.00 seed=2 ep=8 success=False steps=220
2026-03-05 04:48:21,540 trace.runner.sweep_runner INFO: intensity=1.00 seed=2 ep=9 success=False steps=220
2026-03-05 04:48:38,676 trace.runner.sweep_runner INFO: intensity=1.00 seed=3 ep=0 success=False steps=220
2026-03-05 04:48:55,109 trace.runner.sweep_runner INFO: intensity=1.00 seed=3 ep=1 success=False steps=220
2026-03-05 04:49:11,071 trace.runner.sweep_runner INFO: intensity=1.00 seed=3 ep=2 success=False steps=220
2026-03-05 04:49:27,682 trace.runner.sweep_runner INFO: intensity=1.00 seed=3 ep=3 success=False steps=220
2026-03-05 04:49:43,788 trace.runner.sweep_runner INFO: intensity=1.00 seed=3 ep=4 success=False steps=220
2026-03-05 04:50:00,500 trace.runner.sweep_runner INFO: intensity=1.00 seed=3 ep=5 success=False steps=220
2026-03-05 04:50:17,375 trace.runner.sweep_runner INFO: intensity=1.00 seed=3 ep=6 success=False steps=220
2026-03-05 04:50:33,396 trace.runner.sweep_runner INFO: intensity=1.00 seed=3 ep=7 success=False steps=220
2026-03-05 04:50:48,939 trace.runner.sweep_runner INFO: intensity=1.00 seed=3 ep=8 success=False steps=220
2026-03-05 04:51:05,441 trace.runner.sweep_runner INFO: intensity=1.00 seed=3 ep=9 success=False steps=220
2026-03-05 04:51:21,459 trace.runner.sweep_runner INFO: intensity=1.00 seed=4 ep=0 success=False steps=220
2026-03-05 04:51:37,823 trace.runner.sweep_runner INFO: intensity=1.00 seed=4 ep=1 success=False steps=220
2026-03-05 04:51:52,825 trace.runner.sweep_runner INFO: intensity=1.00 seed=4 ep=2 success=False steps=220
2026-03-05 04:52:09,269 trace.runner.sweep_runner INFO: intensity=1.00 seed=4 ep=3 success=False steps=220
2026-03-05 04:52:20,460 trace.runner.sweep_runner INFO: intensity=1.00 seed=4 ep=4 success=True steps=146
2026-03-05 04:52:36,479 trace.runner.sweep_runner INFO: intensity=1.00 seed=4 ep=5 success=False steps=220
2026-03-05 04:52:53,609 trace.runner.sweep_runner INFO: intensity=1.00 seed=4 ep=6 success=False steps=220
2026-03-05 04:53:09,664 trace.runner.sweep_runner INFO: intensity=1.00 seed=4 ep=7 success=False steps=220
2026-03-05 04:53:25,242 trace.runner.sweep_runner INFO: intensity=1.00 seed=4 ep=8 success=False steps=220
2026-03-05 04:53:41,137 trace.runner.sweep_runner INFO: intensity=1.00 seed=4 ep=9 success=False steps=220
2026-03-05 04:53:41,141 __main__ INFO:   baseline=100%, max_degradation=98%, breakpoint=1.00
2026-03-05 04:53:41,144 __main__ INFO:   Report updated: output/reports/report_Pi0PolicyAdapter_libero_20260304_223648.md (9/9 stressors)
2026-03-05 04:53:41,144 __main__ INFO: Final report: output/reports/report_Pi0PolicyAdapter_libero_20260304_223648.md
[info] using task orders [0, 1, 2, 3, 4, 5, 6, 7, 8, 9]
[Warning]: datasets path /scratch/at5282/trace/openpi/third_party/libero/libero/datasets does not exist!
[Warning]: datasets path /scratch/at5282/trace/openpi/third_party/libero/libero/datasets does not exist!
Exception ignored in: <function MjRenderContext.__del__ at 0x15540694c720>
Traceback (most recent call last):
  File "/home/at5282/.conda/envs/trace-pi0/lib/python3.11/site-packages/robosuite/utils/binding_utils.py", line 199, in __del__
    self.gl_ctx.free()
  File "/home/at5282/.conda/envs/trace-pi0/lib/python3.11/site-packages/robosuite/renderers/context/egl_context.py", line 149, in free
    EGL.eglMakeCurrent(EGL_DISPLAY, EGL.EGL_NO_SURFACE, EGL.EGL_NO_SURFACE, EGL.EGL_NO_CONTEXT)
  File "/home/at5282/.conda/envs/trace-pi0/lib/python3.11/site-packages/OpenGL/error.py", line 230, in glCheckError
    raise self._errorClass(
OpenGL.raw.EGL._errors.EGLError: EGLError(
	err = EGL_NOT_INITIALIZED,
	baseOperation = eglMakeCurrent,
	cArguments = (
		<OpenGL._opaque.EGLDisplay_pointer object at 0x1553e18aa2a0>,
		<OpenGL._opaque.EGLSurface_pointer object at 0x15553d767e30>,
		<OpenGL._opaque.EGLSurface_pointer object at 0x15553d767e30>,
		<OpenGL._opaque.EGLContext_pointer object at 0x15553d767d10>,
	),
	result = 0
)
Exception ignored in: <function EGLGLContext.__del__ at 0x15540694c5e0>
Traceback (most recent call last):
  File "/home/at5282/.conda/envs/trace-pi0/lib/python3.11/site-packages/robosuite/renderers/context/egl_context.py", line 155, in __del__
    self.free()
  File "/home/at5282/.conda/envs/trace-pi0/lib/python3.11/site-packages/robosuite/renderers/context/egl_context.py", line 149, in free
    EGL.eglMakeCurrent(EGL_DISPLAY, EGL.EGL_NO_SURFACE, EGL.EGL_NO_SURFACE, EGL.EGL_NO_CONTEXT)
  File "/home/at5282/.conda/envs/trace-pi0/lib/python3.11/site-packages/OpenGL/error.py", line 230, in glCheckError
    raise self._errorClass(
OpenGL.raw.EGL._errors.EGLError: EGLError(
	err = EGL_NOT_INITIALIZED,
	baseOperation = eglMakeCurrent,
	cArguments = (
		<OpenGL._opaque.EGLDisplay_pointer object at 0x1553e18aa2a0>,
		<OpenGL._opaque.EGLSurface_pointer object at 0x15553d767e30>,
		<OpenGL._opaque.EGLSurface_pointer object at 0x15553d767e30>,
		<OpenGL._opaque.EGLContext_pointer object at 0x15553d767d10>,
	),
	result = 0
)
LEVEL 4 PASSED

============================================
ALL LIBERO TESTS PASSED
============================================

Shutting down server (PID 581434)...
Done.
