============================================
LIBERO + Pi0 Test Pipeline
Node: cn005
Date: Wed Mar  4 20:34:55 +04 2026
Job ID: 14300451
============================================

[GPU Info]
NVIDIA A100-PCIE-40GB, 40960 MiB

============================================
LEVEL 1: LIBERO unit tests
============================================
============================= test session starts ==============================
platform linux -- Python 3.11.14, pytest-9.0.2, pluggy-1.6.0 -- /home/at5282/.conda/envs/trace-pi0/bin/python
cachedir: .pytest_cache
rootdir: /scratch/at5282/trace/tracerobotics
configfile: pyproject.toml
plugins: cov-7.0.0
collecting ... collected 12 items

tests/test_libero_task.py::TestLiberoTaskInit::test_initialize PASSED    [  8%]
tests/test_libero_task.py::TestLiberoTaskInit::test_language_instruction PASSED [ 16%]
tests/test_libero_task.py::TestLiberoTaskReset::test_reset_returns_observation PASSED [ 25%]
tests/test_libero_task.py::TestLiberoTaskReset::test_observation_keys PASSED [ 33%]
tests/test_libero_task.py::TestLiberoTaskReset::test_image_shape PASSED  [ 41%]
tests/test_libero_task.py::TestLiberoTaskReset::test_proprioception_shapes PASSED [ 50%]
tests/test_libero_task.py::TestLiberoTaskStep::test_step_returns_tuple PASSED [ 58%]
tests/test_libero_task.py::TestLiberoTaskStep::test_step_observation_format PASSED [ 66%]
tests/test_libero_task.py::TestLiberoTaskMujoco::test_get_mujoco_model PASSED [ 75%]
tests/test_libero_task.py::TestLiberoTaskMujoco::test_get_mujoco_data PASSED [ 83%]
tests/test_libero_task.py::TestLiberoTaskSuccess::test_initial_not_success PASSED [ 91%]
tests/test_libero_task.py::TestLiberoTaskSuccess::test_no_catastrophic_failure PASSED [100%]

=============================== warnings summary ===============================
tests/test_libero_task.py::TestLiberoTaskInit::test_initialize
  /home/at5282/.conda/envs/trace-pi0/lib/python3.11/site-packages/robosuite/macros.py:53: DeprecationWarning: The 'warn' method is deprecated, use 'warning' instead
    ROBOSUITE_DEFAULT_LOGGER.warn("No private macro file found!")

tests/test_libero_task.py::TestLiberoTaskInit::test_initialize
  /home/at5282/.conda/envs/trace-pi0/lib/python3.11/site-packages/robosuite/macros.py:54: DeprecationWarning: The 'warn' method is deprecated, use 'warning' instead
    ROBOSUITE_DEFAULT_LOGGER.warn("It is recommended to use a private macro file")

tests/test_libero_task.py::TestLiberoTaskInit::test_initialize
  /home/at5282/.conda/envs/trace-pi0/lib/python3.11/site-packages/robosuite/macros.py:55: DeprecationWarning: The 'warn' method is deprecated, use 'warning' instead
    ROBOSUITE_DEFAULT_LOGGER.warn("To setup, run: python {}/scripts/setup_macros.py".format(robosuite.__path__[0]))

-- Docs: https://docs.pytest.org/en/stable/how-to/capture-warnings.html
======================= 12 passed, 3 warnings in 28.66s ========================
LEVEL 1 PASSED

============================================
Starting pi0 server on port 8000...
============================================
Waiting for server (PID 1665580) to start listening on port 8000...
  ... waiting (5s)
  ... waiting (10s)
  ... waiting (15s)
  ... waiting (20s)
  ... waiting (25s)
  ... waiting (30s)
  ... waiting (35s)
  ... waiting (40s)
Server is ready (took 40s).


============================================
LEVEL 2: LIBERO single-episode evaluation
============================================
[robosuite WARNING] No private macro file found! (macros.py:53)
[robosuite WARNING] It is recommended to use a private macro file (macros.py:54)
[robosuite WARNING] To setup, run: python /home/at5282/.conda/envs/trace-pi0/lib/python3.11/site-packages/robosuite/scripts/setup_macros.py (macros.py:55)
Gym has been unmaintained since 2022 and does not support NumPy 2.0 amongst other critical functionality.
Please upgrade to Gymnasium, the maintained drop-in replacement of Gym, or contact the authors of your software and request that they upgrade.
See the migration guide at https://gymnasium.farama.org/introduction/migration_guide/ for additional information.
[info] using task orders [0, 1, 2, 3, 4, 5, 6, 7, 8, 9]
[Warning]: datasets path /scratch/at5282/trace/openpi/third_party/libero/libero/datasets does not exist!
[Warning]: datasets path /scratch/at5282/trace/openpi/third_party/libero/libero/datasets does not exist!
Task: libero
Suite: libero_spatial
Language instruction: pick up the black bowl between the plate and the ramekin and place it on the plate
Success:              True
Steps:                68
Reward:               1.000
Catastrophic failure: False
LEVEL 2 PASSED
Exception ignored in: <function MjRenderContext.__del__ at 0x1553f697f880>
Traceback (most recent call last):
  File "/home/at5282/.conda/envs/trace-pi0/lib/python3.11/site-packages/robosuite/utils/binding_utils.py", line 199, in __del__
  File "/home/at5282/.conda/envs/trace-pi0/lib/python3.11/site-packages/robosuite/renderers/context/egl_context.py", line 149, in free
  File "/home/at5282/.conda/envs/trace-pi0/lib/python3.11/site-packages/OpenGL/error.py", line 230, in glCheckError
OpenGL.raw.EGL._errors.EGLError: <exception str() failed>
Exception ignored in: <function EGLGLContext.__del__ at 0x1553f697f740>
Traceback (most recent call last):
  File "/home/at5282/.conda/envs/trace-pi0/lib/python3.11/site-packages/robosuite/renderers/context/egl_context.py", line 155, in __del__
  File "/home/at5282/.conda/envs/trace-pi0/lib/python3.11/site-packages/robosuite/renderers/context/egl_context.py", line 149, in free
  File "/home/at5282/.conda/envs/trace-pi0/lib/python3.11/site-packages/OpenGL/error.py", line 230, in glCheckError
OpenGL.raw.EGL._errors.EGLError: <exception str() failed>

============================================
LEVEL 3: LIBERO mini sweep (quick_test.yaml)
============================================
2026-03-04 20:37:00,870 __main__ INFO: Trace Robotics Evaluation
2026-03-04 20:37:00,871 __main__ INFO: Task config: configs/tasks/libero_spatial.yaml
2026-03-04 20:37:00,871 __main__ INFO: Sweep config: configs/sweeps/quick_test.yaml
2026-03-04 20:37:00,871 __main__ INFO: Checkpoint: (none)
2026-03-04 20:37:00,871 __main__ INFO: Output: output/reports
[robosuite WARNING] No private macro file found! (macros.py:53)
2026-03-04 20:37:02,537 robosuite_logs WARNING: No private macro file found!
[robosuite WARNING] It is recommended to use a private macro file (macros.py:54)
2026-03-04 20:37:02,538 robosuite_logs WARNING: It is recommended to use a private macro file
[robosuite WARNING] To setup, run: python /home/at5282/.conda/envs/trace-pi0/lib/python3.11/site-packages/robosuite/scripts/setup_macros.py (macros.py:55)
2026-03-04 20:37:02,538 robosuite_logs WARNING: To setup, run: python /home/at5282/.conda/envs/trace-pi0/lib/python3.11/site-packages/robosuite/scripts/setup_macros.py
Gym has been unmaintained since 2022 and does not support NumPy 2.0 amongst other critical functionality.
Please upgrade to Gymnasium, the maintained drop-in replacement of Gym, or contact the authors of your software and request that they upgrade.
See the migration guide at https://gymnasium.farama.org/introduction/migration_guide/ for additional information.
2026-03-04 20:37:05,332 __main__ INFO: Task 'libero' initialized
2026-03-04 20:37:05,351 root INFO: Waiting for server at ws://localhost:8000...
2026-03-04 20:37:05,356 __main__ INFO: Using named policy: pi0
2026-03-04 20:37:05,358 __main__ INFO: Loaded 1 stressor sweeps
2026-03-04 20:37:05,358 __main__ INFO: Running sweep 1/1: LatencyStressor
2026-03-04 20:37:10,609 trace.runner.sweep_runner INFO: intensity=0.00 seed=0 ep=0 success=True steps=74
2026-03-04 20:37:15,656 trace.runner.sweep_runner INFO: intensity=0.00 seed=0 ep=1 success=True steps=75
2026-03-04 20:37:28,457 trace.runner.sweep_runner INFO: intensity=0.50 seed=0 ep=0 success=True steps=217
2026-03-04 20:37:40,943 trace.runner.sweep_runner INFO: intensity=0.50 seed=0 ep=1 success=False steps=220
2026-03-04 20:37:54,244 trace.runner.sweep_runner INFO: intensity=1.00 seed=0 ep=0 success=False steps=220
2026-03-04 20:38:07,093 trace.runner.sweep_runner INFO: intensity=1.00 seed=0 ep=1 success=False steps=220
2026-03-04 20:38:07,093 __main__ INFO:   baseline=100%, max_degradation=100%, breakpoint=1.00
2026-03-04 20:38:07,096 __main__ INFO: Report written to: output/reports/report_Pi0PolicyAdapter_libero_20260304_203807.md
[info] using task orders [0, 1, 2, 3, 4, 5, 6, 7, 8, 9]
[Warning]: datasets path /scratch/at5282/trace/openpi/third_party/libero/libero/datasets does not exist!
[Warning]: datasets path /scratch/at5282/trace/openpi/third_party/libero/libero/datasets does not exist!
Exception ignored in: <function MjRenderContext.__del__ at 0x1553ee7a8720>
Traceback (most recent call last):
  File "/home/at5282/.conda/envs/trace-pi0/lib/python3.11/site-packages/robosuite/utils/binding_utils.py", line 199, in __del__
    self.gl_ctx.free()
  File "/home/at5282/.conda/envs/trace-pi0/lib/python3.11/site-packages/robosuite/renderers/context/egl_context.py", line 149, in free
    EGL.eglMakeCurrent(EGL_DISPLAY, EGL.EGL_NO_SURFACE, EGL.EGL_NO_SURFACE, EGL.EGL_NO_CONTEXT)
  File "/home/at5282/.conda/envs/trace-pi0/lib/python3.11/site-packages/OpenGL/error.py", line 230, in glCheckError
    raise self._errorClass(
OpenGL.raw.EGL._errors.EGLError: EGLError(
	err = EGL_NOT_INITIALIZED,
	baseOperation = eglMakeCurrent,
	cArguments = (
		<OpenGL._opaque.EGLDisplay_pointer object at 0x1553e170e210>,
		<OpenGL._opaque.EGLSurface_pointer object at 0x15553d767da0>,
		<OpenGL._opaque.EGLSurface_pointer object at 0x15553d767da0>,
		<OpenGL._opaque.EGLContext_pointer object at 0x15553d767c80>,
	),
	result = 0
)
Exception ignored in: <function EGLGLContext.__del__ at 0x1553ee7a85e0>
Traceback (most recent call last):
  File "/home/at5282/.conda/envs/trace-pi0/lib/python3.11/site-packages/robosuite/renderers/context/egl_context.py", line 155, in __del__
    self.free()
  File "/home/at5282/.conda/envs/trace-pi0/lib/python3.11/site-packages/robosuite/renderers/context/egl_context.py", line 149, in free
    EGL.eglMakeCurrent(EGL_DISPLAY, EGL.EGL_NO_SURFACE, EGL.EGL_NO_SURFACE, EGL.EGL_NO_CONTEXT)
  File "/home/at5282/.conda/envs/trace-pi0/lib/python3.11/site-packages/OpenGL/error.py", line 230, in glCheckError
    raise self._errorClass(
OpenGL.raw.EGL._errors.EGLError: EGLError(
	err = EGL_NOT_INITIALIZED,
	baseOperation = eglMakeCurrent,
	cArguments = (
		<OpenGL._opaque.EGLDisplay_pointer object at 0x1553e170e210>,
		<OpenGL._opaque.EGLSurface_pointer object at 0x15553d767da0>,
		<OpenGL._opaque.EGLSurface_pointer object at 0x15553d767da0>,
		<OpenGL._opaque.EGLContext_pointer object at 0x15553d767c80>,
	),
	result = 0
)
LEVEL 3 PASSED

============================================
LEVEL 4: LIBERO full sweep (default_sweep.yaml)
============================================
2026-03-04 20:38:08,386 __main__ INFO: Trace Robotics Evaluation
2026-03-04 20:38:08,386 __main__ INFO: Task config: configs/tasks/libero_spatial.yaml
2026-03-04 20:38:08,386 __main__ INFO: Sweep config: configs/sweeps/default_sweep.yaml
2026-03-04 20:38:08,386 __main__ INFO: Checkpoint: (none)
2026-03-04 20:38:08,386 __main__ INFO: Output: output/reports
[robosuite WARNING] No private macro file found! (macros.py:53)
2026-03-04 20:38:10,084 robosuite_logs WARNING: No private macro file found!
[robosuite WARNING] It is recommended to use a private macro file (macros.py:54)
2026-03-04 20:38:10,084 robosuite_logs WARNING: It is recommended to use a private macro file
[robosuite WARNING] To setup, run: python /home/at5282/.conda/envs/trace-pi0/lib/python3.11/site-packages/robosuite/scripts/setup_macros.py (macros.py:55)
2026-03-04 20:38:10,084 robosuite_logs WARNING: To setup, run: python /home/at5282/.conda/envs/trace-pi0/lib/python3.11/site-packages/robosuite/scripts/setup_macros.py
Gym has been unmaintained since 2022 and does not support NumPy 2.0 amongst other critical functionality.
Please upgrade to Gymnasium, the maintained drop-in replacement of Gym, or contact the authors of your software and request that they upgrade.
See the migration guide at https://gymnasium.farama.org/introduction/migration_guide/ for additional information.
2026-03-04 20:38:13,170 __main__ INFO: Task 'libero' initialized
2026-03-04 20:38:13,189 root INFO: Waiting for server at ws://localhost:8000...
2026-03-04 20:38:13,193 __main__ INFO: Using named policy: pi0
2026-03-04 20:38:13,202 __main__ INFO: Loaded 9 stressor sweeps
2026-03-04 20:38:13,202 __main__ INFO: Running sweep 1/9: LatencyStressor
2026-03-04 20:38:18,697 trace.runner.sweep_runner INFO: intensity=0.00 seed=0 ep=0 success=True steps=76
2026-03-04 20:38:25,186 trace.runner.sweep_runner INFO: intensity=0.00 seed=0 ep=1 success=True steps=104
2026-03-04 20:38:30,679 trace.runner.sweep_runner INFO: intensity=0.00 seed=0 ep=2 success=True steps=81
2026-03-04 20:38:35,612 trace.runner.sweep_runner INFO: intensity=0.00 seed=0 ep=3 success=True steps=72
2026-03-04 20:38:40,713 trace.runner.sweep_runner INFO: intensity=0.00 seed=0 ep=4 success=True steps=74
2026-03-04 20:38:45,759 trace.runner.sweep_runner INFO: intensity=0.00 seed=0 ep=5 success=True steps=73
2026-03-04 20:38:50,890 trace.runner.sweep_runner INFO: intensity=0.00 seed=0 ep=6 success=True steps=72
2026-03-04 20:38:56,574 trace.runner.sweep_runner INFO: intensity=0.00 seed=0 ep=7 success=True steps=85
2026-03-04 20:39:01,627 trace.runner.sweep_runner INFO: intensity=0.00 seed=0 ep=8 success=True steps=75
2026-03-04 20:39:06,632 trace.runner.sweep_runner INFO: intensity=0.00 seed=0 ep=9 success=True steps=73
2026-03-04 20:39:11,902 trace.runner.sweep_runner INFO: intensity=0.00 seed=1 ep=0 success=True steps=79
2026-03-04 20:39:18,592 trace.runner.sweep_runner INFO: intensity=0.00 seed=1 ep=1 success=True steps=107
2026-03-04 20:39:23,480 trace.runner.sweep_runner INFO: intensity=0.00 seed=1 ep=2 success=True steps=76
2026-03-04 20:39:28,632 trace.runner.sweep_runner INFO: intensity=0.00 seed=1 ep=3 success=True steps=76
2026-03-04 20:39:33,690 trace.runner.sweep_runner INFO: intensity=0.00 seed=1 ep=4 success=True steps=75
2026-03-04 20:39:38,820 trace.runner.sweep_runner INFO: intensity=0.00 seed=1 ep=5 success=True steps=76
2026-03-04 20:39:44,026 trace.runner.sweep_runner INFO: intensity=0.00 seed=1 ep=6 success=True steps=77
2026-03-04 20:39:49,975 trace.runner.sweep_runner INFO: intensity=0.00 seed=1 ep=7 success=True steps=89
2026-03-04 20:39:55,007 trace.runner.sweep_runner INFO: intensity=0.00 seed=1 ep=8 success=True steps=75
2026-03-04 20:40:00,070 trace.runner.sweep_runner INFO: intensity=0.00 seed=1 ep=9 success=True steps=75
2026-03-04 20:40:05,320 trace.runner.sweep_runner INFO: intensity=0.00 seed=2 ep=0 success=True steps=79
2026-03-04 20:40:12,418 trace.runner.sweep_runner INFO: intensity=0.00 seed=2 ep=1 success=True steps=113
2026-03-04 20:40:17,679 trace.runner.sweep_runner INFO: intensity=0.00 seed=2 ep=2 success=True steps=81
2026-03-04 20:40:22,992 trace.runner.sweep_runner INFO: intensity=0.00 seed=2 ep=3 success=True steps=79
2026-03-04 20:40:27,964 trace.runner.sweep_runner INFO: intensity=0.00 seed=2 ep=4 success=True steps=72
2026-03-04 20:40:33,317 trace.runner.sweep_runner INFO: intensity=0.00 seed=2 ep=5 success=True steps=77
2026-03-04 20:40:37,893 trace.runner.sweep_runner INFO: intensity=0.00 seed=2 ep=6 success=True steps=65
2026-03-04 20:40:43,495 trace.runner.sweep_runner INFO: intensity=0.00 seed=2 ep=7 success=True steps=82
2026-03-04 20:40:48,972 trace.runner.sweep_runner INFO: intensity=0.00 seed=2 ep=8 success=True steps=81
2026-03-04 20:40:54,051 trace.runner.sweep_runner INFO: intensity=0.00 seed=2 ep=9 success=True steps=75
2026-03-04 20:40:59,372 trace.runner.sweep_runner INFO: intensity=0.00 seed=3 ep=0 success=True steps=80
2026-03-04 20:41:05,888 trace.runner.sweep_runner INFO: intensity=0.00 seed=3 ep=1 success=True steps=104
2026-03-04 20:41:11,694 trace.runner.sweep_runner INFO: intensity=0.00 seed=3 ep=2 success=True steps=88
2026-03-04 20:41:16,940 trace.runner.sweep_runner INFO: intensity=0.00 seed=3 ep=3 success=True steps=77
2026-03-04 20:41:21,867 trace.runner.sweep_runner INFO: intensity=0.00 seed=3 ep=4 success=True steps=73
2026-03-04 20:41:26,769 trace.runner.sweep_runner INFO: intensity=0.00 seed=3 ep=5 success=True steps=71
2026-03-04 20:41:31,830 trace.runner.sweep_runner INFO: intensity=0.00 seed=3 ep=6 success=True steps=73
2026-03-04 20:41:37,429 trace.runner.sweep_runner INFO: intensity=0.00 seed=3 ep=7 success=True steps=83
2026-03-04 20:41:42,841 trace.runner.sweep_runner INFO: intensity=0.00 seed=3 ep=8 success=True steps=80
2026-03-04 20:41:47,947 trace.runner.sweep_runner INFO: intensity=0.00 seed=3 ep=9 success=True steps=73
2026-03-04 20:41:53,292 trace.runner.sweep_runner INFO: intensity=0.00 seed=4 ep=0 success=True steps=77
2026-03-04 20:41:58,118 trace.runner.sweep_runner INFO: intensity=0.00 seed=4 ep=1 success=True steps=71
2026-03-04 20:42:04,784 trace.runner.sweep_runner INFO: intensity=0.00 seed=4 ep=2 success=True steps=109
2026-03-04 20:42:09,700 trace.runner.sweep_runner INFO: intensity=0.00 seed=4 ep=3 success=True steps=72
2026-03-04 20:42:14,870 trace.runner.sweep_runner INFO: intensity=0.00 seed=4 ep=4 success=True steps=78
2026-03-04 20:42:20,113 trace.runner.sweep_runner INFO: intensity=0.00 seed=4 ep=5 success=True steps=79
2026-03-04 20:42:25,082 trace.runner.sweep_runner INFO: intensity=0.00 seed=4 ep=6 success=True steps=71
2026-03-04 20:42:30,869 trace.runner.sweep_runner INFO: intensity=0.00 seed=4 ep=7 success=True steps=87
2026-03-04 20:42:36,153 trace.runner.sweep_runner INFO: intensity=0.00 seed=4 ep=8 success=True steps=78
2026-03-04 20:42:41,081 trace.runner.sweep_runner INFO: intensity=0.00 seed=4 ep=9 success=True steps=71
2026-03-04 20:42:46,187 trace.runner.sweep_runner INFO: intensity=0.10 seed=0 ep=0 success=True steps=75
2026-03-04 20:42:51,435 trace.runner.sweep_runner INFO: intensity=0.10 seed=0 ep=1 success=True steps=80
2026-03-04 20:42:59,938 trace.runner.sweep_runner INFO: intensity=0.10 seed=0 ep=2 success=True steps=140
2026-03-04 20:43:05,520 trace.runner.sweep_runner INFO: intensity=0.10 seed=0 ep=3 success=True steps=83
2026-03-04 20:43:10,985 trace.runner.sweep_runner INFO: intensity=0.10 seed=0 ep=4 success=True steps=80
2026-03-04 20:43:16,292 trace.runner.sweep_runner INFO: intensity=0.10 seed=0 ep=5 success=True steps=80
2026-03-04 20:43:21,656 trace.runner.sweep_runner INFO: intensity=0.10 seed=0 ep=6 success=True steps=77
2026-03-04 20:43:27,608 trace.runner.sweep_runner INFO: intensity=0.10 seed=0 ep=7 success=True steps=90
2026-03-04 20:43:33,570 trace.runner.sweep_runner INFO: intensity=0.10 seed=0 ep=8 success=True steps=89
2026-03-04 20:43:39,049 trace.runner.sweep_runner INFO: intensity=0.10 seed=0 ep=9 success=True steps=83
2026-03-04 20:43:44,642 trace.runner.sweep_runner INFO: intensity=0.10 seed=1 ep=0 success=True steps=83
2026-03-04 20:43:50,193 trace.runner.sweep_runner INFO: intensity=0.10 seed=1 ep=1 success=True steps=84
2026-03-04 20:43:58,612 trace.runner.sweep_runner INFO: intensity=0.10 seed=1 ep=2 success=True steps=140
2026-03-04 20:44:04,385 trace.runner.sweep_runner INFO: intensity=0.10 seed=1 ep=3 success=True steps=85
2026-03-04 20:44:09,940 trace.runner.sweep_runner INFO: intensity=0.10 seed=1 ep=4 success=True steps=82
2026-03-04 20:44:15,487 trace.runner.sweep_runner INFO: intensity=0.10 seed=1 ep=5 success=True steps=85
2026-03-04 20:44:20,852 trace.runner.sweep_runner INFO: intensity=0.10 seed=1 ep=6 success=True steps=77
2026-03-04 20:44:33,612 trace.runner.sweep_runner INFO: intensity=0.10 seed=1 ep=7 success=True steps=213
2026-03-04 20:44:39,720 trace.runner.sweep_runner INFO: intensity=0.10 seed=1 ep=8 success=True steps=93
2026-03-04 20:44:45,236 trace.runner.sweep_runner INFO: intensity=0.10 seed=1 ep=9 success=True steps=85
2026-03-04 20:44:50,562 trace.runner.sweep_runner INFO: intensity=0.10 seed=2 ep=0 success=True steps=79
2026-03-04 20:44:56,016 trace.runner.sweep_runner INFO: intensity=0.10 seed=2 ep=1 success=True steps=83
2026-03-04 20:45:01,581 trace.runner.sweep_runner INFO: intensity=0.10 seed=2 ep=2 success=True steps=89
2026-03-04 20:45:07,413 trace.runner.sweep_runner INFO: intensity=0.10 seed=2 ep=3 success=True steps=87
2026-03-04 20:45:12,763 trace.runner.sweep_runner INFO: intensity=0.10 seed=2 ep=4 success=True steps=80
2026-03-04 20:45:20,158 trace.runner.sweep_runner INFO: intensity=0.10 seed=2 ep=5 success=True steps=119
2026-03-04 20:45:25,434 trace.runner.sweep_runner INFO: intensity=0.10 seed=2 ep=6 success=True steps=78
2026-03-04 20:45:31,628 trace.runner.sweep_runner INFO: intensity=0.10 seed=2 ep=7 success=True steps=91
2026-03-04 20:45:37,453 trace.runner.sweep_runner INFO: intensity=0.10 seed=2 ep=8 success=True steps=87
2026-03-04 20:45:42,940 trace.runner.sweep_runner INFO: intensity=0.10 seed=2 ep=9 success=True steps=81
2026-03-04 20:45:48,685 trace.runner.sweep_runner INFO: intensity=0.10 seed=3 ep=0 success=True steps=87
2026-03-04 20:45:56,488 trace.runner.sweep_runner INFO: intensity=0.10 seed=3 ep=1 success=True steps=127
2026-03-04 20:46:02,460 trace.runner.sweep_runner INFO: intensity=0.10 seed=3 ep=2 success=True steps=91
2026-03-04 20:46:07,752 trace.runner.sweep_runner INFO: intensity=0.10 seed=3 ep=3 success=True steps=78
2026-03-04 20:46:13,247 trace.runner.sweep_runner INFO: intensity=0.10 seed=3 ep=4 success=True steps=82
2026-03-04 20:46:18,685 trace.runner.sweep_runner INFO: intensity=0.10 seed=3 ep=5 success=True steps=83
2026-03-04 20:46:23,830 trace.runner.sweep_runner INFO: intensity=0.10 seed=3 ep=6 success=True steps=75
2026-03-04 20:46:29,725 trace.runner.sweep_runner INFO: intensity=0.10 seed=3 ep=7 success=True steps=87
2026-03-04 20:46:35,880 trace.runner.sweep_runner INFO: intensity=0.10 seed=3 ep=8 success=True steps=92
2026-03-04 20:46:41,541 trace.runner.sweep_runner INFO: intensity=0.10 seed=3 ep=9 success=True steps=83
2026-03-04 20:46:46,910 trace.runner.sweep_runner INFO: intensity=0.10 seed=4 ep=0 success=True steps=80
2026-03-04 20:46:52,402 trace.runner.sweep_runner INFO: intensity=0.10 seed=4 ep=1 success=True steps=84
2026-03-04 20:46:59,436 trace.runner.sweep_runner INFO: intensity=0.10 seed=4 ep=2 success=True steps=113
2026-03-04 20:47:04,979 trace.runner.sweep_runner INFO: intensity=0.10 seed=4 ep=3 success=True steps=83
2026-03-04 20:47:10,598 trace.runner.sweep_runner INFO: intensity=0.10 seed=4 ep=4 success=True steps=82
2026-03-04 20:47:16,351 trace.runner.sweep_runner INFO: intensity=0.10 seed=4 ep=5 success=True steps=86
2026-03-04 20:47:21,772 trace.runner.sweep_runner INFO: intensity=0.10 seed=4 ep=6 success=True steps=78
2026-03-04 20:47:27,485 trace.runner.sweep_runner INFO: intensity=0.10 seed=4 ep=7 success=True steps=85
2026-03-04 20:47:33,352 trace.runner.sweep_runner INFO: intensity=0.10 seed=4 ep=8 success=True steps=89
2026-03-04 20:47:38,691 trace.runner.sweep_runner INFO: intensity=0.10 seed=4 ep=9 success=True steps=78
2026-03-04 20:47:44,736 trace.runner.sweep_runner INFO: intensity=0.20 seed=0 ep=0 success=True steps=90
2026-03-04 20:47:52,622 trace.runner.sweep_runner INFO: intensity=0.20 seed=0 ep=1 success=True steps=130
2026-03-04 20:48:01,736 trace.runner.sweep_runner INFO: intensity=0.20 seed=0 ep=2 success=True steps=153
2026-03-04 20:48:07,623 trace.runner.sweep_runner INFO: intensity=0.20 seed=0 ep=3 success=True steps=88
2026-03-04 20:48:13,672 trace.runner.sweep_runner INFO: intensity=0.20 seed=0 ep=4 success=True steps=89
2026-03-04 20:48:22,107 trace.runner.sweep_runner INFO: intensity=0.20 seed=0 ep=5 success=True steps=134
2026-03-04 20:48:27,590 trace.runner.sweep_runner INFO: intensity=0.20 seed=0 ep=6 success=True steps=80
2026-03-04 20:48:33,825 trace.runner.sweep_runner INFO: intensity=0.20 seed=0 ep=7 success=True steps=95
2026-03-04 20:48:40,054 trace.runner.sweep_runner INFO: intensity=0.20 seed=0 ep=8 success=True steps=95
2026-03-04 20:48:45,983 trace.runner.sweep_runner INFO: intensity=0.20 seed=0 ep=9 success=True steps=91
2026-03-04 20:48:51,805 trace.runner.sweep_runner INFO: intensity=0.20 seed=1 ep=0 success=True steps=89
2026-03-04 20:48:59,852 trace.runner.sweep_runner INFO: intensity=0.20 seed=1 ep=1 success=True steps=132
2026-03-04 20:49:07,759 trace.runner.sweep_runner INFO: intensity=0.20 seed=1 ep=2 success=True steps=135
2026-03-04 20:49:13,711 trace.runner.sweep_runner INFO: intensity=0.20 seed=1 ep=3 success=True steps=88
2026-03-04 20:49:19,661 trace.runner.sweep_runner INFO: intensity=0.20 seed=1 ep=4 success=True steps=89
2026-03-04 20:49:25,908 trace.runner.sweep_runner INFO: intensity=0.20 seed=1 ep=5 success=True steps=92
2026-03-04 20:49:31,712 trace.runner.sweep_runner INFO: intensity=0.20 seed=1 ep=6 success=True steps=86
2026-03-04 20:49:44,589 trace.runner.sweep_runner INFO: intensity=0.20 seed=1 ep=7 success=False steps=220
2026-03-04 20:49:51,041 trace.runner.sweep_runner INFO: intensity=0.20 seed=1 ep=8 success=True steps=99
2026-03-04 20:49:57,175 trace.runner.sweep_runner INFO: intensity=0.20 seed=1 ep=9 success=True steps=93
2026-03-04 20:50:03,015 trace.runner.sweep_runner INFO: intensity=0.20 seed=2 ep=0 success=True steps=87
2026-03-04 20:50:11,133 trace.runner.sweep_runner INFO: intensity=0.20 seed=2 ep=1 success=True steps=131
2026-03-04 20:50:17,078 trace.runner.sweep_runner INFO: intensity=0.20 seed=2 ep=2 success=True steps=94
2026-03-04 20:50:23,045 trace.runner.sweep_runner INFO: intensity=0.20 seed=2 ep=3 success=True steps=90
2026-03-04 20:50:29,020 trace.runner.sweep_runner INFO: intensity=0.20 seed=2 ep=4 success=True steps=87
2026-03-04 20:50:35,737 trace.runner.sweep_runner INFO: intensity=0.20 seed=2 ep=5 success=True steps=100
2026-03-04 20:50:41,789 trace.runner.sweep_runner INFO: intensity=0.20 seed=2 ep=6 success=True steps=90
2026-03-04 20:50:47,893 trace.runner.sweep_runner INFO: intensity=0.20 seed=2 ep=7 success=True steps=93
2026-03-04 20:50:54,930 trace.runner.sweep_runner INFO: intensity=0.20 seed=2 ep=8 success=True steps=108
2026-03-04 20:51:00,576 trace.runner.sweep_runner INFO: intensity=0.20 seed=2 ep=9 success=True steps=83
2026-03-04 20:51:06,703 trace.runner.sweep_runner INFO: intensity=0.20 seed=3 ep=0 success=True steps=95
2026-03-04 20:51:18,145 trace.runner.sweep_runner INFO: intensity=0.20 seed=3 ep=1 success=True steps=191
2026-03-04 20:51:26,996 trace.runner.sweep_runner INFO: intensity=0.20 seed=3 ep=2 success=True steps=148
2026-03-04 20:51:35,366 trace.runner.sweep_runner INFO: intensity=0.20 seed=3 ep=3 success=True steps=132
2026-03-04 20:51:41,266 trace.runner.sweep_runner INFO: intensity=0.20 seed=3 ep=4 success=True steps=86
2026-03-04 20:51:47,296 trace.runner.sweep_runner INFO: intensity=0.20 seed=3 ep=5 success=True steps=92
2026-03-04 20:51:52,735 trace.runner.sweep_runner INFO: intensity=0.20 seed=3 ep=6 success=True steps=80
2026-03-04 20:51:59,186 trace.runner.sweep_runner INFO: intensity=0.20 seed=3 ep=7 success=True steps=98
2026-03-04 20:52:05,156 trace.runner.sweep_runner INFO: intensity=0.20 seed=3 ep=8 success=True steps=90
2026-03-04 20:52:12,673 trace.runner.sweep_runner INFO: intensity=0.20 seed=3 ep=9 success=True steps=115
2026-03-04 20:52:18,611 trace.runner.sweep_runner INFO: intensity=0.20 seed=4 ep=0 success=True steps=88
2026-03-04 20:52:24,527 trace.runner.sweep_runner INFO: intensity=0.20 seed=4 ep=1 success=True steps=90
2026-03-04 20:52:31,773 trace.runner.sweep_runner INFO: intensity=0.20 seed=4 ep=2 success=True steps=118
2026-03-04 20:52:42,113 trace.runner.sweep_runner INFO: intensity=0.20 seed=4 ep=3 success=True steps=170
2026-03-04 20:52:48,037 trace.runner.sweep_runner INFO: intensity=0.20 seed=4 ep=4 success=True steps=90
2026-03-04 20:52:54,566 trace.runner.sweep_runner INFO: intensity=0.20 seed=4 ep=5 success=True steps=100
2026-03-04 20:53:00,315 trace.runner.sweep_runner INFO: intensity=0.20 seed=4 ep=6 success=True steps=85
2026-03-04 20:53:08,539 trace.runner.sweep_runner INFO: intensity=0.20 seed=4 ep=7 success=True steps=134
2026-03-04 20:53:15,437 trace.runner.sweep_runner INFO: intensity=0.20 seed=4 ep=8 success=True steps=103
2026-03-04 20:53:21,477 trace.runner.sweep_runner INFO: intensity=0.20 seed=4 ep=9 success=True steps=92
2026-03-04 20:53:29,055 trace.runner.sweep_runner INFO: intensity=0.30 seed=0 ep=0 success=True steps=119
2026-03-04 20:53:40,096 trace.runner.sweep_runner INFO: intensity=0.30 seed=0 ep=1 success=True steps=187
2026-03-04 20:53:50,204 trace.runner.sweep_runner INFO: intensity=0.30 seed=0 ep=2 success=True steps=167
2026-03-04 20:54:02,978 trace.runner.sweep_runner INFO: intensity=0.30 seed=0 ep=3 success=True steps=216
2026-03-04 20:54:15,122 trace.runner.sweep_runner INFO: intensity=0.30 seed=0 ep=4 success=True steps=205
2026-03-04 20:54:28,307 trace.runner.sweep_runner INFO: intensity=0.30 seed=0 ep=5 success=False steps=220
2026-03-04 20:54:34,440 trace.runner.sweep_runner INFO: intensity=0.30 seed=0 ep=6 success=True steps=93
2026-03-04 20:54:41,521 trace.runner.sweep_runner INFO: intensity=0.30 seed=0 ep=7 success=True steps=105
2026-03-04 20:54:48,516 trace.runner.sweep_runner INFO: intensity=0.30 seed=0 ep=8 success=True steps=107
2026-03-04 20:54:58,938 trace.runner.sweep_runner INFO: intensity=0.30 seed=0 ep=9 success=True steps=168
2026-03-04 20:55:05,335 trace.runner.sweep_runner INFO: intensity=0.30 seed=1 ep=0 success=True steps=97
2026-03-04 20:55:15,487 trace.runner.sweep_runner INFO: intensity=0.30 seed=1 ep=1 success=True steps=167
2026-03-04 20:55:24,889 trace.runner.sweep_runner INFO: intensity=0.30 seed=1 ep=2 success=True steps=157
2026-03-04 20:55:36,156 trace.runner.sweep_runner INFO: intensity=0.30 seed=1 ep=3 success=True steps=185
2026-03-04 20:55:42,701 trace.runner.sweep_runner INFO: intensity=0.30 seed=1 ep=4 success=True steps=99
2026-03-04 20:55:49,653 trace.runner.sweep_runner INFO: intensity=0.30 seed=1 ep=5 success=True steps=109
2026-03-04 20:55:57,366 trace.runner.sweep_runner INFO: intensity=0.30 seed=1 ep=6 success=True steps=116
2026-03-04 20:56:06,491 trace.runner.sweep_runner INFO: intensity=0.30 seed=1 ep=7 success=True steps=143
2026-03-04 20:56:13,783 trace.runner.sweep_runner INFO: intensity=0.30 seed=1 ep=8 success=True steps=111
2026-03-04 20:56:26,756 trace.runner.sweep_runner INFO: intensity=0.30 seed=1 ep=9 success=False steps=220
2026-03-04 20:56:33,458 trace.runner.sweep_runner INFO: intensity=0.30 seed=2 ep=0 success=True steps=105
2026-03-04 20:56:45,989 trace.runner.sweep_runner INFO: intensity=0.30 seed=2 ep=1 success=False steps=220
2026-03-04 20:56:54,304 trace.runner.sweep_runner INFO: intensity=0.30 seed=2 ep=2 success=True steps=140
2026-03-04 20:57:04,440 trace.runner.sweep_runner INFO: intensity=0.30 seed=2 ep=3 success=True steps=164
2026-03-04 20:57:13,966 trace.runner.sweep_runner INFO: intensity=0.30 seed=2 ep=4 success=True steps=150
2026-03-04 20:57:25,736 trace.runner.sweep_runner INFO: intensity=0.30 seed=2 ep=5 success=True steps=198
2026-03-04 20:57:38,564 trace.runner.sweep_runner INFO: intensity=0.30 seed=2 ep=6 success=False steps=220
2026-03-04 20:57:45,612 trace.runner.sweep_runner INFO: intensity=0.30 seed=2 ep=7 success=True steps=106
2026-03-04 20:57:53,401 trace.runner.sweep_runner INFO: intensity=0.30 seed=2 ep=8 success=True steps=120
2026-03-04 20:57:59,861 trace.runner.sweep_runner INFO: intensity=0.30 seed=2 ep=9 success=True steps=96
2026-03-04 20:58:12,619 trace.runner.sweep_runner INFO: intensity=0.30 seed=3 ep=0 success=False steps=220
2026-03-04 20:58:25,104 trace.runner.sweep_runner INFO: intensity=0.30 seed=3 ep=1 success=True steps=212
2026-03-04 20:58:34,217 trace.runner.sweep_runner INFO: intensity=0.30 seed=3 ep=2 success=True steps=155
2026-03-04 20:58:40,788 trace.runner.sweep_runner INFO: intensity=0.30 seed=3 ep=3 success=True steps=100
2026-03-04 20:58:49,787 trace.runner.sweep_runner INFO: intensity=0.30 seed=3 ep=4 success=True steps=146
2026-03-04 20:58:59,353 trace.runner.sweep_runner INFO: intensity=0.30 seed=3 ep=5 success=True steps=154
2026-03-04 20:59:06,996 trace.runner.sweep_runner INFO: intensity=0.30 seed=3 ep=6 success=True steps=115
2026-03-04 20:59:14,116 trace.runner.sweep_runner INFO: intensity=0.30 seed=3 ep=7 success=True steps=107
2026-03-04 20:59:20,862 trace.runner.sweep_runner INFO: intensity=0.30 seed=3 ep=8 success=True steps=104
2026-03-04 20:59:34,297 trace.runner.sweep_runner INFO: intensity=0.30 seed=3 ep=9 success=False steps=220
2026-03-04 20:59:40,752 trace.runner.sweep_runner INFO: intensity=0.30 seed=4 ep=0 success=True steps=98
2026-03-04 20:59:52,807 trace.runner.sweep_runner INFO: intensity=0.30 seed=4 ep=1 success=True steps=205
2026-03-04 21:00:05,650 trace.runner.sweep_runner INFO: intensity=0.30 seed=4 ep=2 success=False steps=220
2026-03-04 21:00:18,248 trace.runner.sweep_runner INFO: intensity=0.30 seed=4 ep=3 success=False steps=220
2026-03-04 21:00:30,953 trace.runner.sweep_runner INFO: intensity=0.30 seed=4 ep=4 success=True steps=219
2026-03-04 21:00:41,474 trace.runner.sweep_runner INFO: intensity=0.30 seed=4 ep=5 success=True steps=169
2026-03-04 21:00:50,610 trace.runner.sweep_runner INFO: intensity=0.30 seed=4 ep=6 success=True steps=144
2026-03-04 21:01:04,054 trace.runner.sweep_runner INFO: intensity=0.30 seed=4 ep=7 success=False steps=220
2026-03-04 21:01:12,272 trace.runner.sweep_runner INFO: intensity=0.30 seed=4 ep=8 success=True steps=124
2026-03-04 21:01:25,674 trace.runner.sweep_runner INFO: intensity=0.30 seed=4 ep=9 success=False steps=220
2026-03-04 21:01:38,580 trace.runner.sweep_runner INFO: intensity=0.50 seed=0 ep=0 success=False steps=220
2026-03-04 21:01:51,230 trace.runner.sweep_runner INFO: intensity=0.50 seed=0 ep=1 success=False steps=220
2026-03-04 21:02:04,242 trace.runner.sweep_runner INFO: intensity=0.50 seed=0 ep=2 success=False steps=220
2026-03-04 21:02:16,844 trace.runner.sweep_runner INFO: intensity=0.50 seed=0 ep=3 success=False steps=220
2026-03-04 21:02:29,763 trace.runner.sweep_runner INFO: intensity=0.50 seed=0 ep=4 success=False steps=220
2026-03-04 21:02:42,733 trace.runner.sweep_runner INFO: intensity=0.50 seed=0 ep=5 success=False steps=220
2026-03-04 21:02:54,125 trace.runner.sweep_runner INFO: intensity=0.50 seed=0 ep=6 success=True steps=190
2026-03-04 21:03:07,242 trace.runner.sweep_runner INFO: intensity=0.50 seed=0 ep=7 success=False steps=220
2026-03-04 21:03:20,126 trace.runner.sweep_runner INFO: intensity=0.50 seed=0 ep=8 success=False steps=220
2026-03-04 21:03:32,719 trace.runner.sweep_runner INFO: intensity=0.50 seed=0 ep=9 success=False steps=220
2026-03-04 21:03:45,401 trace.runner.sweep_runner INFO: intensity=0.50 seed=1 ep=0 success=False steps=220
2026-03-04 21:03:58,061 trace.runner.sweep_runner INFO: intensity=0.50 seed=1 ep=1 success=False steps=220
2026-03-04 21:04:09,708 trace.runner.sweep_runner INFO: intensity=0.50 seed=1 ep=2 success=True steps=201
2026-03-04 21:04:22,558 trace.runner.sweep_runner INFO: intensity=0.50 seed=1 ep=3 success=False steps=220
2026-03-04 21:04:35,550 trace.runner.sweep_runner INFO: intensity=0.50 seed=1 ep=4 success=False steps=220
2026-03-04 21:04:48,567 trace.runner.sweep_runner INFO: intensity=0.50 seed=1 ep=5 success=False steps=220
2026-03-04 21:04:56,968 trace.runner.sweep_runner INFO: intensity=0.50 seed=1 ep=6 success=True steps=134
2026-03-04 21:05:09,704 trace.runner.sweep_runner INFO: intensity=0.50 seed=1 ep=7 success=False steps=220
2026-03-04 21:05:22,735 trace.runner.sweep_runner INFO: intensity=0.50 seed=1 ep=8 success=False steps=220
2026-03-04 21:05:35,527 trace.runner.sweep_runner INFO: intensity=0.50 seed=1 ep=9 success=False steps=220
2026-03-04 21:05:48,161 trace.runner.sweep_runner INFO: intensity=0.50 seed=2 ep=0 success=False steps=220
2026-03-04 21:06:00,814 trace.runner.sweep_runner INFO: intensity=0.50 seed=2 ep=1 success=False steps=220
2026-03-04 21:06:13,485 trace.runner.sweep_runner INFO: intensity=0.50 seed=2 ep=2 success=True steps=220
2026-03-04 21:06:26,080 trace.runner.sweep_runner INFO: intensity=0.50 seed=2 ep=3 success=False steps=220
2026-03-04 21:06:39,229 trace.runner.sweep_runner INFO: intensity=0.50 seed=2 ep=4 success=False steps=220
2026-03-04 21:06:52,119 trace.runner.sweep_runner INFO: intensity=0.50 seed=2 ep=5 success=False steps=220
2026-03-04 21:07:05,151 trace.runner.sweep_runner INFO: intensity=0.50 seed=2 ep=6 success=False steps=220
2026-03-04 21:07:17,935 trace.runner.sweep_runner INFO: intensity=0.50 seed=2 ep=7 success=False steps=220
2026-03-04 21:07:29,599 trace.runner.sweep_runner INFO: intensity=0.50 seed=2 ep=8 success=True steps=192
2026-03-04 21:07:42,471 trace.runner.sweep_runner INFO: intensity=0.50 seed=2 ep=9 success=False steps=220
2026-03-04 21:07:55,349 trace.runner.sweep_runner INFO: intensity=0.50 seed=3 ep=0 success=False steps=220
2026-03-04 21:08:07,976 trace.runner.sweep_runner INFO: intensity=0.50 seed=3 ep=1 success=False steps=220
2026-03-04 21:08:20,854 trace.runner.sweep_runner INFO: intensity=0.50 seed=3 ep=2 success=False steps=220
2026-03-04 21:08:33,662 trace.runner.sweep_runner INFO: intensity=0.50 seed=3 ep=3 success=False steps=220
2026-03-04 21:08:46,403 trace.runner.sweep_runner INFO: intensity=0.50 seed=3 ep=4 success=False steps=220
2026-03-04 21:08:59,732 trace.runner.sweep_runner INFO: intensity=0.50 seed=3 ep=5 success=False steps=220
2026-03-04 21:09:12,940 trace.runner.sweep_runner INFO: intensity=0.50 seed=3 ep=6 success=False steps=220
2026-03-04 21:09:25,801 trace.runner.sweep_runner INFO: intensity=0.50 seed=3 ep=7 success=False steps=220
2026-03-04 21:09:33,322 trace.runner.sweep_runner INFO: intensity=0.50 seed=3 ep=8 success=True steps=119
2026-03-04 21:09:46,180 trace.runner.sweep_runner INFO: intensity=0.50 seed=3 ep=9 success=False steps=220
2026-03-04 21:09:59,055 trace.runner.sweep_runner INFO: intensity=0.50 seed=4 ep=0 success=False steps=220
2026-03-04 21:10:11,569 trace.runner.sweep_runner INFO: intensity=0.50 seed=4 ep=1 success=False steps=220
2026-03-04 21:10:24,142 trace.runner.sweep_runner INFO: intensity=0.50 seed=4 ep=2 success=False steps=220
2026-03-04 21:10:36,953 trace.runner.sweep_runner INFO: intensity=0.50 seed=4 ep=3 success=False steps=220
2026-03-04 21:10:49,675 trace.runner.sweep_runner INFO: intensity=0.50 seed=4 ep=4 success=False steps=220
2026-03-04 21:11:01,977 trace.runner.sweep_runner INFO: intensity=0.50 seed=4 ep=5 success=True steps=213
2026-03-04 21:11:14,682 trace.runner.sweep_runner INFO: intensity=0.50 seed=4 ep=6 success=False steps=220
2026-03-04 21:11:27,630 trace.runner.sweep_runner INFO: intensity=0.50 seed=4 ep=7 success=False steps=220
2026-03-04 21:11:40,120 trace.runner.sweep_runner INFO: intensity=0.50 seed=4 ep=8 success=False steps=220
2026-03-04 21:11:53,006 trace.runner.sweep_runner INFO: intensity=0.50 seed=4 ep=9 success=False steps=220
2026-03-04 21:12:05,631 trace.runner.sweep_runner INFO: intensity=0.70 seed=0 ep=0 success=False steps=220
2026-03-04 21:12:18,910 trace.runner.sweep_runner INFO: intensity=0.70 seed=0 ep=1 success=False steps=220
2026-03-04 21:12:32,175 trace.runner.sweep_runner INFO: intensity=0.70 seed=0 ep=2 success=False steps=220
2026-03-04 21:12:44,881 trace.runner.sweep_runner INFO: intensity=0.70 seed=0 ep=3 success=False steps=220
2026-03-04 21:12:57,700 trace.runner.sweep_runner INFO: intensity=0.70 seed=0 ep=4 success=False steps=220
2026-03-04 21:13:10,717 trace.runner.sweep_runner INFO: intensity=0.70 seed=0 ep=5 success=False steps=220
2026-03-04 21:13:23,704 trace.runner.sweep_runner INFO: intensity=0.70 seed=0 ep=6 success=False steps=220
2026-03-04 21:13:36,417 trace.runner.sweep_runner INFO: intensity=0.70 seed=0 ep=7 success=False steps=220
2026-03-04 21:13:49,510 trace.runner.sweep_runner INFO: intensity=0.70 seed=0 ep=8 success=False steps=220
2026-03-04 21:14:02,204 trace.runner.sweep_runner INFO: intensity=0.70 seed=0 ep=9 success=False steps=220
2026-03-04 21:14:14,845 trace.runner.sweep_runner INFO: intensity=0.70 seed=1 ep=0 success=False steps=220
2026-03-04 21:14:27,498 trace.runner.sweep_runner INFO: intensity=0.70 seed=1 ep=1 success=False steps=220
2026-03-04 21:14:39,485 trace.runner.sweep_runner INFO: intensity=0.70 seed=1 ep=2 success=False steps=220
2026-03-04 21:14:52,352 trace.runner.sweep_runner INFO: intensity=0.70 seed=1 ep=3 success=False steps=220
2026-03-04 21:15:04,958 trace.runner.sweep_runner INFO: intensity=0.70 seed=1 ep=4 success=False steps=220
2026-03-04 21:15:17,948 trace.runner.sweep_runner INFO: intensity=0.70 seed=1 ep=5 success=False steps=220
2026-03-04 21:15:31,038 trace.runner.sweep_runner INFO: intensity=0.70 seed=1 ep=6 success=False steps=220
2026-03-04 21:15:43,587 trace.runner.sweep_runner INFO: intensity=0.70 seed=1 ep=7 success=False steps=220
2026-03-04 21:15:56,235 trace.runner.sweep_runner INFO: intensity=0.70 seed=1 ep=8 success=False steps=220
2026-03-04 21:16:09,205 trace.runner.sweep_runner INFO: intensity=0.70 seed=1 ep=9 success=False steps=220
2026-03-04 21:16:22,097 trace.runner.sweep_runner INFO: intensity=0.70 seed=2 ep=0 success=False steps=220
2026-03-04 21:16:34,842 trace.runner.sweep_runner INFO: intensity=0.70 seed=2 ep=1 success=False steps=220
2026-03-04 21:16:46,906 trace.runner.sweep_runner INFO: intensity=0.70 seed=2 ep=2 success=False steps=220
2026-03-04 21:16:59,621 trace.runner.sweep_runner INFO: intensity=0.70 seed=2 ep=3 success=False steps=220
2026-03-04 21:17:12,504 trace.runner.sweep_runner INFO: intensity=0.70 seed=2 ep=4 success=False steps=220
2026-03-04 21:17:25,486 trace.runner.sweep_runner INFO: intensity=0.70 seed=2 ep=5 success=False steps=220
2026-03-04 21:17:38,205 trace.runner.sweep_runner INFO: intensity=0.70 seed=2 ep=6 success=False steps=220
2026-03-04 21:17:51,032 trace.runner.sweep_runner INFO: intensity=0.70 seed=2 ep=7 success=False steps=220
2026-03-04 21:18:04,135 trace.runner.sweep_runner INFO: intensity=0.70 seed=2 ep=8 success=False steps=220
2026-03-04 21:18:17,188 trace.runner.sweep_runner INFO: intensity=0.70 seed=2 ep=9 success=False steps=220
2026-03-04 21:18:29,952 trace.runner.sweep_runner INFO: intensity=0.70 seed=3 ep=0 success=False steps=220
2026-03-04 21:18:42,523 trace.runner.sweep_runner INFO: intensity=0.70 seed=3 ep=1 success=False steps=220
2026-03-04 21:18:55,176 trace.runner.sweep_runner INFO: intensity=0.70 seed=3 ep=2 success=False steps=220
2026-03-04 21:19:08,162 trace.runner.sweep_runner INFO: intensity=0.70 seed=3 ep=3 success=False steps=220
2026-03-04 21:19:20,968 trace.runner.sweep_runner INFO: intensity=0.70 seed=3 ep=4 success=False steps=220
2026-03-04 21:19:33,759 trace.runner.sweep_runner INFO: intensity=0.70 seed=3 ep=5 success=False steps=220
2026-03-04 21:19:46,949 trace.runner.sweep_runner INFO: intensity=0.70 seed=3 ep=6 success=False steps=220
2026-03-04 21:19:59,774 trace.runner.sweep_runner INFO: intensity=0.70 seed=3 ep=7 success=False steps=220
2026-03-04 21:20:12,679 trace.runner.sweep_runner INFO: intensity=0.70 seed=3 ep=8 success=False steps=220
2026-03-04 21:20:25,351 trace.runner.sweep_runner INFO: intensity=0.70 seed=3 ep=9 success=False steps=220
2026-03-04 21:20:38,579 trace.runner.sweep_runner INFO: intensity=0.70 seed=4 ep=0 success=False steps=220
2026-03-04 21:20:51,455 trace.runner.sweep_runner INFO: intensity=0.70 seed=4 ep=1 success=False steps=220
2026-03-04 21:21:04,151 trace.runner.sweep_runner INFO: intensity=0.70 seed=4 ep=2 success=False steps=220
2026-03-04 21:21:17,580 trace.runner.sweep_runner INFO: intensity=0.70 seed=4 ep=3 success=False steps=220
2026-03-04 21:21:30,180 trace.runner.sweep_runner INFO: intensity=0.70 seed=4 ep=4 success=False steps=220
2026-03-04 21:21:43,088 trace.runner.sweep_runner INFO: intensity=0.70 seed=4 ep=5 success=False steps=220
2026-03-04 21:21:55,739 trace.runner.sweep_runner INFO: intensity=0.70 seed=4 ep=6 success=False steps=220
2026-03-04 21:22:09,115 trace.runner.sweep_runner INFO: intensity=0.70 seed=4 ep=7 success=False steps=220
2026-03-04 21:22:22,003 trace.runner.sweep_runner INFO: intensity=0.70 seed=4 ep=8 success=False steps=220
2026-03-04 21:22:35,166 trace.runner.sweep_runner INFO: intensity=0.70 seed=4 ep=9 success=False steps=220
2026-03-04 21:22:48,449 trace.runner.sweep_runner INFO: intensity=1.00 seed=0 ep=0 success=False steps=220
2026-03-04 21:23:01,806 trace.runner.sweep_runner INFO: intensity=1.00 seed=0 ep=1 success=False steps=220
2026-03-04 21:23:14,533 trace.runner.sweep_runner INFO: intensity=1.00 seed=0 ep=2 success=False steps=220
2026-03-04 21:23:28,004 trace.runner.sweep_runner INFO: intensity=1.00 seed=0 ep=3 success=False steps=220
2026-03-04 21:23:40,864 trace.runner.sweep_runner INFO: intensity=1.00 seed=0 ep=4 success=False steps=220
2026-03-04 21:23:53,848 trace.runner.sweep_runner INFO: intensity=1.00 seed=0 ep=5 success=False steps=220
2026-03-04 21:24:06,310 trace.runner.sweep_runner INFO: intensity=1.00 seed=0 ep=6 success=False steps=220
2026-03-04 21:24:19,812 trace.runner.sweep_runner INFO: intensity=1.00 seed=0 ep=7 success=False steps=220
2026-03-04 21:24:32,869 trace.runner.sweep_runner INFO: intensity=1.00 seed=0 ep=8 success=False steps=220
2026-03-04 21:24:46,061 trace.runner.sweep_runner INFO: intensity=1.00 seed=0 ep=9 success=False steps=220
2026-03-04 21:24:59,754 trace.runner.sweep_runner INFO: intensity=1.00 seed=1 ep=0 success=False steps=220
2026-03-04 21:25:12,483 trace.runner.sweep_runner INFO: intensity=1.00 seed=1 ep=1 success=False steps=220
2026-03-04 21:25:24,827 trace.runner.sweep_runner INFO: intensity=1.00 seed=1 ep=2 success=False steps=220
2026-03-04 21:25:37,819 trace.runner.sweep_runner INFO: intensity=1.00 seed=1 ep=3 success=False steps=220
2026-03-04 21:25:50,834 trace.runner.sweep_runner INFO: intensity=1.00 seed=1 ep=4 success=False steps=220
2026-03-04 21:26:04,334 trace.runner.sweep_runner INFO: intensity=1.00 seed=1 ep=5 success=False steps=220
2026-03-04 21:26:17,721 trace.runner.sweep_runner INFO: intensity=1.00 seed=1 ep=6 success=False steps=220
2026-03-04 21:26:30,677 trace.runner.sweep_runner INFO: intensity=1.00 seed=1 ep=7 success=False steps=220
2026-03-04 21:26:43,554 trace.runner.sweep_runner INFO: intensity=1.00 seed=1 ep=8 success=False steps=220
2026-03-04 21:26:56,822 trace.runner.sweep_runner INFO: intensity=1.00 seed=1 ep=9 success=False steps=220
2026-03-04 21:27:09,917 trace.runner.sweep_runner INFO: intensity=1.00 seed=2 ep=0 success=False steps=220
2026-03-04 21:27:23,153 trace.runner.sweep_runner INFO: intensity=1.00 seed=2 ep=1 success=False steps=220
2026-03-04 21:27:35,188 trace.runner.sweep_runner INFO: intensity=1.00 seed=2 ep=2 success=False steps=220
2026-03-04 21:27:47,942 trace.runner.sweep_runner INFO: intensity=1.00 seed=2 ep=3 success=False steps=220
2026-03-04 21:28:01,024 trace.runner.sweep_runner INFO: intensity=1.00 seed=2 ep=4 success=False steps=220
2026-03-04 21:28:14,201 trace.runner.sweep_runner INFO: intensity=1.00 seed=2 ep=5 success=False steps=220
2026-03-04 21:28:26,982 trace.runner.sweep_runner INFO: intensity=1.00 seed=2 ep=6 success=False steps=220
2026-03-04 21:28:40,200 trace.runner.sweep_runner INFO: intensity=1.00 seed=2 ep=7 success=False steps=220
2026-03-04 21:28:53,005 trace.runner.sweep_runner INFO: intensity=1.00 seed=2 ep=8 success=False steps=220
2026-03-04 21:29:05,977 trace.runner.sweep_runner INFO: intensity=1.00 seed=2 ep=9 success=False steps=220
2026-03-04 21:29:19,434 trace.runner.sweep_runner INFO: intensity=1.00 seed=3 ep=0 success=False steps=220
2026-03-04 21:29:33,304 trace.runner.sweep_runner INFO: intensity=1.00 seed=3 ep=1 success=False steps=220
2026-03-04 21:29:45,747 trace.runner.sweep_runner INFO: intensity=1.00 seed=3 ep=2 success=False steps=220
2026-03-04 21:29:58,571 trace.runner.sweep_runner INFO: intensity=1.00 seed=3 ep=3 success=False steps=220
2026-03-04 21:30:12,595 trace.runner.sweep_runner INFO: intensity=1.00 seed=3 ep=4 success=False steps=220
2026-03-04 21:30:26,046 trace.runner.sweep_runner INFO: intensity=1.00 seed=3 ep=5 success=False steps=220
2026-03-04 21:30:38,910 trace.runner.sweep_runner INFO: intensity=1.00 seed=3 ep=6 success=False steps=220
2026-03-04 21:30:51,825 trace.runner.sweep_runner INFO: intensity=1.00 seed=3 ep=7 success=False steps=220
2026-03-04 21:31:04,933 trace.runner.sweep_runner INFO: intensity=1.00 seed=3 ep=8 success=False steps=220
2026-03-04 21:31:17,774 trace.runner.sweep_runner INFO: intensity=1.00 seed=3 ep=9 success=False steps=220
2026-03-04 21:31:31,822 trace.runner.sweep_runner INFO: intensity=1.00 seed=4 ep=0 success=False steps=220
2026-03-04 21:31:45,150 trace.runner.sweep_runner INFO: intensity=1.00 seed=4 ep=1 success=False steps=220
2026-03-04 21:31:58,166 trace.runner.sweep_runner INFO: intensity=1.00 seed=4 ep=2 success=False steps=220
2026-03-04 21:32:11,406 trace.runner.sweep_runner INFO: intensity=1.00 seed=4 ep=3 success=False steps=220
2026-03-04 21:32:24,829 trace.runner.sweep_runner INFO: intensity=1.00 seed=4 ep=4 success=False steps=220
2026-03-04 21:32:38,017 trace.runner.sweep_runner INFO: intensity=1.00 seed=4 ep=5 success=False steps=220
2026-03-04 21:32:50,782 trace.runner.sweep_runner INFO: intensity=1.00 seed=4 ep=6 success=False steps=220
2026-03-04 21:33:03,689 trace.runner.sweep_runner INFO: intensity=1.00 seed=4 ep=7 success=False steps=220
2026-03-04 21:33:16,440 trace.runner.sweep_runner INFO: intensity=1.00 seed=4 ep=8 success=False steps=220
2026-03-04 21:33:28,904 trace.runner.sweep_runner INFO: intensity=1.00 seed=4 ep=9 success=False steps=220
2026-03-04 21:33:28,909 __main__ INFO:   baseline=100%, max_degradation=100%, breakpoint=0.50
2026-03-04 21:33:28,909 __main__ INFO: Running sweep 2/9: DropoutStressor
2026-03-04 21:33:34,008 trace.runner.sweep_runner INFO: intensity=0.00 seed=0 ep=0 success=True steps=73
2026-03-04 21:33:40,621 trace.runner.sweep_runner INFO: intensity=0.00 seed=0 ep=1 success=True steps=104
2026-03-04 21:33:46,187 trace.runner.sweep_runner INFO: intensity=0.00 seed=0 ep=2 success=True steps=85
2026-03-04 21:33:51,586 trace.runner.sweep_runner INFO: intensity=0.00 seed=0 ep=3 success=True steps=80
2026-03-04 21:33:56,619 trace.runner.sweep_runner INFO: intensity=0.00 seed=0 ep=4 success=True steps=73
2026-03-04 21:34:01,701 trace.runner.sweep_runner INFO: intensity=0.00 seed=0 ep=5 success=True steps=73
2026-03-04 21:34:06,832 trace.runner.sweep_runner INFO: intensity=0.00 seed=0 ep=6 success=True steps=72
2026-03-04 21:34:12,411 trace.runner.sweep_runner INFO: intensity=0.00 seed=0 ep=7 success=True steps=81
2026-03-04 21:34:17,926 trace.runner.sweep_runner INFO: intensity=0.00 seed=0 ep=8 success=True steps=81
2026-03-04 21:34:22,942 trace.runner.sweep_runner INFO: intensity=0.00 seed=0 ep=9 success=True steps=73
2026-03-04 21:34:28,245 trace.runner.sweep_runner INFO: intensity=0.00 seed=1 ep=0 success=True steps=78
2026-03-04 21:34:35,040 trace.runner.sweep_runner INFO: intensity=0.00 seed=1 ep=1 success=True steps=108
2026-03-04 21:34:39,848 trace.runner.sweep_runner INFO: intensity=0.00 seed=1 ep=2 success=True steps=72
2026-03-04 21:34:44,934 trace.runner.sweep_runner INFO: intensity=0.00 seed=1 ep=3 success=True steps=74
2026-03-04 21:34:50,323 trace.runner.sweep_runner INFO: intensity=0.00 seed=1 ep=4 success=True steps=77
2026-03-04 21:34:55,974 trace.runner.sweep_runner INFO: intensity=0.00 seed=1 ep=5 success=True steps=82
2026-03-04 21:35:01,220 trace.runner.sweep_runner INFO: intensity=0.00 seed=1 ep=6 success=True steps=76
2026-03-04 21:35:06,670 trace.runner.sweep_runner INFO: intensity=0.00 seed=1 ep=7 success=True steps=79
2026-03-04 21:35:12,322 trace.runner.sweep_runner INFO: intensity=0.00 seed=1 ep=8 success=True steps=81
2026-03-04 21:35:25,292 trace.runner.sweep_runner INFO: intensity=0.00 seed=1 ep=9 success=False steps=220
2026-03-04 21:35:30,729 trace.runner.sweep_runner INFO: intensity=0.00 seed=2 ep=0 success=True steps=80
2026-03-04 21:35:37,636 trace.runner.sweep_runner INFO: intensity=0.00 seed=2 ep=1 success=True steps=108
2026-03-04 21:35:47,737 trace.runner.sweep_runner INFO: intensity=0.00 seed=2 ep=2 success=True steps=170
2026-03-04 21:35:53,096 trace.runner.sweep_runner INFO: intensity=0.00 seed=2 ep=3 success=True steps=77
2026-03-04 21:35:58,202 trace.runner.sweep_runner INFO: intensity=0.00 seed=2 ep=4 success=True steps=73
2026-03-04 21:36:03,236 trace.runner.sweep_runner INFO: intensity=0.00 seed=2 ep=5 success=True steps=73
2026-03-04 21:36:08,293 trace.runner.sweep_runner INFO: intensity=0.00 seed=2 ep=6 success=True steps=72
2026-03-04 21:36:13,799 trace.runner.sweep_runner INFO: intensity=0.00 seed=2 ep=7 success=True steps=79
2026-03-04 21:36:19,906 trace.runner.sweep_runner INFO: intensity=0.00 seed=2 ep=8 success=True steps=90
2026-03-04 21:36:25,121 trace.runner.sweep_runner INFO: intensity=0.00 seed=2 ep=9 success=True steps=74
2026-03-04 21:36:33,609 trace.runner.sweep_runner INFO: intensity=0.00 seed=3 ep=0 success=True steps=139
2026-03-04 21:36:40,419 trace.runner.sweep_runner INFO: intensity=0.00 seed=3 ep=1 success=True steps=106
2026-03-04 21:36:46,016 trace.runner.sweep_runner INFO: intensity=0.00 seed=3 ep=2 success=True steps=83
2026-03-04 21:36:51,411 trace.runner.sweep_runner INFO: intensity=0.00 seed=3 ep=3 success=True steps=77
2026-03-04 21:36:56,429 trace.runner.sweep_runner INFO: intensity=0.00 seed=3 ep=4 success=True steps=73
2026-03-04 21:37:01,469 trace.runner.sweep_runner INFO: intensity=0.00 seed=3 ep=5 success=True steps=73
2026-03-04 21:37:06,649 trace.runner.sweep_runner INFO: intensity=0.00 seed=3 ep=6 success=True steps=74
2026-03-04 21:37:12,273 trace.runner.sweep_runner INFO: intensity=0.00 seed=3 ep=7 success=True steps=81
2026-03-04 21:37:17,330 trace.runner.sweep_runner INFO: intensity=0.00 seed=3 ep=8 success=True steps=73
2026-03-04 21:37:22,504 trace.runner.sweep_runner INFO: intensity=0.00 seed=3 ep=9 success=True steps=74
2026-03-04 21:37:27,909 trace.runner.sweep_runner INFO: intensity=0.00 seed=4 ep=0 success=True steps=78
2026-03-04 21:37:36,309 trace.runner.sweep_runner INFO: intensity=0.00 seed=4 ep=1 success=True steps=136
2026-03-04 21:37:41,407 trace.runner.sweep_runner INFO: intensity=0.00 seed=4 ep=2 success=True steps=76
2026-03-04 21:37:46,681 trace.runner.sweep_runner INFO: intensity=0.00 seed=4 ep=3 success=True steps=76
2026-03-04 21:37:51,715 trace.runner.sweep_runner INFO: intensity=0.00 seed=4 ep=4 success=True steps=73
2026-03-04 21:37:56,969 trace.runner.sweep_runner INFO: intensity=0.00 seed=4 ep=5 success=True steps=77
2026-03-04 21:38:01,938 trace.runner.sweep_runner INFO: intensity=0.00 seed=4 ep=6 success=True steps=70
2026-03-04 21:38:07,242 trace.runner.sweep_runner INFO: intensity=0.00 seed=4 ep=7 success=True steps=76
2026-03-04 21:38:12,583 trace.runner.sweep_runner INFO: intensity=0.00 seed=4 ep=8 success=True steps=78
2026-03-04 21:38:17,732 trace.runner.sweep_runner INFO: intensity=0.00 seed=4 ep=9 success=True steps=75
2026-03-04 21:38:22,675 trace.runner.sweep_runner INFO: intensity=0.10 seed=0 ep=0 success=True steps=69
2026-03-04 21:38:29,846 trace.runner.sweep_runner INFO: intensity=0.10 seed=0 ep=1 success=True steps=114
2026-03-04 21:38:35,191 trace.runner.sweep_runner INFO: intensity=0.10 seed=0 ep=2 success=True steps=79
2026-03-04 21:38:40,313 trace.runner.sweep_runner INFO: intensity=0.10 seed=0 ep=3 success=True steps=75
2026-03-04 21:38:45,410 trace.runner.sweep_runner INFO: intensity=0.10 seed=0 ep=4 success=True steps=74
2026-03-04 21:38:50,946 trace.runner.sweep_runner INFO: intensity=0.10 seed=0 ep=5 success=True steps=83
2026-03-04 21:39:03,834 trace.runner.sweep_runner INFO: intensity=0.10 seed=0 ep=6 success=False steps=220
2026-03-04 21:39:09,676 trace.runner.sweep_runner INFO: intensity=0.10 seed=0 ep=7 success=True steps=86
2026-03-04 21:39:14,963 trace.runner.sweep_runner INFO: intensity=0.10 seed=0 ep=8 success=True steps=77
2026-03-04 21:39:20,273 trace.runner.sweep_runner INFO: intensity=0.10 seed=0 ep=9 success=True steps=77
2026-03-04 21:39:27,476 trace.runner.sweep_runner INFO: intensity=0.10 seed=1 ep=0 success=True steps=113
2026-03-04 21:39:34,330 trace.runner.sweep_runner INFO: intensity=0.10 seed=1 ep=1 success=True steps=106
2026-03-04 21:39:39,937 trace.runner.sweep_runner INFO: intensity=0.10 seed=1 ep=2 success=True steps=85
2026-03-04 21:39:48,595 trace.runner.sweep_runner INFO: intensity=0.10 seed=1 ep=3 success=True steps=139
2026-03-04 21:40:01,584 trace.runner.sweep_runner INFO: intensity=0.10 seed=1 ep=4 success=False steps=220
2026-03-04 21:40:06,932 trace.runner.sweep_runner INFO: intensity=0.10 seed=1 ep=5 success=True steps=76
2026-03-04 21:40:12,889 trace.runner.sweep_runner INFO: intensity=0.10 seed=1 ep=6 success=True steps=85
2026-03-04 21:40:18,933 trace.runner.sweep_runner INFO: intensity=0.10 seed=1 ep=7 success=True steps=91
2026-03-04 21:40:25,326 trace.runner.sweep_runner INFO: intensity=0.10 seed=1 ep=8 success=True steps=97
2026-03-04 21:40:34,508 trace.runner.sweep_runner INFO: intensity=0.10 seed=1 ep=9 success=True steps=152
2026-03-04 21:40:39,995 trace.runner.sweep_runner INFO: intensity=0.10 seed=2 ep=0 success=True steps=79
2026-03-04 21:40:46,007 trace.runner.sweep_runner INFO: intensity=0.10 seed=2 ep=1 success=True steps=91
2026-03-04 21:40:51,123 trace.runner.sweep_runner INFO: intensity=0.10 seed=2 ep=2 success=True steps=77
2026-03-04 21:40:56,776 trace.runner.sweep_runner INFO: intensity=0.10 seed=2 ep=3 success=True steps=85
2026-03-04 21:41:02,171 trace.runner.sweep_runner INFO: intensity=0.10 seed=2 ep=4 success=True steps=79
2026-03-04 21:41:07,470 trace.runner.sweep_runner INFO: intensity=0.10 seed=2 ep=5 success=True steps=75
2026-03-04 21:41:12,729 trace.runner.sweep_runner INFO: intensity=0.10 seed=2 ep=6 success=True steps=75
2026-03-04 21:41:19,039 trace.runner.sweep_runner INFO: intensity=0.10 seed=2 ep=7 success=True steps=92
2026-03-04 21:41:24,763 trace.runner.sweep_runner INFO: intensity=0.10 seed=2 ep=8 success=True steps=83
2026-03-04 21:41:30,554 trace.runner.sweep_runner INFO: intensity=0.10 seed=2 ep=9 success=True steps=85
2026-03-04 21:41:37,389 trace.runner.sweep_runner INFO: intensity=0.10 seed=3 ep=0 success=True steps=108
2026-03-04 21:41:44,944 trace.runner.sweep_runner INFO: intensity=0.10 seed=3 ep=1 success=True steps=119
2026-03-04 21:41:50,943 trace.runner.sweep_runner INFO: intensity=0.10 seed=3 ep=2 success=True steps=90
2026-03-04 21:41:57,154 trace.runner.sweep_runner INFO: intensity=0.10 seed=3 ep=3 success=True steps=92
2026-03-04 21:42:02,489 trace.runner.sweep_runner INFO: intensity=0.10 seed=3 ep=4 success=True steps=79
2026-03-04 21:42:10,334 trace.runner.sweep_runner INFO: intensity=0.10 seed=3 ep=5 success=True steps=126
2026-03-04 21:42:15,938 trace.runner.sweep_runner INFO: intensity=0.10 seed=3 ep=6 success=True steps=81
2026-03-04 21:42:21,860 trace.runner.sweep_runner INFO: intensity=0.10 seed=3 ep=7 success=True steps=88
2026-03-04 21:42:27,530 trace.runner.sweep_runner INFO: intensity=0.10 seed=3 ep=8 success=True steps=83
2026-03-04 21:42:32,900 trace.runner.sweep_runner INFO: intensity=0.10 seed=3 ep=9 success=True steps=79
2026-03-04 21:42:40,055 trace.runner.sweep_runner INFO: intensity=0.10 seed=4 ep=0 success=True steps=113
2026-03-04 21:42:45,345 trace.runner.sweep_runner INFO: intensity=0.10 seed=4 ep=1 success=True steps=79
2026-03-04 21:42:50,634 trace.runner.sweep_runner INFO: intensity=0.10 seed=4 ep=2 success=True steps=81
2026-03-04 21:42:55,984 trace.runner.sweep_runner INFO: intensity=0.10 seed=4 ep=3 success=True steps=79
2026-03-04 21:43:02,959 trace.runner.sweep_runner INFO: intensity=0.10 seed=4 ep=4 success=True steps=106
2026-03-04 21:43:09,832 trace.runner.sweep_runner INFO: intensity=0.10 seed=4 ep=5 success=True steps=107
2026-03-04 21:43:15,052 trace.runner.sweep_runner INFO: intensity=0.10 seed=4 ep=6 success=True steps=74
2026-03-04 21:43:20,132 trace.runner.sweep_runner INFO: intensity=0.10 seed=4 ep=7 success=True steps=73
2026-03-04 21:43:26,172 trace.runner.sweep_runner INFO: intensity=0.10 seed=4 ep=8 success=True steps=89
2026-03-04 21:43:31,797 trace.runner.sweep_runner INFO: intensity=0.10 seed=4 ep=9 success=True steps=81
2026-03-04 21:43:40,206 trace.runner.sweep_runner INFO: intensity=0.20 seed=0 ep=0 success=True steps=137
2026-03-04 21:43:48,179 trace.runner.sweep_runner INFO: intensity=0.20 seed=0 ep=1 success=True steps=129
2026-03-04 21:43:56,416 trace.runner.sweep_runner INFO: intensity=0.20 seed=0 ep=2 success=True steps=138
2026-03-04 21:44:02,057 trace.runner.sweep_runner INFO: intensity=0.20 seed=0 ep=3 success=True steps=84
2026-03-04 21:44:10,068 trace.runner.sweep_runner INFO: intensity=0.20 seed=0 ep=4 success=True steps=129
2026-03-04 21:44:16,471 trace.runner.sweep_runner INFO: intensity=0.20 seed=0 ep=5 success=True steps=99
2026-03-04 21:44:21,804 trace.runner.sweep_runner INFO: intensity=0.20 seed=0 ep=6 success=True steps=78
2026-03-04 21:44:28,106 trace.runner.sweep_runner INFO: intensity=0.20 seed=0 ep=7 success=True steps=94
2026-03-04 21:44:33,466 trace.runner.sweep_runner INFO: intensity=0.20 seed=0 ep=8 success=True steps=78
2026-03-04 21:44:39,721 trace.runner.sweep_runner INFO: intensity=0.20 seed=0 ep=9 success=True steps=93
2026-03-04 21:44:47,580 trace.runner.sweep_runner INFO: intensity=0.20 seed=1 ep=0 success=True steps=126
2026-03-04 21:44:54,920 trace.runner.sweep_runner INFO: intensity=0.20 seed=1 ep=1 success=True steps=117
2026-03-04 21:45:06,648 trace.runner.sweep_runner INFO: intensity=0.20 seed=1 ep=2 success=True steps=197
2026-03-04 21:45:15,732 trace.runner.sweep_runner INFO: intensity=0.20 seed=1 ep=3 success=True steps=150
2026-03-04 21:45:22,699 trace.runner.sweep_runner INFO: intensity=0.20 seed=1 ep=4 success=True steps=109
2026-03-04 21:45:28,744 trace.runner.sweep_runner INFO: intensity=0.20 seed=1 ep=5 success=True steps=92
2026-03-04 21:45:34,199 trace.runner.sweep_runner INFO: intensity=0.20 seed=1 ep=6 success=True steps=81
2026-03-04 21:45:44,750 trace.runner.sweep_runner INFO: intensity=0.20 seed=1 ep=7 success=True steps=175
2026-03-04 21:45:50,914 trace.runner.sweep_runner INFO: intensity=0.20 seed=1 ep=8 success=True steps=95
2026-03-04 21:46:03,835 trace.runner.sweep_runner INFO: intensity=0.20 seed=1 ep=9 success=False steps=220
2026-03-04 21:46:09,670 trace.runner.sweep_runner INFO: intensity=0.20 seed=2 ep=0 success=True steps=85
2026-03-04 21:46:19,880 trace.runner.sweep_runner INFO: intensity=0.20 seed=2 ep=1 success=True steps=173
2026-03-04 21:46:29,676 trace.runner.sweep_runner INFO: intensity=0.20 seed=2 ep=2 success=True steps=167
2026-03-04 21:46:36,788 trace.runner.sweep_runner INFO: intensity=0.20 seed=2 ep=3 success=True steps=112
2026-03-04 21:46:42,416 trace.runner.sweep_runner INFO: intensity=0.20 seed=2 ep=4 success=True steps=83
2026-03-04 21:46:47,755 trace.runner.sweep_runner INFO: intensity=0.20 seed=2 ep=5 success=True steps=78
2026-03-04 21:46:53,425 trace.runner.sweep_runner INFO: intensity=0.20 seed=2 ep=6 success=True steps=84
2026-03-04 21:46:59,749 trace.runner.sweep_runner INFO: intensity=0.20 seed=2 ep=7 success=True steps=97
2026-03-04 21:47:06,682 trace.runner.sweep_runner INFO: intensity=0.20 seed=2 ep=8 success=True steps=108
2026-03-04 21:47:12,954 trace.runner.sweep_runner INFO: intensity=0.20 seed=2 ep=9 success=True steps=96
2026-03-04 21:47:18,729 trace.runner.sweep_runner INFO: intensity=0.20 seed=3 ep=0 success=True steps=87
2026-03-04 21:47:25,724 trace.runner.sweep_runner INFO: intensity=0.20 seed=3 ep=1 success=True steps=111
2026-03-04 21:47:31,975 trace.runner.sweep_runner INFO: intensity=0.20 seed=3 ep=2 success=True steps=97
2026-03-04 21:47:37,873 trace.runner.sweep_runner INFO: intensity=0.20 seed=3 ep=3 success=True steps=87
2026-03-04 21:47:45,853 trace.runner.sweep_runner INFO: intensity=0.20 seed=3 ep=4 success=True steps=130
2026-03-04 21:47:51,202 trace.runner.sweep_runner INFO: intensity=0.20 seed=3 ep=5 success=True steps=80
2026-03-04 21:47:56,686 trace.runner.sweep_runner INFO: intensity=0.20 seed=3 ep=6 success=True steps=79
2026-03-04 21:48:02,757 trace.runner.sweep_runner INFO: intensity=0.20 seed=3 ep=7 success=True steps=90
2026-03-04 21:48:10,518 trace.runner.sweep_runner INFO: intensity=0.20 seed=3 ep=8 success=True steps=124
2026-03-04 21:48:15,928 trace.runner.sweep_runner INFO: intensity=0.20 seed=3 ep=9 success=True steps=79
2026-03-04 21:48:21,814 trace.runner.sweep_runner INFO: intensity=0.20 seed=4 ep=0 success=True steps=90
2026-03-04 21:48:30,581 trace.runner.sweep_runner INFO: intensity=0.20 seed=4 ep=1 success=True steps=145
2026-03-04 21:48:36,110 trace.runner.sweep_runner INFO: intensity=0.20 seed=4 ep=2 success=True steps=85
2026-03-04 21:48:44,354 trace.runner.sweep_runner INFO: intensity=0.20 seed=4 ep=3 success=True steps=133
2026-03-04 21:48:51,416 trace.runner.sweep_runner INFO: intensity=0.20 seed=4 ep=4 success=True steps=111
2026-03-04 21:48:59,337 trace.runner.sweep_runner INFO: intensity=0.20 seed=4 ep=5 success=True steps=130
2026-03-04 21:49:05,247 trace.runner.sweep_runner INFO: intensity=0.20 seed=4 ep=6 success=True steps=86
2026-03-04 21:49:18,046 trace.runner.sweep_runner INFO: intensity=0.20 seed=4 ep=7 success=True steps=216
2026-03-04 21:49:24,459 trace.runner.sweep_runner INFO: intensity=0.20 seed=4 ep=8 success=True steps=99
2026-03-04 21:49:32,614 trace.runner.sweep_runner INFO: intensity=0.20 seed=4 ep=9 success=True steps=129
2026-03-04 21:49:40,836 trace.runner.sweep_runner INFO: intensity=0.30 seed=0 ep=0 success=True steps=133
2026-03-04 21:49:50,632 trace.runner.sweep_runner INFO: intensity=0.30 seed=0 ep=1 success=True steps=165
2026-03-04 21:49:56,533 trace.runner.sweep_runner INFO: intensity=0.30 seed=0 ep=2 success=True steps=92
2026-03-04 21:50:05,079 trace.runner.sweep_runner INFO: intensity=0.30 seed=0 ep=3 success=True steps=139
2026-03-04 21:50:12,739 trace.runner.sweep_runner INFO: intensity=0.30 seed=0 ep=4 success=True steps=121
2026-03-04 21:50:19,361 trace.runner.sweep_runner INFO: intensity=0.30 seed=0 ep=5 success=True steps=102
2026-03-04 21:50:26,024 trace.runner.sweep_runner INFO: intensity=0.30 seed=0 ep=6 success=True steps=103
2026-03-04 21:50:32,726 trace.runner.sweep_runner INFO: intensity=0.30 seed=0 ep=7 success=True steps=104
2026-03-04 21:50:39,869 trace.runner.sweep_runner INFO: intensity=0.30 seed=0 ep=8 success=True steps=113
2026-03-04 21:50:48,621 trace.runner.sweep_runner INFO: intensity=0.30 seed=0 ep=9 success=True steps=145
2026-03-04 21:51:00,600 trace.runner.sweep_runner INFO: intensity=0.30 seed=1 ep=0 success=True steps=203
2026-03-04 21:51:13,181 trace.runner.sweep_runner INFO: intensity=0.30 seed=1 ep=1 success=False steps=220
2026-03-04 21:51:22,898 trace.runner.sweep_runner INFO: intensity=0.30 seed=1 ep=2 success=True steps=161
2026-03-04 21:51:33,179 trace.runner.sweep_runner INFO: intensity=0.30 seed=1 ep=3 success=True steps=171
2026-03-04 21:51:39,471 trace.runner.sweep_runner INFO: intensity=0.30 seed=1 ep=4 success=True steps=94
2026-03-04 21:51:45,779 trace.runner.sweep_runner INFO: intensity=0.30 seed=1 ep=5 success=True steps=96
2026-03-04 21:51:52,124 trace.runner.sweep_runner INFO: intensity=0.30 seed=1 ep=6 success=True steps=94
2026-03-04 21:52:02,489 trace.runner.sweep_runner INFO: intensity=0.30 seed=1 ep=7 success=True steps=174
2026-03-04 21:52:09,192 trace.runner.sweep_runner INFO: intensity=0.30 seed=1 ep=8 success=True steps=104
2026-03-04 21:52:17,196 trace.runner.sweep_runner INFO: intensity=0.30 seed=1 ep=9 success=True steps=126
2026-03-04 21:52:25,065 trace.runner.sweep_runner INFO: intensity=0.30 seed=2 ep=0 success=True steps=125
2026-03-04 21:52:31,982 trace.runner.sweep_runner INFO: intensity=0.30 seed=2 ep=1 success=True steps=106
2026-03-04 21:52:39,007 trace.runner.sweep_runner INFO: intensity=0.30 seed=2 ep=2 success=True steps=115
2026-03-04 21:52:52,063 trace.runner.sweep_runner INFO: intensity=0.30 seed=2 ep=3 success=False steps=220
2026-03-04 21:53:04,880 trace.runner.sweep_runner INFO: intensity=0.30 seed=2 ep=4 success=False steps=220
2026-03-04 21:53:12,035 trace.runner.sweep_runner INFO: intensity=0.30 seed=2 ep=5 success=True steps=112
2026-03-04 21:53:20,249 trace.runner.sweep_runner INFO: intensity=0.30 seed=2 ep=6 success=True steps=130
2026-03-04 21:53:26,510 trace.runner.sweep_runner INFO: intensity=0.30 seed=2 ep=7 success=True steps=95
2026-03-04 21:53:33,004 trace.runner.sweep_runner INFO: intensity=0.30 seed=2 ep=8 success=True steps=101
2026-03-04 21:53:45,922 trace.runner.sweep_runner INFO: intensity=0.30 seed=2 ep=9 success=False steps=220
2026-03-04 21:53:51,765 trace.runner.sweep_runner INFO: intensity=0.30 seed=3 ep=0 success=True steps=88
2026-03-04 21:53:59,716 trace.runner.sweep_runner INFO: intensity=0.30 seed=3 ep=1 success=True steps=127
2026-03-04 21:54:07,099 trace.runner.sweep_runner INFO: intensity=0.30 seed=3 ep=2 success=True steps=119
2026-03-04 21:54:20,109 trace.runner.sweep_runner INFO: intensity=0.30 seed=3 ep=3 success=False steps=220
2026-03-04 21:54:30,674 trace.runner.sweep_runner INFO: intensity=0.30 seed=3 ep=4 success=True steps=174
2026-03-04 21:54:36,525 trace.runner.sweep_runner INFO: intensity=0.30 seed=3 ep=5 success=True steps=86
2026-03-04 21:54:42,443 trace.runner.sweep_runner INFO: intensity=0.30 seed=3 ep=6 success=True steps=87
2026-03-04 21:54:49,008 trace.runner.sweep_runner INFO: intensity=0.30 seed=3 ep=7 success=True steps=98
2026-03-04 21:54:54,623 trace.runner.sweep_runner INFO: intensity=0.30 seed=3 ep=8 success=True steps=81
2026-03-04 21:55:07,514 trace.runner.sweep_runner INFO: intensity=0.30 seed=3 ep=9 success=True steps=220
2026-03-04 21:55:13,619 trace.runner.sweep_runner INFO: intensity=0.30 seed=4 ep=0 success=True steps=91
2026-03-04 21:55:21,678 trace.runner.sweep_runner INFO: intensity=0.30 seed=4 ep=1 success=True steps=126
2026-03-04 21:55:27,494 trace.runner.sweep_runner INFO: intensity=0.30 seed=4 ep=2 success=True steps=92
2026-03-04 21:55:36,335 trace.runner.sweep_runner INFO: intensity=0.30 seed=4 ep=3 success=True steps=142
2026-03-04 21:55:43,525 trace.runner.sweep_runner INFO: intensity=0.30 seed=4 ep=4 success=True steps=111
2026-03-04 21:55:50,282 trace.runner.sweep_runner INFO: intensity=0.30 seed=4 ep=5 success=True steps=104
2026-03-04 21:55:56,175 trace.runner.sweep_runner INFO: intensity=0.30 seed=4 ep=6 success=True steps=88
2026-03-04 21:56:04,553 trace.runner.sweep_runner INFO: intensity=0.30 seed=4 ep=7 success=True steps=132
2026-03-04 21:56:11,877 trace.runner.sweep_runner INFO: intensity=0.30 seed=4 ep=8 success=True steps=115
2026-03-04 21:56:17,460 trace.runner.sweep_runner INFO: intensity=0.30 seed=4 ep=9 success=True steps=82
2026-03-04 21:56:24,742 trace.runner.sweep_runner INFO: intensity=0.50 seed=0 ep=0 success=True steps=112
2026-03-04 21:56:34,752 trace.runner.sweep_runner INFO: intensity=0.50 seed=0 ep=1 success=True steps=170
2026-03-04 21:56:47,917 trace.runner.sweep_runner INFO: intensity=0.50 seed=0 ep=2 success=False steps=220
2026-03-04 21:56:57,154 trace.runner.sweep_runner INFO: intensity=0.50 seed=0 ep=3 success=True steps=152
2026-03-04 21:57:07,910 trace.runner.sweep_runner INFO: intensity=0.50 seed=0 ep=4 success=True steps=181
2026-03-04 21:57:18,986 trace.runner.sweep_runner INFO: intensity=0.50 seed=0 ep=5 success=True steps=184
2026-03-04 21:57:32,159 trace.runner.sweep_runner INFO: intensity=0.50 seed=0 ep=6 success=False steps=220
2026-03-04 21:57:45,252 trace.runner.sweep_runner INFO: intensity=0.50 seed=0 ep=7 success=False steps=220
2026-03-04 21:57:58,207 trace.runner.sweep_runner INFO: intensity=0.50 seed=0 ep=8 success=False steps=220
2026-03-04 21:58:10,960 trace.runner.sweep_runner INFO: intensity=0.50 seed=0 ep=9 success=False steps=220
2026-03-04 21:58:18,563 trace.runner.sweep_runner INFO: intensity=0.50 seed=1 ep=0 success=True steps=120
2026-03-04 21:58:31,449 trace.runner.sweep_runner INFO: intensity=0.50 seed=1 ep=1 success=False steps=220
2026-03-04 21:58:44,092 trace.runner.sweep_runner INFO: intensity=0.50 seed=1 ep=2 success=False steps=220
2026-03-04 21:58:56,878 trace.runner.sweep_runner INFO: intensity=0.50 seed=1 ep=3 success=False steps=220
2026-03-04 21:59:06,982 trace.runner.sweep_runner INFO: intensity=0.50 seed=1 ep=4 success=True steps=166
2026-03-04 21:59:19,204 trace.runner.sweep_runner INFO: intensity=0.50 seed=1 ep=5 success=True steps=206
2026-03-04 21:59:31,946 trace.runner.sweep_runner INFO: intensity=0.50 seed=1 ep=6 success=False steps=220
2026-03-04 21:59:44,662 trace.runner.sweep_runner INFO: intensity=0.50 seed=1 ep=7 success=False steps=220
2026-03-04 21:59:57,270 trace.runner.sweep_runner INFO: intensity=0.50 seed=1 ep=8 success=False steps=220
2026-03-04 22:00:10,378 trace.runner.sweep_runner INFO: intensity=0.50 seed=1 ep=9 success=False steps=220
2026-03-04 22:00:23,106 trace.runner.sweep_runner INFO: intensity=0.50 seed=2 ep=0 success=False steps=220
2026-03-04 22:00:36,062 trace.runner.sweep_runner INFO: intensity=0.50 seed=2 ep=1 success=True steps=220
2026-03-04 22:00:42,598 trace.runner.sweep_runner INFO: intensity=0.50 seed=2 ep=2 success=True steps=102
2026-03-04 22:00:55,346 trace.runner.sweep_runner INFO: intensity=0.50 seed=2 ep=3 success=False steps=220
2026-03-04 22:01:04,524 trace.runner.sweep_runner INFO: intensity=0.50 seed=2 ep=4 success=True steps=150
2026-03-04 22:01:11,564 trace.runner.sweep_runner INFO: intensity=0.50 seed=2 ep=5 success=True steps=109
2026-03-04 22:01:24,260 trace.runner.sweep_runner INFO: intensity=0.50 seed=2 ep=6 success=False steps=220
2026-03-04 22:01:37,805 trace.runner.sweep_runner INFO: intensity=0.50 seed=2 ep=7 success=False steps=220
2026-03-04 22:01:46,847 trace.runner.sweep_runner INFO: intensity=0.50 seed=2 ep=8 success=True steps=145
2026-03-04 22:01:56,415 trace.runner.sweep_runner INFO: intensity=0.50 seed=2 ep=9 success=True steps=156
2026-03-04 22:02:09,089 trace.runner.sweep_runner INFO: intensity=0.50 seed=3 ep=0 success=False steps=220
2026-03-04 22:02:21,851 trace.runner.sweep_runner INFO: intensity=0.50 seed=3 ep=1 success=False steps=220
2026-03-04 22:02:31,508 trace.runner.sweep_runner INFO: intensity=0.50 seed=3 ep=2 success=True steps=152
2026-03-04 22:02:40,097 trace.runner.sweep_runner INFO: intensity=0.50 seed=3 ep=3 success=True steps=139
2026-03-04 22:02:45,393 trace.runner.sweep_runner INFO: intensity=0.50 seed=3 ep=4 success=True steps=76
2026-03-04 22:02:55,959 trace.runner.sweep_runner INFO: intensity=0.50 seed=3 ep=5 success=True steps=171
2026-03-04 22:03:06,074 trace.runner.sweep_runner INFO: intensity=0.50 seed=3 ep=6 success=True steps=166
2026-03-04 22:03:18,846 trace.runner.sweep_runner INFO: intensity=0.50 seed=3 ep=7 success=False steps=220
2026-03-04 22:03:25,940 trace.runner.sweep_runner INFO: intensity=0.50 seed=3 ep=8 success=True steps=112
2026-03-04 22:03:38,642 trace.runner.sweep_runner INFO: intensity=0.50 seed=3 ep=9 success=False steps=220
2026-03-04 22:03:44,838 trace.runner.sweep_runner INFO: intensity=0.50 seed=4 ep=0 success=True steps=95
2026-03-04 22:03:57,503 trace.runner.sweep_runner INFO: intensity=0.50 seed=4 ep=1 success=False steps=220
2026-03-04 22:04:10,282 trace.runner.sweep_runner INFO: intensity=0.50 seed=4 ep=2 success=False steps=220
2026-03-04 22:04:23,009 trace.runner.sweep_runner INFO: intensity=0.50 seed=4 ep=3 success=False steps=220
2026-03-04 22:04:35,869 trace.runner.sweep_runner INFO: intensity=0.50 seed=4 ep=4 success=False steps=220
2026-03-04 22:04:41,991 trace.runner.sweep_runner INFO: intensity=0.50 seed=4 ep=5 success=True steps=94
2026-03-04 22:04:54,787 trace.runner.sweep_runner INFO: intensity=0.50 seed=4 ep=6 success=False steps=220
2026-03-04 22:05:04,662 trace.runner.sweep_runner INFO: intensity=0.50 seed=4 ep=7 success=True steps=160
2026-03-04 22:05:16,021 trace.runner.sweep_runner INFO: intensity=0.50 seed=4 ep=8 success=True steps=189
2026-03-04 22:05:23,011 trace.runner.sweep_runner INFO: intensity=0.50 seed=4 ep=9 success=True steps=110
2026-03-04 22:05:35,811 trace.runner.sweep_runner INFO: intensity=0.70 seed=0 ep=0 success=False steps=220
2026-03-04 22:05:48,357 trace.runner.sweep_runner INFO: intensity=0.70 seed=0 ep=1 success=False steps=220
2026-03-04 22:06:00,856 trace.runner.sweep_runner INFO: intensity=0.70 seed=0 ep=2 success=False steps=220
2026-03-04 22:06:13,728 trace.runner.sweep_runner INFO: intensity=0.70 seed=0 ep=3 success=False steps=220
2026-03-04 22:06:26,878 trace.runner.sweep_runner INFO: intensity=0.70 seed=0 ep=4 success=False steps=220
2026-03-04 22:06:39,603 trace.runner.sweep_runner INFO: intensity=0.70 seed=0 ep=5 success=False steps=220
2026-03-04 22:06:52,491 trace.runner.sweep_runner INFO: intensity=0.70 seed=0 ep=6 success=False steps=220
2026-03-04 22:07:05,436 trace.runner.sweep_runner INFO: intensity=0.70 seed=0 ep=7 success=False steps=220
2026-03-04 22:07:18,462 trace.runner.sweep_runner INFO: intensity=0.70 seed=0 ep=8 success=False steps=220
2026-03-04 22:07:31,429 trace.runner.sweep_runner INFO: intensity=0.70 seed=0 ep=9 success=False steps=220
2026-03-04 22:07:44,637 trace.runner.sweep_runner INFO: intensity=0.70 seed=1 ep=0 success=False steps=220
2026-03-04 22:07:57,251 trace.runner.sweep_runner INFO: intensity=0.70 seed=1 ep=1 success=False steps=220
2026-03-04 22:08:09,438 trace.runner.sweep_runner INFO: intensity=0.70 seed=1 ep=2 success=False steps=220
2026-03-04 22:08:22,357 trace.runner.sweep_runner INFO: intensity=0.70 seed=1 ep=3 success=False steps=220
2026-03-04 22:08:35,099 trace.runner.sweep_runner INFO: intensity=0.70 seed=1 ep=4 success=False steps=220
2026-03-04 22:08:47,779 trace.runner.sweep_runner INFO: intensity=0.70 seed=1 ep=5 success=False steps=220
2026-03-04 22:09:00,611 trace.runner.sweep_runner INFO: intensity=0.70 seed=1 ep=6 success=False steps=220
2026-03-04 22:09:13,543 trace.runner.sweep_runner INFO: intensity=0.70 seed=1 ep=7 success=False steps=220
2026-03-04 22:09:26,537 trace.runner.sweep_runner INFO: intensity=0.70 seed=1 ep=8 success=False steps=220
2026-03-04 22:09:39,311 trace.runner.sweep_runner INFO: intensity=0.70 seed=1 ep=9 success=False steps=220
2026-03-04 22:09:52,219 trace.runner.sweep_runner INFO: intensity=0.70 seed=2 ep=0 success=False steps=220
2026-03-04 22:10:04,866 trace.runner.sweep_runner INFO: intensity=0.70 seed=2 ep=1 success=False steps=220
2026-03-04 22:10:17,772 trace.runner.sweep_runner INFO: intensity=0.70 seed=2 ep=2 success=False steps=220
2026-03-04 22:10:30,502 trace.runner.sweep_runner INFO: intensity=0.70 seed=2 ep=3 success=False steps=220
2026-03-04 22:10:43,245 trace.runner.sweep_runner INFO: intensity=0.70 seed=2 ep=4 success=False steps=220
2026-03-04 22:10:56,111 trace.runner.sweep_runner INFO: intensity=0.70 seed=2 ep=5 success=False steps=220
2026-03-04 22:11:08,916 trace.runner.sweep_runner INFO: intensity=0.70 seed=2 ep=6 success=False steps=220
2026-03-04 22:11:21,766 trace.runner.sweep_runner INFO: intensity=0.70 seed=2 ep=7 success=False steps=220
2026-03-04 22:11:34,571 trace.runner.sweep_runner INFO: intensity=0.70 seed=2 ep=8 success=True steps=219
2026-03-04 22:11:47,269 trace.runner.sweep_runner INFO: intensity=0.70 seed=2 ep=9 success=False steps=220
2026-03-04 22:12:00,109 trace.runner.sweep_runner INFO: intensity=0.70 seed=3 ep=0 success=False steps=220
2026-03-04 22:12:13,084 trace.runner.sweep_runner INFO: intensity=0.70 seed=3 ep=1 success=False steps=220
2026-03-04 22:12:25,511 trace.runner.sweep_runner INFO: intensity=0.70 seed=3 ep=2 success=False steps=220
2026-03-04 22:12:38,436 trace.runner.sweep_runner INFO: intensity=0.70 seed=3 ep=3 success=False steps=220
2026-03-04 22:12:51,129 trace.runner.sweep_runner INFO: intensity=0.70 seed=3 ep=4 success=False steps=220
2026-03-04 22:13:03,741 trace.runner.sweep_runner INFO: intensity=0.70 seed=3 ep=5 success=False steps=220
2026-03-04 22:13:16,560 trace.runner.sweep_runner INFO: intensity=0.70 seed=3 ep=6 success=False steps=220
2026-03-04 22:13:29,410 trace.runner.sweep_runner INFO: intensity=0.70 seed=3 ep=7 success=False steps=220
2026-03-04 22:13:38,071 trace.runner.sweep_runner INFO: intensity=0.70 seed=3 ep=8 success=True steps=138
2026-03-04 22:13:51,061 trace.runner.sweep_runner INFO: intensity=0.70 seed=3 ep=9 success=False steps=220
2026-03-04 22:14:03,983 trace.runner.sweep_runner INFO: intensity=0.70 seed=4 ep=0 success=False steps=220
2026-03-04 22:14:16,835 trace.runner.sweep_runner INFO: intensity=0.70 seed=4 ep=1 success=False steps=220
2026-03-04 22:14:29,875 trace.runner.sweep_runner INFO: intensity=0.70 seed=4 ep=2 success=False steps=220
2026-03-04 22:14:42,621 trace.runner.sweep_runner INFO: intensity=0.70 seed=4 ep=3 success=False steps=220
2026-03-04 22:14:55,465 trace.runner.sweep_runner INFO: intensity=0.70 seed=4 ep=4 success=False steps=220
2026-03-04 22:15:08,257 trace.runner.sweep_runner INFO: intensity=0.70 seed=4 ep=5 success=False steps=220
2026-03-04 22:15:21,023 trace.runner.sweep_runner INFO: intensity=0.70 seed=4 ep=6 success=False steps=220
2026-03-04 22:15:33,993 trace.runner.sweep_runner INFO: intensity=0.70 seed=4 ep=7 success=False steps=220
2026-03-04 22:15:46,878 trace.runner.sweep_runner INFO: intensity=0.70 seed=4 ep=8 success=False steps=220
2026-03-04 22:15:59,708 trace.runner.sweep_runner INFO: intensity=0.70 seed=4 ep=9 success=False steps=220
2026-03-04 22:16:12,492 trace.runner.sweep_runner INFO: intensity=1.00 seed=0 ep=0 success=False steps=220
2026-03-04 22:16:25,255 trace.runner.sweep_runner INFO: intensity=1.00 seed=0 ep=1 success=False steps=220
2026-03-04 22:16:37,489 trace.runner.sweep_runner INFO: intensity=1.00 seed=0 ep=2 success=False steps=220
2026-03-04 22:16:50,374 trace.runner.sweep_runner INFO: intensity=1.00 seed=0 ep=3 success=False steps=220
2026-03-04 22:17:03,226 trace.runner.sweep_runner INFO: intensity=1.00 seed=0 ep=4 success=False steps=220
2026-03-04 22:17:15,899 trace.runner.sweep_runner INFO: intensity=1.00 seed=0 ep=5 success=False steps=220
2026-03-04 22:17:28,706 trace.runner.sweep_runner INFO: intensity=1.00 seed=0 ep=6 success=False steps=220
2026-03-04 22:17:41,565 trace.runner.sweep_runner INFO: intensity=1.00 seed=0 ep=7 success=False steps=220
2026-03-04 22:17:54,277 trace.runner.sweep_runner INFO: intensity=1.00 seed=0 ep=8 success=False steps=220
2026-03-04 22:18:07,119 trace.runner.sweep_runner INFO: intensity=1.00 seed=0 ep=9 success=False steps=220
2026-03-04 22:18:19,902 trace.runner.sweep_runner INFO: intensity=1.00 seed=1 ep=0 success=False steps=220
2026-03-04 22:18:32,584 trace.runner.sweep_runner INFO: intensity=1.00 seed=1 ep=1 success=False steps=220
2026-03-04 22:18:44,659 trace.runner.sweep_runner INFO: intensity=1.00 seed=1 ep=2 success=False steps=220
2026-03-04 22:18:57,463 trace.runner.sweep_runner INFO: intensity=1.00 seed=1 ep=3 success=False steps=220
2026-03-04 22:19:10,281 trace.runner.sweep_runner INFO: intensity=1.00 seed=1 ep=4 success=False steps=220
2026-03-04 22:19:22,906 trace.runner.sweep_runner INFO: intensity=1.00 seed=1 ep=5 success=False steps=220
2026-03-04 22:19:35,815 trace.runner.sweep_runner INFO: intensity=1.00 seed=1 ep=6 success=False steps=220
2026-03-04 22:19:48,672 trace.runner.sweep_runner INFO: intensity=1.00 seed=1 ep=7 success=False steps=220
2026-03-04 22:20:01,405 trace.runner.sweep_runner INFO: intensity=1.00 seed=1 ep=8 success=False steps=220
2026-03-04 22:20:14,195 trace.runner.sweep_runner INFO: intensity=1.00 seed=1 ep=9 success=False steps=220
2026-03-04 22:20:26,928 trace.runner.sweep_runner INFO: intensity=1.00 seed=2 ep=0 success=False steps=220
2026-03-04 22:20:39,702 trace.runner.sweep_runner INFO: intensity=1.00 seed=2 ep=1 success=False steps=220
2026-03-04 22:20:51,891 trace.runner.sweep_runner INFO: intensity=1.00 seed=2 ep=2 success=False steps=220
2026-03-04 22:21:04,791 trace.runner.sweep_runner INFO: intensity=1.00 seed=2 ep=3 success=False steps=220
2026-03-04 22:21:17,685 trace.runner.sweep_runner INFO: intensity=1.00 seed=2 ep=4 success=False steps=220
2026-03-04 22:21:30,443 trace.runner.sweep_runner INFO: intensity=1.00 seed=2 ep=5 success=False steps=220
2026-03-04 22:21:43,298 trace.runner.sweep_runner INFO: intensity=1.00 seed=2 ep=6 success=False steps=220
2026-03-04 22:21:56,185 trace.runner.sweep_runner INFO: intensity=1.00 seed=2 ep=7 success=False steps=220
2026-03-04 22:22:08,916 trace.runner.sweep_runner INFO: intensity=1.00 seed=2 ep=8 success=False steps=220
2026-03-04 22:22:21,762 trace.runner.sweep_runner INFO: intensity=1.00 seed=2 ep=9 success=False steps=220
2026-03-04 22:22:34,564 trace.runner.sweep_runner INFO: intensity=1.00 seed=3 ep=0 success=False steps=220
2026-03-04 22:22:47,467 trace.runner.sweep_runner INFO: intensity=1.00 seed=3 ep=1 success=False steps=220
2026-03-04 22:22:59,733 trace.runner.sweep_runner INFO: intensity=1.00 seed=3 ep=2 success=False steps=220
2026-03-04 22:23:12,604 trace.runner.sweep_runner INFO: intensity=1.00 seed=3 ep=3 success=False steps=220
2026-03-04 22:23:25,423 trace.runner.sweep_runner INFO: intensity=1.00 seed=3 ep=4 success=False steps=220
2026-03-04 22:23:38,149 trace.runner.sweep_runner INFO: intensity=1.00 seed=3 ep=5 success=False steps=220
2026-03-04 22:23:50,857 trace.runner.sweep_runner INFO: intensity=1.00 seed=3 ep=6 success=False steps=220
2026-03-04 22:24:03,824 trace.runner.sweep_runner INFO: intensity=1.00 seed=3 ep=7 success=False steps=220
2026-03-04 22:24:16,549 trace.runner.sweep_runner INFO: intensity=1.00 seed=3 ep=8 success=False steps=220
2026-03-04 22:24:29,406 trace.runner.sweep_runner INFO: intensity=1.00 seed=3 ep=9 success=False steps=220
2026-03-04 22:24:42,335 trace.runner.sweep_runner INFO: intensity=1.00 seed=4 ep=0 success=False steps=220
2026-03-04 22:24:55,177 trace.runner.sweep_runner INFO: intensity=1.00 seed=4 ep=1 success=False steps=220
2026-03-04 22:25:07,389 trace.runner.sweep_runner INFO: intensity=1.00 seed=4 ep=2 success=False steps=220
2026-03-04 22:25:20,343 trace.runner.sweep_runner INFO: intensity=1.00 seed=4 ep=3 success=False steps=220
2026-03-04 22:25:33,176 trace.runner.sweep_runner INFO: intensity=1.00 seed=4 ep=4 success=False steps=220
2026-03-04 22:25:45,924 trace.runner.sweep_runner INFO: intensity=1.00 seed=4 ep=5 success=False steps=220
2026-03-04 22:25:58,767 trace.runner.sweep_runner INFO: intensity=1.00 seed=4 ep=6 success=False steps=220
2026-03-04 22:26:11,593 trace.runner.sweep_runner INFO: intensity=1.00 seed=4 ep=7 success=False steps=220
2026-03-04 22:26:24,386 trace.runner.sweep_runner INFO: intensity=1.00 seed=4 ep=8 success=False steps=220
2026-03-04 22:26:37,380 trace.runner.sweep_runner INFO: intensity=1.00 seed=4 ep=9 success=False steps=220
2026-03-04 22:26:37,384 __main__ INFO:   baseline=98%, max_degradation=98%, breakpoint=0.70
2026-03-04 22:26:37,384 __main__ INFO: Running sweep 3/9: PhysicsShiftStressor
2026-03-04 22:26:44,919 trace.runner.sweep_runner INFO: intensity=0.00 seed=0 ep=0 success=True steps=113
2026-03-04 22:26:50,223 trace.runner.sweep_runner INFO: intensity=0.00 seed=0 ep=1 success=True steps=75
2026-03-04 22:26:55,828 trace.runner.sweep_runner INFO: intensity=0.00 seed=0 ep=2 success=True steps=83
2026-03-04 22:27:01,218 trace.runner.sweep_runner INFO: intensity=0.00 seed=0 ep=3 success=True steps=77
2026-03-04 22:27:06,442 trace.runner.sweep_runner INFO: intensity=0.00 seed=0 ep=4 success=True steps=74
2026-03-04 22:27:11,525 trace.runner.sweep_runner INFO: intensity=0.00 seed=0 ep=5 success=True steps=72
2026-03-04 22:27:16,633 trace.runner.sweep_runner INFO: intensity=0.00 seed=0 ep=6 success=True steps=73
2026-03-04 22:27:21,889 trace.runner.sweep_runner INFO: intensity=0.00 seed=0 ep=7 success=True steps=75
2026-03-04 22:27:27,366 trace.runner.sweep_runner INFO: intensity=0.00 seed=0 ep=8 success=True steps=78
2026-03-04 22:27:32,812 trace.runner.sweep_runner INFO: intensity=0.00 seed=0 ep=9 success=True steps=80
2026-03-04 22:27:38,242 trace.runner.sweep_runner INFO: intensity=0.00 seed=1 ep=0 success=True steps=80
2026-03-04 22:27:44,893 trace.runner.sweep_runner INFO: intensity=0.00 seed=1 ep=1 success=True steps=103
2026-03-04 22:27:50,086 trace.runner.sweep_runner INFO: intensity=0.00 seed=1 ep=2 success=True steps=78
2026-03-04 22:27:55,524 trace.runner.sweep_runner INFO: intensity=0.00 seed=1 ep=3 success=True steps=79
2026-03-04 22:28:00,921 trace.runner.sweep_runner INFO: intensity=0.00 seed=1 ep=4 success=True steps=76
2026-03-04 22:28:06,407 trace.runner.sweep_runner INFO: intensity=0.00 seed=1 ep=5 success=True steps=76
2026-03-04 22:28:11,578 trace.runner.sweep_runner INFO: intensity=0.00 seed=1 ep=6 success=True steps=74
2026-03-04 22:28:17,063 trace.runner.sweep_runner INFO: intensity=0.00 seed=1 ep=7 success=True steps=79
2026-03-04 22:28:22,613 trace.runner.sweep_runner INFO: intensity=0.00 seed=1 ep=8 success=True steps=80
2026-03-04 22:28:28,030 trace.runner.sweep_runner INFO: intensity=0.00 seed=1 ep=9 success=True steps=77
2026-03-04 22:28:33,576 trace.runner.sweep_runner INFO: intensity=0.00 seed=2 ep=0 success=True steps=79
2026-03-04 22:28:42,206 trace.runner.sweep_runner INFO: intensity=0.00 seed=2 ep=1 success=True steps=140
2026-03-04 22:28:49,096 trace.runner.sweep_runner INFO: intensity=0.00 seed=2 ep=2 success=True steps=107
2026-03-04 22:28:54,470 trace.runner.sweep_runner INFO: intensity=0.00 seed=2 ep=3 success=True steps=77
2026-03-04 22:28:59,505 trace.runner.sweep_runner INFO: intensity=0.00 seed=2 ep=4 success=True steps=71
2026-03-04 22:29:04,711 trace.runner.sweep_runner INFO: intensity=0.00 seed=2 ep=5 success=True steps=75
2026-03-04 22:29:09,743 trace.runner.sweep_runner INFO: intensity=0.00 seed=2 ep=6 success=True steps=71
2026-03-04 22:29:15,376 trace.runner.sweep_runner INFO: intensity=0.00 seed=2 ep=7 success=True steps=80
2026-03-04 22:29:21,038 trace.runner.sweep_runner INFO: intensity=0.00 seed=2 ep=8 success=True steps=82
2026-03-04 22:29:26,207 trace.runner.sweep_runner INFO: intensity=0.00 seed=2 ep=9 success=True steps=74
2026-03-04 22:29:34,660 trace.runner.sweep_runner INFO: intensity=0.00 seed=3 ep=0 success=True steps=134
2026-03-04 22:29:41,785 trace.runner.sweep_runner INFO: intensity=0.00 seed=3 ep=1 success=True steps=110
2026-03-04 22:29:47,459 trace.runner.sweep_runner INFO: intensity=0.00 seed=3 ep=2 success=True steps=85
2026-03-04 22:29:52,875 trace.runner.sweep_runner INFO: intensity=0.00 seed=3 ep=3 success=True steps=77
2026-03-04 22:29:58,028 trace.runner.sweep_runner INFO: intensity=0.00 seed=3 ep=4 success=True steps=73
2026-03-04 22:30:02,942 trace.runner.sweep_runner INFO: intensity=0.00 seed=3 ep=5 success=True steps=70
2026-03-04 22:30:08,149 trace.runner.sweep_runner INFO: intensity=0.00 seed=3 ep=6 success=True steps=72
2026-03-04 22:30:13,990 trace.runner.sweep_runner INFO: intensity=0.00 seed=3 ep=7 success=True steps=84
2026-03-04 22:30:19,611 trace.runner.sweep_runner INFO: intensity=0.00 seed=3 ep=8 success=True steps=80
2026-03-04 22:30:24,839 trace.runner.sweep_runner INFO: intensity=0.00 seed=3 ep=9 success=True steps=73
2026-03-04 22:30:30,317 trace.runner.sweep_runner INFO: intensity=0.00 seed=4 ep=0 success=True steps=79
2026-03-04 22:30:36,987 trace.runner.sweep_runner INFO: intensity=0.00 seed=4 ep=1 success=True steps=103
2026-03-04 22:30:43,991 trace.runner.sweep_runner INFO: intensity=0.00 seed=4 ep=2 success=True steps=108
2026-03-04 22:30:49,279 trace.runner.sweep_runner INFO: intensity=0.00 seed=4 ep=3 success=True steps=75
2026-03-04 22:30:54,431 trace.runner.sweep_runner INFO: intensity=0.00 seed=4 ep=4 success=True steps=73
2026-03-04 22:30:59,873 trace.runner.sweep_runner INFO: intensity=0.00 seed=4 ep=5 success=True steps=79
2026-03-04 22:31:05,359 trace.runner.sweep_runner INFO: intensity=0.00 seed=4 ep=6 success=True steps=77
2026-03-04 22:31:11,133 trace.runner.sweep_runner INFO: intensity=0.00 seed=4 ep=7 success=True steps=83
2026-03-04 22:31:16,977 trace.runner.sweep_runner INFO: intensity=0.00 seed=4 ep=8 success=True steps=83
2026-03-04 22:31:22,188 trace.runner.sweep_runner INFO: intensity=0.00 seed=4 ep=9 success=True steps=72
2026-03-04 22:31:27,457 trace.runner.sweep_runner INFO: intensity=0.10 seed=0 ep=0 success=True steps=75
2026-03-04 22:31:34,405 trace.runner.sweep_runner INFO: intensity=0.10 seed=0 ep=1 success=True steps=107
2026-03-04 22:31:39,850 trace.runner.sweep_runner INFO: intensity=0.10 seed=0 ep=2 success=True steps=80
2026-03-04 22:31:45,057 trace.runner.sweep_runner INFO: intensity=0.10 seed=0 ep=3 success=True steps=73
2026-03-04 22:31:50,248 trace.runner.sweep_runner INFO: intensity=0.10 seed=0 ep=4 success=True steps=73
2026-03-04 22:31:55,684 trace.runner.sweep_runner INFO: intensity=0.10 seed=0 ep=5 success=True steps=76
2026-03-04 22:32:00,670 trace.runner.sweep_runner INFO: intensity=0.10 seed=0 ep=6 success=True steps=67
2026-03-04 22:32:06,185 trace.runner.sweep_runner INFO: intensity=0.10 seed=0 ep=7 success=True steps=78
2026-03-04 22:32:13,768 trace.runner.sweep_runner INFO: intensity=0.10 seed=0 ep=8 success=True steps=117
2026-03-04 22:32:20,833 trace.runner.sweep_runner INFO: intensity=0.10 seed=0 ep=9 success=True steps=108
2026-03-04 22:32:26,458 trace.runner.sweep_runner INFO: intensity=0.10 seed=1 ep=0 success=True steps=81
2026-03-04 22:32:33,345 trace.runner.sweep_runner INFO: intensity=0.10 seed=1 ep=1 success=True steps=107
2026-03-04 22:32:38,583 trace.runner.sweep_runner INFO: intensity=0.10 seed=1 ep=2 success=True steps=77
2026-03-04 22:32:43,914 trace.runner.sweep_runner INFO: intensity=0.10 seed=1 ep=3 success=True steps=75
2026-03-04 22:32:49,393 trace.runner.sweep_runner INFO: intensity=0.10 seed=1 ep=4 success=True steps=77
2026-03-04 22:32:55,166 trace.runner.sweep_runner INFO: intensity=0.10 seed=1 ep=5 success=True steps=82
2026-03-04 22:33:00,320 trace.runner.sweep_runner INFO: intensity=0.10 seed=1 ep=6 success=True steps=73
2026-03-04 22:33:06,059 trace.runner.sweep_runner INFO: intensity=0.10 seed=1 ep=7 success=True steps=81
2026-03-04 22:33:11,846 trace.runner.sweep_runner INFO: intensity=0.10 seed=1 ep=8 success=True steps=82
2026-03-04 22:33:17,019 trace.runner.sweep_runner INFO: intensity=0.10 seed=1 ep=9 success=True steps=74
2026-03-04 22:33:22,481 trace.runner.sweep_runner INFO: intensity=0.10 seed=2 ep=0 success=True steps=77
2026-03-04 22:33:29,655 trace.runner.sweep_runner INFO: intensity=0.10 seed=2 ep=1 success=True steps=111
2026-03-04 22:33:36,511 trace.runner.sweep_runner INFO: intensity=0.10 seed=2 ep=2 success=True steps=107
2026-03-04 22:33:41,994 trace.runner.sweep_runner INFO: intensity=0.10 seed=2 ep=3 success=True steps=79
2026-03-04 22:33:46,922 trace.runner.sweep_runner INFO: intensity=0.10 seed=2 ep=4 success=True steps=69
2026-03-04 22:33:53,970 trace.runner.sweep_runner INFO: intensity=0.10 seed=2 ep=5 success=True steps=107
2026-03-04 22:33:58,931 trace.runner.sweep_runner INFO: intensity=0.10 seed=2 ep=6 success=True steps=70
2026-03-04 22:34:04,549 trace.runner.sweep_runner INFO: intensity=0.10 seed=2 ep=7 success=True steps=80
2026-03-04 22:34:10,321 trace.runner.sweep_runner INFO: intensity=0.10 seed=2 ep=8 success=True steps=84
2026-03-04 22:34:15,736 trace.runner.sweep_runner INFO: intensity=0.10 seed=2 ep=9 success=True steps=76
2026-03-04 22:34:21,086 trace.runner.sweep_runner INFO: intensity=0.10 seed=3 ep=0 success=True steps=78
2026-03-04 22:34:27,982 trace.runner.sweep_runner INFO: intensity=0.10 seed=3 ep=1 success=True steps=108
2026-03-04 22:34:33,604 trace.runner.sweep_runner INFO: intensity=0.10 seed=3 ep=2 success=True steps=84
2026-03-04 22:34:39,171 trace.runner.sweep_runner INFO: intensity=0.10 seed=3 ep=3 success=True steps=80
2026-03-04 22:34:44,700 trace.runner.sweep_runner INFO: intensity=0.10 seed=3 ep=4 success=True steps=76
2026-03-04 22:34:49,601 trace.runner.sweep_runner INFO: intensity=0.10 seed=3 ep=5 success=True steps=69
2026-03-04 22:34:54,638 trace.runner.sweep_runner INFO: intensity=0.10 seed=3 ep=6 success=True steps=70
2026-03-04 22:35:00,469 trace.runner.sweep_runner INFO: intensity=0.10 seed=3 ep=7 success=True steps=83
2026-03-04 22:35:06,030 trace.runner.sweep_runner INFO: intensity=0.10 seed=3 ep=8 success=True steps=79
2026-03-04 22:35:11,331 trace.runner.sweep_runner INFO: intensity=0.10 seed=3 ep=9 success=True steps=72
2026-03-04 22:35:17,027 trace.runner.sweep_runner INFO: intensity=0.10 seed=4 ep=0 success=True steps=79
2026-03-04 22:35:24,057 trace.runner.sweep_runner INFO: intensity=0.10 seed=4 ep=1 success=True steps=107
2026-03-04 22:35:29,166 trace.runner.sweep_runner INFO: intensity=0.10 seed=4 ep=2 success=True steps=75
2026-03-04 22:35:34,472 trace.runner.sweep_runner INFO: intensity=0.10 seed=4 ep=3 success=True steps=75
2026-03-04 22:35:39,854 trace.runner.sweep_runner INFO: intensity=0.10 seed=4 ep=4 success=True steps=77
2026-03-04 22:35:45,300 trace.runner.sweep_runner INFO: intensity=0.10 seed=4 ep=5 success=True steps=79
2026-03-04 22:35:50,386 trace.runner.sweep_runner INFO: intensity=0.10 seed=4 ep=6 success=True steps=70
2026-03-04 22:35:55,860 trace.runner.sweep_runner INFO: intensity=0.10 seed=4 ep=7 success=True steps=77
2026-03-04 22:36:01,297 trace.runner.sweep_runner INFO: intensity=0.10 seed=4 ep=8 success=True steps=80
2026-03-04 22:36:06,478 trace.runner.sweep_runner INFO: intensity=0.10 seed=4 ep=9 success=True steps=74
2026-03-04 22:36:11,878 trace.runner.sweep_runner INFO: intensity=0.20 seed=0 ep=0 success=True steps=77
2026-03-04 22:36:17,058 trace.runner.sweep_runner INFO: intensity=0.20 seed=0 ep=1 success=True steps=75
2026-03-04 22:36:22,530 trace.runner.sweep_runner INFO: intensity=0.20 seed=0 ep=2 success=True steps=79
2026-03-04 22:36:27,936 trace.runner.sweep_runner INFO: intensity=0.20 seed=0 ep=3 success=True steps=77
2026-03-04 22:36:33,300 trace.runner.sweep_runner INFO: intensity=0.20 seed=0 ep=4 success=True steps=77
2026-03-04 22:36:38,362 trace.runner.sweep_runner INFO: intensity=0.20 seed=0 ep=5 success=True steps=72
2026-03-04 22:36:43,592 trace.runner.sweep_runner INFO: intensity=0.20 seed=0 ep=6 success=True steps=72
2026-03-04 22:36:49,435 trace.runner.sweep_runner INFO: intensity=0.20 seed=0 ep=7 success=True steps=84
2026-03-04 22:36:54,697 trace.runner.sweep_runner INFO: intensity=0.20 seed=0 ep=8 success=True steps=74
2026-03-04 22:37:01,976 trace.runner.sweep_runner INFO: intensity=0.20 seed=0 ep=9 success=True steps=111
2026-03-04 22:37:07,460 trace.runner.sweep_runner INFO: intensity=0.20 seed=1 ep=0 success=True steps=78
2026-03-04 22:37:12,667 trace.runner.sweep_runner INFO: intensity=0.20 seed=1 ep=1 success=True steps=75
2026-03-04 22:37:17,616 trace.runner.sweep_runner INFO: intensity=0.20 seed=1 ep=2 success=True steps=72
2026-03-04 22:37:22,826 trace.runner.sweep_runner INFO: intensity=0.20 seed=1 ep=3 success=True steps=75
2026-03-04 22:37:28,070 trace.runner.sweep_runner INFO: intensity=0.20 seed=1 ep=4 success=True steps=74
2026-03-04 22:37:33,456 trace.runner.sweep_runner INFO: intensity=0.20 seed=1 ep=5 success=True steps=76
2026-03-04 22:37:38,837 trace.runner.sweep_runner INFO: intensity=0.20 seed=1 ep=6 success=True steps=78
2026-03-04 22:37:44,385 trace.runner.sweep_runner INFO: intensity=0.20 seed=1 ep=7 success=True steps=78
2026-03-04 22:37:49,882 trace.runner.sweep_runner INFO: intensity=0.20 seed=1 ep=8 success=True steps=78
2026-03-04 22:37:55,373 trace.runner.sweep_runner INFO: intensity=0.20 seed=1 ep=9 success=True steps=80
2026-03-04 22:38:00,826 trace.runner.sweep_runner INFO: intensity=0.20 seed=2 ep=0 success=True steps=77
2026-03-04 22:38:11,018 trace.runner.sweep_runner INFO: intensity=0.20 seed=2 ep=1 success=True steps=168
2026-03-04 22:38:16,699 trace.runner.sweep_runner INFO: intensity=0.20 seed=2 ep=2 success=True steps=82
2026-03-04 22:38:22,121 trace.runner.sweep_runner INFO: intensity=0.20 seed=2 ep=3 success=True steps=78
2026-03-04 22:38:27,420 trace.runner.sweep_runner INFO: intensity=0.20 seed=2 ep=4 success=True steps=75
2026-03-04 22:38:32,499 trace.runner.sweep_runner INFO: intensity=0.20 seed=2 ep=5 success=True steps=71
2026-03-04 22:38:37,640 trace.runner.sweep_runner INFO: intensity=0.20 seed=2 ep=6 success=True steps=71
2026-03-04 22:38:43,456 trace.runner.sweep_runner INFO: intensity=0.20 seed=2 ep=7 success=True steps=81
2026-03-04 22:38:49,247 trace.runner.sweep_runner INFO: intensity=0.20 seed=2 ep=8 success=True steps=81
2026-03-04 22:38:54,728 trace.runner.sweep_runner INFO: intensity=0.20 seed=2 ep=9 success=True steps=76
2026-03-04 22:39:01,824 trace.runner.sweep_runner INFO: intensity=0.20 seed=3 ep=0 success=True steps=109
2026-03-04 22:39:07,525 trace.runner.sweep_runner INFO: intensity=0.20 seed=3 ep=1 success=True steps=80
2026-03-04 22:39:13,039 trace.runner.sweep_runner INFO: intensity=0.20 seed=3 ep=2 success=True steps=84
2026-03-04 22:39:18,522 trace.runner.sweep_runner INFO: intensity=0.20 seed=3 ep=3 success=True steps=77
2026-03-04 22:39:23,693 trace.runner.sweep_runner INFO: intensity=0.20 seed=3 ep=4 success=True steps=74
2026-03-04 22:39:28,519 trace.runner.sweep_runner INFO: intensity=0.20 seed=3 ep=5 success=True steps=68
2026-03-04 22:39:33,713 trace.runner.sweep_runner INFO: intensity=0.20 seed=3 ep=6 success=True steps=73
2026-03-04 22:39:39,543 trace.runner.sweep_runner INFO: intensity=0.20 seed=3 ep=7 success=True steps=82
2026-03-04 22:39:44,785 trace.runner.sweep_runner INFO: intensity=0.20 seed=3 ep=8 success=True steps=75
2026-03-04 22:39:49,870 trace.runner.sweep_runner INFO: intensity=0.20 seed=3 ep=9 success=True steps=72
2026-03-04 22:39:55,324 trace.runner.sweep_runner INFO: intensity=0.20 seed=4 ep=0 success=True steps=76
2026-03-04 22:40:02,105 trace.runner.sweep_runner INFO: intensity=0.20 seed=4 ep=1 success=True steps=104
2026-03-04 22:40:09,022 trace.runner.sweep_runner INFO: intensity=0.20 seed=4 ep=2 success=True steps=106
2026-03-04 22:40:14,252 trace.runner.sweep_runner INFO: intensity=0.20 seed=4 ep=3 success=True steps=74
2026-03-04 22:40:19,430 trace.runner.sweep_runner INFO: intensity=0.20 seed=4 ep=4 success=True steps=73
2026-03-04 22:40:24,881 trace.runner.sweep_runner INFO: intensity=0.20 seed=4 ep=5 success=True steps=79
2026-03-04 22:40:33,523 trace.runner.sweep_runner INFO: intensity=0.20 seed=4 ep=6 success=True steps=132
2026-03-04 22:40:39,079 trace.runner.sweep_runner INFO: intensity=0.20 seed=4 ep=7 success=True steps=77
2026-03-04 22:40:44,869 trace.runner.sweep_runner INFO: intensity=0.20 seed=4 ep=8 success=True steps=83
2026-03-04 22:40:50,250 trace.runner.sweep_runner INFO: intensity=0.20 seed=4 ep=9 success=True steps=75
2026-03-04 22:40:55,650 trace.runner.sweep_runner INFO: intensity=0.30 seed=0 ep=0 success=True steps=76
2026-03-04 22:41:02,400 trace.runner.sweep_runner INFO: intensity=0.30 seed=0 ep=1 success=True steps=102
2026-03-04 22:41:08,178 trace.runner.sweep_runner INFO: intensity=0.30 seed=0 ep=2 success=True steps=83
2026-03-04 22:41:13,537 trace.runner.sweep_runner INFO: intensity=0.30 seed=0 ep=3 success=True steps=76
2026-03-04 22:41:20,549 trace.runner.sweep_runner INFO: intensity=0.30 seed=0 ep=4 success=True steps=107
2026-03-04 22:41:25,788 trace.runner.sweep_runner INFO: intensity=0.30 seed=0 ep=5 success=True steps=75
2026-03-04 22:41:30,739 trace.runner.sweep_runner INFO: intensity=0.30 seed=0 ep=6 success=True steps=67
2026-03-04 22:41:36,675 trace.runner.sweep_runner INFO: intensity=0.30 seed=0 ep=7 success=True steps=85
2026-03-04 22:41:42,197 trace.runner.sweep_runner INFO: intensity=0.30 seed=0 ep=8 success=True steps=78
2026-03-04 22:41:49,164 trace.runner.sweep_runner INFO: intensity=0.30 seed=0 ep=9 success=True steps=106
2026-03-04 22:41:54,528 trace.runner.sweep_runner INFO: intensity=0.30 seed=1 ep=0 success=True steps=77
2026-03-04 22:41:59,741 trace.runner.sweep_runner INFO: intensity=0.30 seed=1 ep=1 success=True steps=75
2026-03-04 22:42:04,866 trace.runner.sweep_runner INFO: intensity=0.30 seed=1 ep=2 success=True steps=75
2026-03-04 22:42:10,225 trace.runner.sweep_runner INFO: intensity=0.30 seed=1 ep=3 success=True steps=76
2026-03-04 22:42:15,372 trace.runner.sweep_runner INFO: intensity=0.30 seed=1 ep=4 success=True steps=73
2026-03-04 22:42:20,748 trace.runner.sweep_runner INFO: intensity=0.30 seed=1 ep=5 success=True steps=76
2026-03-04 22:42:25,949 trace.runner.sweep_runner INFO: intensity=0.30 seed=1 ep=6 success=True steps=75
2026-03-04 22:42:31,927 trace.runner.sweep_runner INFO: intensity=0.30 seed=1 ep=7 success=True steps=87
2026-03-04 22:42:37,661 trace.runner.sweep_runner INFO: intensity=0.30 seed=1 ep=8 success=True steps=82
2026-03-04 22:42:42,978 trace.runner.sweep_runner INFO: intensity=0.30 seed=1 ep=9 success=True steps=76
2026-03-04 22:42:48,398 trace.runner.sweep_runner INFO: intensity=0.30 seed=2 ep=0 success=True steps=79
2026-03-04 22:42:53,703 trace.runner.sweep_runner INFO: intensity=0.30 seed=2 ep=1 success=True steps=76
2026-03-04 22:42:58,856 trace.runner.sweep_runner INFO: intensity=0.30 seed=2 ep=2 success=True steps=75
2026-03-04 22:43:04,281 trace.runner.sweep_runner INFO: intensity=0.30 seed=2 ep=3 success=True steps=76
2026-03-04 22:43:09,251 trace.runner.sweep_runner INFO: intensity=0.30 seed=2 ep=4 success=True steps=70
2026-03-04 22:43:14,485 trace.runner.sweep_runner INFO: intensity=0.30 seed=2 ep=5 success=True steps=74
2026-03-04 22:43:19,648 trace.runner.sweep_runner INFO: intensity=0.30 seed=2 ep=6 success=True steps=72
2026-03-04 22:43:25,496 trace.runner.sweep_runner INFO: intensity=0.30 seed=2 ep=7 success=True steps=82
2026-03-04 22:43:31,133 trace.runner.sweep_runner INFO: intensity=0.30 seed=2 ep=8 success=True steps=81
2026-03-04 22:43:36,281 trace.runner.sweep_runner INFO: intensity=0.30 seed=2 ep=9 success=True steps=71
2026-03-04 22:43:43,233 trace.runner.sweep_runner INFO: intensity=0.30 seed=3 ep=0 success=True steps=107
2026-03-04 22:43:51,954 trace.runner.sweep_runner INFO: intensity=0.30 seed=3 ep=1 success=True steps=140
2026-03-04 22:43:57,727 trace.runner.sweep_runner INFO: intensity=0.30 seed=3 ep=2 success=True steps=84
2026-03-04 22:44:04,912 trace.runner.sweep_runner INFO: intensity=0.30 seed=3 ep=3 success=True steps=109
2026-03-04 22:44:10,104 trace.runner.sweep_runner INFO: intensity=0.30 seed=3 ep=4 success=True steps=73
2026-03-04 22:44:15,704 trace.runner.sweep_runner INFO: intensity=0.30 seed=3 ep=5 success=True steps=81
2026-03-04 22:44:20,985 trace.runner.sweep_runner INFO: intensity=0.30 seed=3 ep=6 success=True steps=75
2026-03-04 22:44:26,723 trace.runner.sweep_runner INFO: intensity=0.30 seed=3 ep=7 success=True steps=81
2026-03-04 22:44:32,136 trace.runner.sweep_runner INFO: intensity=0.30 seed=3 ep=8 success=True steps=77
2026-03-04 22:44:37,450 trace.runner.sweep_runner INFO: intensity=0.30 seed=3 ep=9 success=True steps=74
2026-03-04 22:44:42,879 trace.runner.sweep_runner INFO: intensity=0.30 seed=4 ep=0 success=True steps=78
2026-03-04 22:44:49,905 trace.runner.sweep_runner INFO: intensity=0.30 seed=4 ep=1 success=True steps=107
2026-03-04 22:44:56,965 trace.runner.sweep_runner INFO: intensity=0.30 seed=4 ep=2 success=True steps=109
2026-03-04 22:45:02,417 trace.runner.sweep_runner INFO: intensity=0.30 seed=4 ep=3 success=True steps=76
2026-03-04 22:45:07,576 trace.runner.sweep_runner INFO: intensity=0.30 seed=4 ep=4 success=True steps=73
2026-03-04 22:45:12,991 trace.runner.sweep_runner INFO: intensity=0.30 seed=4 ep=5 success=True steps=77
2026-03-04 22:45:18,079 trace.runner.sweep_runner INFO: intensity=0.30 seed=4 ep=6 success=True steps=68
2026-03-04 22:45:23,453 trace.runner.sweep_runner INFO: intensity=0.30 seed=4 ep=7 success=True steps=74
2026-03-04 22:45:28,820 trace.runner.sweep_runner INFO: intensity=0.30 seed=4 ep=8 success=True steps=76
2026-03-04 22:45:34,048 trace.runner.sweep_runner INFO: intensity=0.30 seed=4 ep=9 success=True steps=72
2026-03-04 22:45:38,990 trace.runner.sweep_runner INFO: intensity=0.50 seed=0 ep=0 success=True steps=68
2026-03-04 22:45:44,431 trace.runner.sweep_runner INFO: intensity=0.50 seed=0 ep=1 success=True steps=76
2026-03-04 22:45:50,074 trace.runner.sweep_runner INFO: intensity=0.50 seed=0 ep=2 success=True steps=83
2026-03-04 22:45:55,661 trace.runner.sweep_runner INFO: intensity=0.50 seed=0 ep=3 success=True steps=79
2026-03-04 22:46:02,722 trace.runner.sweep_runner INFO: intensity=0.50 seed=0 ep=4 success=True steps=106
2026-03-04 22:46:08,233 trace.runner.sweep_runner INFO: intensity=0.50 seed=0 ep=5 success=True steps=77
2026-03-04 22:46:13,436 trace.runner.sweep_runner INFO: intensity=0.50 seed=0 ep=6 success=True steps=72
2026-03-04 22:46:19,265 trace.runner.sweep_runner INFO: intensity=0.50 seed=0 ep=7 success=True steps=81
2026-03-04 22:46:24,728 trace.runner.sweep_runner INFO: intensity=0.50 seed=0 ep=8 success=True steps=80
2026-03-04 22:46:32,024 trace.runner.sweep_runner INFO: intensity=0.50 seed=0 ep=9 success=True steps=111
2026-03-04 22:46:37,302 trace.runner.sweep_runner INFO: intensity=0.50 seed=1 ep=0 success=True steps=75
2026-03-04 22:46:44,332 trace.runner.sweep_runner INFO: intensity=0.50 seed=1 ep=1 success=True steps=107
2026-03-04 22:46:49,334 trace.runner.sweep_runner INFO: intensity=0.50 seed=1 ep=2 success=True steps=73
2026-03-04 22:46:54,555 trace.runner.sweep_runner INFO: intensity=0.50 seed=1 ep=3 success=True steps=75
2026-03-04 22:46:59,774 trace.runner.sweep_runner INFO: intensity=0.50 seed=1 ep=4 success=True steps=75
2026-03-04 22:47:05,213 trace.runner.sweep_runner INFO: intensity=0.50 seed=1 ep=5 success=True steps=77
2026-03-04 22:47:10,665 trace.runner.sweep_runner INFO: intensity=0.50 seed=1 ep=6 success=True steps=78
2026-03-04 22:47:16,197 trace.runner.sweep_runner INFO: intensity=0.50 seed=1 ep=7 success=True steps=78
2026-03-04 22:47:21,985 trace.runner.sweep_runner INFO: intensity=0.50 seed=1 ep=8 success=True steps=82
2026-03-04 22:47:27,437 trace.runner.sweep_runner INFO: intensity=0.50 seed=1 ep=9 success=True steps=77
2026-03-04 22:47:32,850 trace.runner.sweep_runner INFO: intensity=0.50 seed=2 ep=0 success=True steps=77
2026-03-04 22:47:39,738 trace.runner.sweep_runner INFO: intensity=0.50 seed=2 ep=1 success=True steps=106
2026-03-04 22:47:44,920 trace.runner.sweep_runner INFO: intensity=0.50 seed=2 ep=2 success=True steps=74
2026-03-04 22:47:50,347 trace.runner.sweep_runner INFO: intensity=0.50 seed=2 ep=3 success=True steps=75
2026-03-04 22:47:55,620 trace.runner.sweep_runner INFO: intensity=0.50 seed=2 ep=4 success=True steps=73
2026-03-04 22:48:00,582 trace.runner.sweep_runner INFO: intensity=0.50 seed=2 ep=5 success=True steps=70
2026-03-04 22:48:05,690 trace.runner.sweep_runner INFO: intensity=0.50 seed=2 ep=6 success=True steps=71
2026-03-04 22:48:11,466 trace.runner.sweep_runner INFO: intensity=0.50 seed=2 ep=7 success=True steps=83
2026-03-04 22:48:17,321 trace.runner.sweep_runner INFO: intensity=0.50 seed=2 ep=8 success=True steps=84
2026-03-04 22:48:22,264 trace.runner.sweep_runner INFO: intensity=0.50 seed=2 ep=9 success=True steps=70
2026-03-04 22:48:35,352 trace.runner.sweep_runner INFO: intensity=0.50 seed=3 ep=0 success=False steps=220
2026-03-04 22:48:43,077 trace.runner.sweep_runner INFO: intensity=0.50 seed=3 ep=1 success=True steps=119
2026-03-04 22:48:49,144 trace.runner.sweep_runner INFO: intensity=0.50 seed=3 ep=2 success=True steps=88
2026-03-04 22:48:54,935 trace.runner.sweep_runner INFO: intensity=0.50 seed=3 ep=3 success=True steps=81
2026-03-04 22:49:00,217 trace.runner.sweep_runner INFO: intensity=0.50 seed=3 ep=4 success=True steps=75
2026-03-04 22:49:06,737 trace.runner.sweep_runner INFO: intensity=0.50 seed=3 ep=5 success=True steps=99
2026-03-04 22:49:11,945 trace.runner.sweep_runner INFO: intensity=0.50 seed=3 ep=6 success=True steps=72
2026-03-04 22:49:17,963 trace.runner.sweep_runner INFO: intensity=0.50 seed=3 ep=7 success=True steps=84
2026-03-04 22:49:23,857 trace.runner.sweep_runner INFO: intensity=0.50 seed=3 ep=8 success=True steps=82
2026-03-04 22:49:29,150 trace.runner.sweep_runner INFO: intensity=0.50 seed=3 ep=9 success=True steps=73
2026-03-04 22:49:34,649 trace.runner.sweep_runner INFO: intensity=0.50 seed=4 ep=0 success=True steps=77
2026-03-04 22:49:39,779 trace.runner.sweep_runner INFO: intensity=0.50 seed=4 ep=1 success=True steps=71
2026-03-04 22:49:45,509 trace.runner.sweep_runner INFO: intensity=0.50 seed=4 ep=2 success=True steps=78
2026-03-04 22:49:50,824 trace.runner.sweep_runner INFO: intensity=0.50 seed=4 ep=3 success=True steps=74
2026-03-04 22:49:56,387 trace.runner.sweep_runner INFO: intensity=0.50 seed=4 ep=4 success=True steps=78
2026-03-04 22:50:01,899 trace.runner.sweep_runner INFO: intensity=0.50 seed=4 ep=5 success=True steps=77
2026-03-04 22:50:07,799 trace.runner.sweep_runner INFO: intensity=0.50 seed=4 ep=6 success=True steps=81
2026-03-04 22:50:13,413 trace.runner.sweep_runner INFO: intensity=0.50 seed=4 ep=7 success=True steps=79
2026-03-04 22:50:19,127 trace.runner.sweep_runner INFO: intensity=0.50 seed=4 ep=8 success=True steps=82
2026-03-04 22:50:24,271 trace.runner.sweep_runner INFO: intensity=0.50 seed=4 ep=9 success=True steps=72
2026-03-04 22:50:29,163 trace.runner.sweep_runner INFO: intensity=0.70 seed=0 ep=0 success=True steps=68
2026-03-04 22:50:35,983 trace.runner.sweep_runner INFO: intensity=0.70 seed=0 ep=1 success=True steps=105
2026-03-04 22:50:41,706 trace.runner.sweep_runner INFO: intensity=0.70 seed=0 ep=2 success=True steps=85
2026-03-04 22:50:46,924 trace.runner.sweep_runner INFO: intensity=0.70 seed=0 ep=3 success=True steps=74
2026-03-04 22:50:53,868 trace.runner.sweep_runner INFO: intensity=0.70 seed=0 ep=4 success=True steps=105
2026-03-04 22:50:59,583 trace.runner.sweep_runner INFO: intensity=0.70 seed=0 ep=5 success=True steps=80
2026-03-04 22:51:04,373 trace.runner.sweep_runner INFO: intensity=0.70 seed=0 ep=6 success=True steps=65
2026-03-04 22:51:09,514 trace.runner.sweep_runner INFO: intensity=0.70 seed=0 ep=7 success=True steps=71
2026-03-04 22:51:14,971 trace.runner.sweep_runner INFO: intensity=0.70 seed=0 ep=8 success=True steps=79
2026-03-04 22:51:21,792 trace.runner.sweep_runner INFO: intensity=0.70 seed=0 ep=9 success=True steps=103
2026-03-04 22:51:27,312 trace.runner.sweep_runner INFO: intensity=0.70 seed=1 ep=0 success=True steps=79
2026-03-04 22:51:34,170 trace.runner.sweep_runner INFO: intensity=0.70 seed=1 ep=1 success=True steps=105
2026-03-04 22:51:39,387 trace.runner.sweep_runner INFO: intensity=0.70 seed=1 ep=2 success=True steps=74
2026-03-04 22:51:44,915 trace.runner.sweep_runner INFO: intensity=0.70 seed=1 ep=3 success=True steps=79
2026-03-04 22:51:50,457 trace.runner.sweep_runner INFO: intensity=0.70 seed=1 ep=4 success=True steps=76
2026-03-04 22:51:55,833 trace.runner.sweep_runner INFO: intensity=0.70 seed=1 ep=5 success=True steps=76
2026-03-04 22:52:01,238 trace.runner.sweep_runner INFO: intensity=0.70 seed=1 ep=6 success=True steps=76
2026-03-04 22:52:06,956 trace.runner.sweep_runner INFO: intensity=0.70 seed=1 ep=7 success=True steps=84
2026-03-04 22:52:12,718 trace.runner.sweep_runner INFO: intensity=0.70 seed=1 ep=8 success=True steps=82
2026-03-04 22:52:18,220 trace.runner.sweep_runner INFO: intensity=0.70 seed=1 ep=9 success=True steps=79
2026-03-04 22:52:23,739 trace.runner.sweep_runner INFO: intensity=0.70 seed=2 ep=0 success=True steps=79
2026-03-04 22:52:29,446 trace.runner.sweep_runner INFO: intensity=0.70 seed=2 ep=1 success=True steps=83
2026-03-04 22:52:35,085 trace.runner.sweep_runner INFO: intensity=0.70 seed=2 ep=2 success=True steps=78
2026-03-04 22:52:40,542 trace.runner.sweep_runner INFO: intensity=0.70 seed=2 ep=3 success=True steps=77
2026-03-04 22:52:45,807 trace.runner.sweep_runner INFO: intensity=0.70 seed=2 ep=4 success=True steps=74
2026-03-04 22:52:51,186 trace.runner.sweep_runner INFO: intensity=0.70 seed=2 ep=5 success=True steps=76
2026-03-04 22:52:56,166 trace.runner.sweep_runner INFO: intensity=0.70 seed=2 ep=6 success=True steps=70
2026-03-04 22:53:02,192 trace.runner.sweep_runner INFO: intensity=0.70 seed=2 ep=7 success=True steps=83
2026-03-04 22:53:08,142 trace.runner.sweep_runner INFO: intensity=0.70 seed=2 ep=8 success=True steps=82
2026-03-04 22:53:13,585 trace.runner.sweep_runner INFO: intensity=0.70 seed=2 ep=9 success=True steps=74
2026-03-04 22:53:21,211 trace.runner.sweep_runner INFO: intensity=0.70 seed=3 ep=0 success=True steps=117
2026-03-04 22:53:28,546 trace.runner.sweep_runner INFO: intensity=0.70 seed=3 ep=1 success=True steps=111
2026-03-04 22:53:34,624 trace.runner.sweep_runner INFO: intensity=0.70 seed=3 ep=2 success=True steps=87
2026-03-04 22:53:39,827 trace.runner.sweep_runner INFO: intensity=0.70 seed=3 ep=3 success=True steps=74
2026-03-04 22:53:46,656 trace.runner.sweep_runner INFO: intensity=0.70 seed=3 ep=4 success=True steps=102
2026-03-04 22:53:53,458 trace.runner.sweep_runner INFO: intensity=0.70 seed=3 ep=5 success=True steps=105
2026-03-04 22:53:58,745 trace.runner.sweep_runner INFO: intensity=0.70 seed=3 ep=6 success=True steps=73
2026-03-04 22:54:04,772 trace.runner.sweep_runner INFO: intensity=0.70 seed=3 ep=7 success=True steps=86
2026-03-04 22:54:10,110 trace.runner.sweep_runner INFO: intensity=0.70 seed=3 ep=8 success=True steps=76
2026-03-04 22:54:15,254 trace.runner.sweep_runner INFO: intensity=0.70 seed=3 ep=9 success=True steps=72
2026-03-04 22:54:20,795 trace.runner.sweep_runner INFO: intensity=0.70 seed=4 ep=0 success=True steps=79
2026-03-04 22:54:27,893 trace.runner.sweep_runner INFO: intensity=0.70 seed=4 ep=1 success=True steps=110
2026-03-04 22:54:33,714 trace.runner.sweep_runner INFO: intensity=0.70 seed=4 ep=2 success=True steps=82
2026-03-04 22:54:39,166 trace.runner.sweep_runner INFO: intensity=0.70 seed=4 ep=3 success=True steps=77
2026-03-04 22:54:44,603 trace.runner.sweep_runner INFO: intensity=0.70 seed=4 ep=4 success=True steps=77
2026-03-04 22:54:50,097 trace.runner.sweep_runner INFO: intensity=0.70 seed=4 ep=5 success=True steps=80
2026-03-04 22:54:55,414 trace.runner.sweep_runner INFO: intensity=0.70 seed=4 ep=6 success=True steps=71
2026-03-04 22:55:01,003 trace.runner.sweep_runner INFO: intensity=0.70 seed=4 ep=7 success=True steps=79
2026-03-04 22:55:06,372 trace.runner.sweep_runner INFO: intensity=0.70 seed=4 ep=8 success=True steps=76
2026-03-04 22:55:11,531 trace.runner.sweep_runner INFO: intensity=0.70 seed=4 ep=9 success=True steps=72
2026-03-04 22:55:16,704 trace.runner.sweep_runner INFO: intensity=1.00 seed=0 ep=0 success=True steps=72
2026-03-04 22:55:22,566 trace.runner.sweep_runner INFO: intensity=1.00 seed=0 ep=1 success=True steps=85
2026-03-04 22:55:28,415 trace.runner.sweep_runner INFO: intensity=1.00 seed=0 ep=2 success=True steps=86
2026-03-04 22:55:33,677 trace.runner.sweep_runner INFO: intensity=1.00 seed=0 ep=3 success=True steps=72
2026-03-04 22:55:38,904 trace.runner.sweep_runner INFO: intensity=1.00 seed=0 ep=4 success=True steps=73
2026-03-04 22:55:45,039 trace.runner.sweep_runner INFO: intensity=1.00 seed=0 ep=5 success=True steps=87
2026-03-04 22:55:50,271 trace.runner.sweep_runner INFO: intensity=1.00 seed=0 ep=6 success=True steps=75
2026-03-04 22:55:55,887 trace.runner.sweep_runner INFO: intensity=1.00 seed=0 ep=7 success=True steps=79
2026-03-04 22:56:01,373 trace.runner.sweep_runner INFO: intensity=1.00 seed=0 ep=8 success=True steps=78
2026-03-04 22:56:15,089 trace.runner.sweep_runner INFO: intensity=1.00 seed=0 ep=9 success=False steps=220
2026-03-04 22:56:20,537 trace.runner.sweep_runner INFO: intensity=1.00 seed=1 ep=0 success=True steps=79
2026-03-04 22:56:34,995 trace.runner.sweep_runner INFO: intensity=1.00 seed=1 ep=1 success=False steps=220
2026-03-04 22:56:40,206 trace.runner.sweep_runner INFO: intensity=1.00 seed=1 ep=2 success=True steps=72
2026-03-04 22:56:45,716 trace.runner.sweep_runner INFO: intensity=1.00 seed=1 ep=3 success=True steps=79
2026-03-04 22:56:51,186 trace.runner.sweep_runner INFO: intensity=1.00 seed=1 ep=4 success=True steps=76
2026-03-04 22:56:56,574 trace.runner.sweep_runner INFO: intensity=1.00 seed=1 ep=5 success=True steps=73
2026-03-04 22:57:02,211 trace.runner.sweep_runner INFO: intensity=1.00 seed=1 ep=6 success=True steps=76
2026-03-04 22:57:07,836 trace.runner.sweep_runner INFO: intensity=1.00 seed=1 ep=7 success=True steps=80
2026-03-04 22:57:13,066 trace.runner.sweep_runner INFO: intensity=1.00 seed=1 ep=8 success=True steps=72
2026-03-04 22:57:18,048 trace.runner.sweep_runner INFO: intensity=1.00 seed=1 ep=9 success=True steps=70
2026-03-04 22:57:23,635 trace.runner.sweep_runner INFO: intensity=1.00 seed=2 ep=0 success=True steps=79
2026-03-04 22:57:32,504 trace.runner.sweep_runner INFO: intensity=1.00 seed=2 ep=1 success=True steps=143
2026-03-04 22:57:38,160 trace.runner.sweep_runner INFO: intensity=1.00 seed=2 ep=2 success=True steps=79
2026-03-04 22:57:43,387 trace.runner.sweep_runner INFO: intensity=1.00 seed=2 ep=3 success=True steps=73
2026-03-04 22:57:48,578 trace.runner.sweep_runner INFO: intensity=1.00 seed=2 ep=4 success=True steps=73
2026-03-04 22:57:53,861 trace.runner.sweep_runner INFO: intensity=1.00 seed=2 ep=5 success=True steps=74
2026-03-04 22:57:59,019 trace.runner.sweep_runner INFO: intensity=1.00 seed=2 ep=6 success=True steps=71
2026-03-04 22:58:04,953 trace.runner.sweep_runner INFO: intensity=1.00 seed=2 ep=7 success=True steps=85
2026-03-04 22:58:10,749 trace.runner.sweep_runner INFO: intensity=1.00 seed=2 ep=8 success=True steps=83
2026-03-04 22:58:16,057 trace.runner.sweep_runner INFO: intensity=1.00 seed=2 ep=9 success=True steps=74
2026-03-04 22:58:24,857 trace.runner.sweep_runner INFO: intensity=1.00 seed=3 ep=0 success=True steps=140
2026-03-04 22:58:33,804 trace.runner.sweep_runner INFO: intensity=1.00 seed=3 ep=1 success=True steps=141
2026-03-04 22:58:39,935 trace.runner.sweep_runner INFO: intensity=1.00 seed=3 ep=2 success=True steps=89
2026-03-04 22:58:45,665 trace.runner.sweep_runner INFO: intensity=1.00 seed=3 ep=3 success=True steps=81
2026-03-04 22:58:50,975 trace.runner.sweep_runner INFO: intensity=1.00 seed=3 ep=4 success=True steps=75
2026-03-04 22:59:05,194 trace.runner.sweep_runner INFO: intensity=1.00 seed=3 ep=5 success=False steps=220
2026-03-04 22:59:10,572 trace.runner.sweep_runner INFO: intensity=1.00 seed=3 ep=6 success=True steps=73
2026-03-04 22:59:25,875 trace.runner.sweep_runner INFO: intensity=1.00 seed=3 ep=7 success=False steps=220
2026-03-04 22:59:31,209 trace.runner.sweep_runner INFO: intensity=1.00 seed=3 ep=8 success=True steps=75
2026-03-04 22:59:36,376 trace.runner.sweep_runner INFO: intensity=1.00 seed=3 ep=9 success=True steps=71
2026-03-04 22:59:50,023 trace.runner.sweep_runner INFO: intensity=1.00 seed=4 ep=0 success=False steps=220
2026-03-04 22:59:55,184 trace.runner.sweep_runner INFO: intensity=1.00 seed=4 ep=1 success=True steps=73
2026-03-04 23:00:02,356 trace.runner.sweep_runner INFO: intensity=1.00 seed=4 ep=2 success=True steps=106
2026-03-04 23:00:07,971 trace.runner.sweep_runner INFO: intensity=1.00 seed=4 ep=3 success=True steps=80
2026-03-04 23:00:13,302 trace.runner.sweep_runner INFO: intensity=1.00 seed=4 ep=4 success=True steps=75
2026-03-04 23:00:20,594 trace.runner.sweep_runner INFO: intensity=1.00 seed=4 ep=5 success=True steps=112
2026-03-04 23:00:25,905 trace.runner.sweep_runner INFO: intensity=1.00 seed=4 ep=6 success=True steps=75
2026-03-04 23:00:39,558 trace.runner.sweep_runner INFO: intensity=1.00 seed=4 ep=7 success=False steps=220
2026-03-04 23:00:45,073 trace.runner.sweep_runner INFO: intensity=1.00 seed=4 ep=8 success=True steps=80
2026-03-04 23:00:50,037 trace.runner.sweep_runner INFO: intensity=1.00 seed=4 ep=9 success=True steps=68
2026-03-04 23:00:50,039 __main__ INFO:   baseline=100%, max_degradation=12%, breakpoint=none
2026-03-04 23:00:50,039 __main__ INFO: Running sweep 4/9: EmbodimentStressor
2026-03-04 23:00:55,294 trace.runner.sweep_runner INFO: intensity=0.00 seed=0 ep=0 success=True steps=75
2026-03-04 23:01:00,765 trace.runner.sweep_runner INFO: intensity=0.00 seed=0 ep=1 success=True steps=78
2026-03-04 23:01:06,517 trace.runner.sweep_runner INFO: intensity=0.00 seed=0 ep=2 success=True steps=82
2026-03-04 23:01:11,974 trace.runner.sweep_runner INFO: intensity=0.00 seed=0 ep=3 success=True steps=76
2026-03-04 23:01:17,469 trace.runner.sweep_runner INFO: intensity=0.00 seed=0 ep=4 success=True steps=77
2026-03-04 23:01:22,762 trace.runner.sweep_runner INFO: intensity=0.00 seed=0 ep=5 success=True steps=75
2026-03-04 23:01:27,973 trace.runner.sweep_runner INFO: intensity=0.00 seed=0 ep=6 success=True steps=73
2026-03-04 23:01:33,532 trace.runner.sweep_runner INFO: intensity=0.00 seed=0 ep=7 success=True steps=77
2026-03-04 23:01:39,062 trace.runner.sweep_runner INFO: intensity=0.00 seed=0 ep=8 success=True steps=78
2026-03-04 23:01:46,253 trace.runner.sweep_runner INFO: intensity=0.00 seed=0 ep=9 success=True steps=109
2026-03-04 23:01:51,735 trace.runner.sweep_runner INFO: intensity=0.00 seed=1 ep=0 success=True steps=79
2026-03-04 23:01:58,595 trace.runner.sweep_runner INFO: intensity=0.00 seed=1 ep=1 success=True steps=104
2026-03-04 23:02:03,972 trace.runner.sweep_runner INFO: intensity=0.00 seed=1 ep=2 success=True steps=80
2026-03-04 23:02:09,368 trace.runner.sweep_runner INFO: intensity=0.00 seed=1 ep=3 success=True steps=75
2026-03-04 23:02:14,753 trace.runner.sweep_runner INFO: intensity=0.00 seed=1 ep=4 success=True steps=73
2026-03-04 23:02:19,926 trace.runner.sweep_runner INFO: intensity=0.00 seed=1 ep=5 success=True steps=72
2026-03-04 23:02:25,177 trace.runner.sweep_runner INFO: intensity=0.00 seed=1 ep=6 success=True steps=74
2026-03-04 23:02:31,024 trace.runner.sweep_runner INFO: intensity=0.00 seed=1 ep=7 success=True steps=82
2026-03-04 23:02:36,594 trace.runner.sweep_runner INFO: intensity=0.00 seed=1 ep=8 success=True steps=80
2026-03-04 23:02:42,334 trace.runner.sweep_runner INFO: intensity=0.00 seed=1 ep=9 success=True steps=82
2026-03-04 23:02:48,015 trace.runner.sweep_runner INFO: intensity=0.00 seed=2 ep=0 success=True steps=79
2026-03-04 23:02:54,910 trace.runner.sweep_runner INFO: intensity=0.00 seed=2 ep=1 success=True steps=105
2026-03-04 23:02:59,870 trace.runner.sweep_runner INFO: intensity=0.00 seed=2 ep=2 success=True steps=72
2026-03-04 23:03:05,374 trace.runner.sweep_runner INFO: intensity=0.00 seed=2 ep=3 success=True steps=78
2026-03-04 23:03:10,676 trace.runner.sweep_runner INFO: intensity=0.00 seed=2 ep=4 success=True steps=74
2026-03-04 23:03:16,131 trace.runner.sweep_runner INFO: intensity=0.00 seed=2 ep=5 success=True steps=77
2026-03-04 23:03:21,104 trace.runner.sweep_runner INFO: intensity=0.00 seed=2 ep=6 success=True steps=68
2026-03-04 23:03:26,982 trace.runner.sweep_runner INFO: intensity=0.00 seed=2 ep=7 success=True steps=81
2026-03-04 23:03:32,541 trace.runner.sweep_runner INFO: intensity=0.00 seed=2 ep=8 success=True steps=79
2026-03-04 23:03:38,145 trace.runner.sweep_runner INFO: intensity=0.00 seed=2 ep=9 success=True steps=76
2026-03-04 23:03:44,813 trace.runner.sweep_runner INFO: intensity=0.00 seed=3 ep=0 success=True steps=100
2026-03-04 23:03:52,087 trace.runner.sweep_runner INFO: intensity=0.00 seed=3 ep=1 success=True steps=109
2026-03-04 23:03:58,045 trace.runner.sweep_runner INFO: intensity=0.00 seed=3 ep=2 success=True steps=85
2026-03-04 23:04:03,527 trace.runner.sweep_runner INFO: intensity=0.00 seed=3 ep=3 success=True steps=76
2026-03-04 23:04:08,796 trace.runner.sweep_runner INFO: intensity=0.00 seed=3 ep=4 success=True steps=73
2026-03-04 23:04:15,509 trace.runner.sweep_runner INFO: intensity=0.00 seed=3 ep=5 success=True steps=101
2026-03-04 23:04:20,751 trace.runner.sweep_runner INFO: intensity=0.00 seed=3 ep=6 success=True steps=71
2026-03-04 23:04:26,840 trace.runner.sweep_runner INFO: intensity=0.00 seed=3 ep=7 success=True steps=87
2026-03-04 23:04:32,347 trace.runner.sweep_runner INFO: intensity=0.00 seed=3 ep=8 success=True steps=77
2026-03-04 23:04:37,586 trace.runner.sweep_runner INFO: intensity=0.00 seed=3 ep=9 success=True steps=71
2026-03-04 23:04:43,054 trace.runner.sweep_runner INFO: intensity=0.00 seed=4 ep=0 success=True steps=79
2026-03-04 23:04:50,114 trace.runner.sweep_runner INFO: intensity=0.00 seed=4 ep=1 success=True steps=107
2026-03-04 23:04:57,076 trace.runner.sweep_runner INFO: intensity=0.00 seed=4 ep=2 success=True steps=106
2026-03-04 23:05:02,521 trace.runner.sweep_runner INFO: intensity=0.00 seed=4 ep=3 success=True steps=77
2026-03-04 23:05:08,036 trace.runner.sweep_runner INFO: intensity=0.00 seed=4 ep=4 success=True steps=77
2026-03-04 23:05:13,305 trace.runner.sweep_runner INFO: intensity=0.00 seed=4 ep=5 success=True steps=75
2026-03-04 23:05:18,731 trace.runner.sweep_runner INFO: intensity=0.00 seed=4 ep=6 success=True steps=75
2026-03-04 23:05:24,333 trace.runner.sweep_runner INFO: intensity=0.00 seed=4 ep=7 success=True steps=79
2026-03-04 23:05:30,240 trace.runner.sweep_runner INFO: intensity=0.00 seed=4 ep=8 success=True steps=85
2026-03-04 23:05:35,593 trace.runner.sweep_runner INFO: intensity=0.00 seed=4 ep=9 success=True steps=73
2026-03-04 23:05:40,657 trace.runner.sweep_runner INFO: intensity=0.10 seed=0 ep=0 success=True steps=70
2026-03-04 23:05:49,550 trace.runner.sweep_runner INFO: intensity=0.10 seed=0 ep=1 success=True steps=142
2026-03-04 23:05:55,694 trace.runner.sweep_runner INFO: intensity=0.10 seed=0 ep=2 success=True steps=84
2026-03-04 23:06:01,384 trace.runner.sweep_runner INFO: intensity=0.10 seed=0 ep=3 success=True steps=82
2026-03-04 23:06:06,875 trace.runner.sweep_runner INFO: intensity=0.10 seed=0 ep=4 success=True steps=76
2026-03-04 23:06:12,046 trace.runner.sweep_runner INFO: intensity=0.10 seed=0 ep=5 success=True steps=71
2026-03-04 23:06:17,352 trace.runner.sweep_runner INFO: intensity=0.10 seed=0 ep=6 success=True steps=75
2026-03-04 23:06:23,024 trace.runner.sweep_runner INFO: intensity=0.10 seed=0 ep=7 success=True steps=80
2026-03-04 23:06:29,316 trace.runner.sweep_runner INFO: intensity=0.10 seed=0 ep=8 success=True steps=86
2026-03-04 23:06:34,801 trace.runner.sweep_runner INFO: intensity=0.10 seed=0 ep=9 success=True steps=81
2026-03-04 23:06:40,693 trace.runner.sweep_runner INFO: intensity=0.10 seed=1 ep=0 success=True steps=85
2026-03-04 23:06:47,968 trace.runner.sweep_runner INFO: intensity=0.10 seed=1 ep=1 success=True steps=112
2026-03-04 23:06:53,283 trace.runner.sweep_runner INFO: intensity=0.10 seed=1 ep=2 success=True steps=75
2026-03-04 23:06:58,794 trace.runner.sweep_runner INFO: intensity=0.10 seed=1 ep=3 success=True steps=78
2026-03-04 23:07:04,303 trace.runner.sweep_runner INFO: intensity=0.10 seed=1 ep=4 success=True steps=77
2026-03-04 23:07:09,568 trace.runner.sweep_runner INFO: intensity=0.10 seed=1 ep=5 success=True steps=74
2026-03-04 23:07:14,886 trace.runner.sweep_runner INFO: intensity=0.10 seed=1 ep=6 success=True steps=74
2026-03-04 23:07:20,881 trace.runner.sweep_runner INFO: intensity=0.10 seed=1 ep=7 success=True steps=85
2026-03-04 23:07:26,347 trace.runner.sweep_runner INFO: intensity=0.10 seed=1 ep=8 success=True steps=80
2026-03-04 23:07:31,842 trace.runner.sweep_runner INFO: intensity=0.10 seed=1 ep=9 success=True steps=77
2026-03-04 23:07:37,393 trace.runner.sweep_runner INFO: intensity=0.10 seed=2 ep=0 success=True steps=78
2026-03-04 23:07:46,040 trace.runner.sweep_runner INFO: intensity=0.10 seed=2 ep=1 success=True steps=137
2026-03-04 23:07:51,055 trace.runner.sweep_runner INFO: intensity=0.10 seed=2 ep=2 success=True steps=74
2026-03-04 23:07:56,961 trace.runner.sweep_runner INFO: intensity=0.10 seed=2 ep=3 success=True steps=83
2026-03-04 23:08:01,957 trace.runner.sweep_runner INFO: intensity=0.10 seed=2 ep=4 success=True steps=70
2026-03-04 23:08:07,265 trace.runner.sweep_runner INFO: intensity=0.10 seed=2 ep=5 success=True steps=73
2026-03-04 23:08:13,903 trace.runner.sweep_runner INFO: intensity=0.10 seed=2 ep=6 success=True steps=99
2026-03-04 23:08:19,810 trace.runner.sweep_runner INFO: intensity=0.10 seed=2 ep=7 success=True steps=83
2026-03-04 23:08:26,183 trace.runner.sweep_runner INFO: intensity=0.10 seed=2 ep=8 success=True steps=91
2026-03-04 23:08:31,732 trace.runner.sweep_runner INFO: intensity=0.10 seed=2 ep=9 success=True steps=77
2026-03-04 23:08:38,912 trace.runner.sweep_runner INFO: intensity=0.10 seed=3 ep=0 success=True steps=110
2026-03-04 23:08:45,856 trace.runner.sweep_runner INFO: intensity=0.10 seed=3 ep=1 success=True steps=104
2026-03-04 23:08:51,473 trace.runner.sweep_runner INFO: intensity=0.10 seed=3 ep=2 success=True steps=84
2026-03-04 23:08:56,913 trace.runner.sweep_runner INFO: intensity=0.10 seed=3 ep=3 success=True steps=76
2026-03-04 23:09:02,215 trace.runner.sweep_runner INFO: intensity=0.10 seed=3 ep=4 success=True steps=75
2026-03-04 23:09:08,865 trace.runner.sweep_runner INFO: intensity=0.10 seed=3 ep=5 success=True steps=101
2026-03-04 23:09:14,442 trace.runner.sweep_runner INFO: intensity=0.10 seed=3 ep=6 success=True steps=78
2026-03-04 23:09:20,124 trace.runner.sweep_runner INFO: intensity=0.10 seed=3 ep=7 success=True steps=82
2026-03-04 23:09:25,648 trace.runner.sweep_runner INFO: intensity=0.10 seed=3 ep=8 success=True steps=80
2026-03-04 23:09:30,757 trace.runner.sweep_runner INFO: intensity=0.10 seed=3 ep=9 success=True steps=72
2026-03-04 23:09:36,365 trace.runner.sweep_runner INFO: intensity=0.10 seed=4 ep=0 success=True steps=80
2026-03-04 23:09:41,584 trace.runner.sweep_runner INFO: intensity=0.10 seed=4 ep=1 success=True steps=74
2026-03-04 23:09:48,300 trace.runner.sweep_runner INFO: intensity=0.10 seed=4 ep=2 success=True steps=98
2026-03-04 23:09:53,965 trace.runner.sweep_runner INFO: intensity=0.10 seed=4 ep=3 success=True steps=79
2026-03-04 23:09:59,473 trace.runner.sweep_runner INFO: intensity=0.10 seed=4 ep=4 success=True steps=78
2026-03-04 23:10:04,978 trace.runner.sweep_runner INFO: intensity=0.10 seed=4 ep=5 success=True steps=78
2026-03-04 23:10:10,081 trace.runner.sweep_runner INFO: intensity=0.10 seed=4 ep=6 success=True steps=69
2026-03-04 23:10:21,141 trace.runner.sweep_runner INFO: intensity=0.10 seed=4 ep=7 success=True steps=182
2026-03-04 23:10:26,993 trace.runner.sweep_runner INFO: intensity=0.10 seed=4 ep=8 success=True steps=83
2026-03-04 23:10:32,179 trace.runner.sweep_runner INFO: intensity=0.10 seed=4 ep=9 success=True steps=75
2026-03-04 23:10:37,311 trace.runner.sweep_runner INFO: intensity=0.20 seed=0 ep=0 success=True steps=71
2026-03-04 23:10:47,292 trace.runner.sweep_runner INFO: intensity=0.20 seed=0 ep=1 success=True steps=165
2026-03-04 23:10:53,304 trace.runner.sweep_runner INFO: intensity=0.20 seed=0 ep=2 success=True steps=82
2026-03-04 23:10:58,948 trace.runner.sweep_runner INFO: intensity=0.20 seed=0 ep=3 success=True steps=81
2026-03-04 23:11:04,233 trace.runner.sweep_runner INFO: intensity=0.20 seed=0 ep=4 success=True steps=78
2026-03-04 23:11:10,394 trace.runner.sweep_runner INFO: intensity=0.20 seed=0 ep=5 success=True steps=87
2026-03-04 23:11:15,439 trace.runner.sweep_runner INFO: intensity=0.20 seed=0 ep=6 success=True steps=68
2026-03-04 23:11:21,234 trace.runner.sweep_runner INFO: intensity=0.20 seed=0 ep=7 success=True steps=79
2026-03-04 23:11:26,822 trace.runner.sweep_runner INFO: intensity=0.20 seed=0 ep=8 success=True steps=79
2026-03-04 23:11:31,933 trace.runner.sweep_runner INFO: intensity=0.20 seed=0 ep=9 success=True steps=73
2026-03-04 23:11:37,885 trace.runner.sweep_runner INFO: intensity=0.20 seed=1 ep=0 success=True steps=84
2026-03-04 23:11:43,544 trace.runner.sweep_runner INFO: intensity=0.20 seed=1 ep=1 success=True steps=81
2026-03-04 23:11:48,810 trace.runner.sweep_runner INFO: intensity=0.20 seed=1 ep=2 success=True steps=77
2026-03-04 23:11:54,363 trace.runner.sweep_runner INFO: intensity=0.20 seed=1 ep=3 success=True steps=80
2026-03-04 23:11:59,934 trace.runner.sweep_runner INFO: intensity=0.20 seed=1 ep=4 success=True steps=77
2026-03-04 23:12:05,410 trace.runner.sweep_runner INFO: intensity=0.20 seed=1 ep=5 success=True steps=79
2026-03-04 23:12:11,001 trace.runner.sweep_runner INFO: intensity=0.20 seed=1 ep=6 success=True steps=76
2026-03-04 23:12:16,795 trace.runner.sweep_runner INFO: intensity=0.20 seed=1 ep=7 success=True steps=81
2026-03-04 23:12:22,570 trace.runner.sweep_runner INFO: intensity=0.20 seed=1 ep=8 success=True steps=81
2026-03-04 23:12:27,526 trace.runner.sweep_runner INFO: intensity=0.20 seed=1 ep=9 success=True steps=70
2026-03-04 23:12:33,137 trace.runner.sweep_runner INFO: intensity=0.20 seed=2 ep=0 success=True steps=79
2026-03-04 23:12:39,884 trace.runner.sweep_runner INFO: intensity=0.20 seed=2 ep=1 success=True steps=104
2026-03-04 23:12:45,630 trace.runner.sweep_runner INFO: intensity=0.20 seed=2 ep=2 success=True steps=82
2026-03-04 23:12:51,565 trace.runner.sweep_runner INFO: intensity=0.20 seed=2 ep=3 success=True steps=86
2026-03-04 23:12:56,569 trace.runner.sweep_runner INFO: intensity=0.20 seed=2 ep=4 success=True steps=70
2026-03-04 23:13:01,864 trace.runner.sweep_runner INFO: intensity=0.20 seed=2 ep=5 success=True steps=75
2026-03-04 23:13:07,083 trace.runner.sweep_runner INFO: intensity=0.20 seed=2 ep=6 success=True steps=73
2026-03-04 23:13:13,124 trace.runner.sweep_runner INFO: intensity=0.20 seed=2 ep=7 success=True steps=85
2026-03-04 23:13:18,932 trace.runner.sweep_runner INFO: intensity=0.20 seed=2 ep=8 success=True steps=81
2026-03-04 23:13:24,425 trace.runner.sweep_runner INFO: intensity=0.20 seed=2 ep=9 success=True steps=79
2026-03-04 23:13:31,711 trace.runner.sweep_runner INFO: intensity=0.20 seed=3 ep=0 success=True steps=112
2026-03-04 23:13:39,320 trace.runner.sweep_runner INFO: intensity=0.20 seed=3 ep=1 success=True steps=115
2026-03-04 23:13:45,591 trace.runner.sweep_runner INFO: intensity=0.20 seed=3 ep=2 success=True steps=94
2026-03-04 23:13:52,764 trace.runner.sweep_runner INFO: intensity=0.20 seed=3 ep=3 success=True steps=107
2026-03-04 23:13:58,304 trace.runner.sweep_runner INFO: intensity=0.20 seed=3 ep=4 success=True steps=77
2026-03-04 23:14:03,585 trace.runner.sweep_runner INFO: intensity=0.20 seed=3 ep=5 success=True steps=72
2026-03-04 23:14:09,640 trace.runner.sweep_runner INFO: intensity=0.20 seed=3 ep=6 success=True steps=73
2026-03-04 23:14:15,763 trace.runner.sweep_runner INFO: intensity=0.20 seed=3 ep=7 success=True steps=90
2026-03-04 23:14:21,315 trace.runner.sweep_runner INFO: intensity=0.20 seed=3 ep=8 success=True steps=81
2026-03-04 23:14:26,445 trace.runner.sweep_runner INFO: intensity=0.20 seed=3 ep=9 success=True steps=74
2026-03-04 23:14:31,862 trace.runner.sweep_runner INFO: intensity=0.20 seed=4 ep=0 success=True steps=76
2026-03-04 23:14:37,294 trace.runner.sweep_runner INFO: intensity=0.20 seed=4 ep=1 success=True steps=76
2026-03-04 23:14:42,308 trace.runner.sweep_runner INFO: intensity=0.20 seed=4 ep=2 success=True steps=71
2026-03-04 23:14:47,826 trace.runner.sweep_runner INFO: intensity=0.20 seed=4 ep=3 success=True steps=76
2026-03-04 23:14:53,122 trace.runner.sweep_runner INFO: intensity=0.20 seed=4 ep=4 success=True steps=75
2026-03-04 23:14:58,808 trace.runner.sweep_runner INFO: intensity=0.20 seed=4 ep=5 success=True steps=78
2026-03-04 23:15:04,492 trace.runner.sweep_runner INFO: intensity=0.20 seed=4 ep=6 success=True steps=73
2026-03-04 23:15:14,867 trace.runner.sweep_runner INFO: intensity=0.20 seed=4 ep=7 success=True steps=167
2026-03-04 23:15:20,207 trace.runner.sweep_runner INFO: intensity=0.20 seed=4 ep=8 success=True steps=76
2026-03-04 23:15:25,710 trace.runner.sweep_runner INFO: intensity=0.20 seed=4 ep=9 success=True steps=77
2026-03-04 23:15:30,682 trace.runner.sweep_runner INFO: intensity=0.30 seed=0 ep=0 success=True steps=70
2026-03-04 23:15:38,830 trace.runner.sweep_runner INFO: intensity=0.30 seed=0 ep=1 success=True steps=110
2026-03-04 23:15:44,572 trace.runner.sweep_runner INFO: intensity=0.30 seed=0 ep=2 success=True steps=80
2026-03-04 23:15:49,633 trace.runner.sweep_runner INFO: intensity=0.30 seed=0 ep=3 success=True steps=74
2026-03-04 23:15:55,246 trace.runner.sweep_runner INFO: intensity=0.30 seed=0 ep=4 success=True steps=81
2026-03-04 23:16:00,406 trace.runner.sweep_runner INFO: intensity=0.30 seed=0 ep=5 success=True steps=72
2026-03-04 23:16:05,737 trace.runner.sweep_runner INFO: intensity=0.30 seed=0 ep=6 success=True steps=73
2026-03-04 23:16:11,150 trace.runner.sweep_runner INFO: intensity=0.30 seed=0 ep=7 success=True steps=76
2026-03-04 23:16:16,694 trace.runner.sweep_runner INFO: intensity=0.30 seed=0 ep=8 success=True steps=79
2026-03-04 23:16:23,511 trace.runner.sweep_runner INFO: intensity=0.30 seed=0 ep=9 success=True steps=102
2026-03-04 23:16:29,955 trace.runner.sweep_runner INFO: intensity=0.30 seed=1 ep=0 success=True steps=86
2026-03-04 23:16:35,864 trace.runner.sweep_runner INFO: intensity=0.30 seed=1 ep=1 success=True steps=88
2026-03-04 23:16:43,493 trace.runner.sweep_runner INFO: intensity=0.30 seed=1 ep=2 success=True steps=115
2026-03-04 23:16:49,141 trace.runner.sweep_runner INFO: intensity=0.30 seed=1 ep=3 success=True steps=76
2026-03-04 23:16:54,833 trace.runner.sweep_runner INFO: intensity=0.30 seed=1 ep=4 success=True steps=76
2026-03-04 23:17:00,008 trace.runner.sweep_runner INFO: intensity=0.30 seed=1 ep=5 success=True steps=70
2026-03-04 23:17:05,775 trace.runner.sweep_runner INFO: intensity=0.30 seed=1 ep=6 success=True steps=78
2026-03-04 23:17:11,674 trace.runner.sweep_runner INFO: intensity=0.30 seed=1 ep=7 success=True steps=83
2026-03-04 23:17:17,020 trace.runner.sweep_runner INFO: intensity=0.30 seed=1 ep=8 success=True steps=79
2026-03-04 23:17:25,740 trace.runner.sweep_runner INFO: intensity=0.30 seed=1 ep=9 success=True steps=134
2026-03-04 23:17:31,724 trace.runner.sweep_runner INFO: intensity=0.30 seed=2 ep=0 success=True steps=85
2026-03-04 23:17:38,927 trace.runner.sweep_runner INFO: intensity=0.30 seed=2 ep=1 success=True steps=108
2026-03-04 23:17:46,655 trace.runner.sweep_runner INFO: intensity=0.30 seed=2 ep=2 success=True steps=118
2026-03-04 23:17:52,619 trace.runner.sweep_runner INFO: intensity=0.30 seed=2 ep=3 success=True steps=88
2026-03-04 23:17:57,813 trace.runner.sweep_runner INFO: intensity=0.30 seed=2 ep=4 success=True steps=71
2026-03-04 23:18:03,100 trace.runner.sweep_runner INFO: intensity=0.30 seed=2 ep=5 success=True steps=75
2026-03-04 23:18:08,469 trace.runner.sweep_runner INFO: intensity=0.30 seed=2 ep=6 success=True steps=75
2026-03-04 23:18:14,880 trace.runner.sweep_runner INFO: intensity=0.30 seed=2 ep=7 success=True steps=86
2026-03-04 23:18:21,266 trace.runner.sweep_runner INFO: intensity=0.30 seed=2 ep=8 success=True steps=88
2026-03-04 23:18:26,732 trace.runner.sweep_runner INFO: intensity=0.30 seed=2 ep=9 success=True steps=74
2026-03-04 23:18:33,008 trace.runner.sweep_runner INFO: intensity=0.30 seed=3 ep=0 success=True steps=90
2026-03-04 23:18:40,509 trace.runner.sweep_runner INFO: intensity=0.30 seed=3 ep=1 success=True steps=112
2026-03-04 23:18:46,975 trace.runner.sweep_runner INFO: intensity=0.30 seed=3 ep=2 success=True steps=94
2026-03-04 23:18:52,701 trace.runner.sweep_runner INFO: intensity=0.30 seed=3 ep=3 success=True steps=77
2026-03-04 23:18:58,051 trace.runner.sweep_runner INFO: intensity=0.30 seed=3 ep=4 success=True steps=73
2026-03-04 23:19:03,449 trace.runner.sweep_runner INFO: intensity=0.30 seed=3 ep=5 success=True steps=80
2026-03-04 23:19:08,674 trace.runner.sweep_runner INFO: intensity=0.30 seed=3 ep=6 success=True steps=72
2026-03-04 23:19:15,953 trace.runner.sweep_runner INFO: intensity=0.30 seed=3 ep=7 success=True steps=84
2026-03-04 23:19:21,802 trace.runner.sweep_runner INFO: intensity=0.30 seed=3 ep=8 success=True steps=83
2026-03-04 23:19:27,010 trace.runner.sweep_runner INFO: intensity=0.30 seed=3 ep=9 success=True steps=75
2026-03-04 23:19:34,013 trace.runner.sweep_runner INFO: intensity=0.30 seed=4 ep=0 success=True steps=115
2026-03-04 23:19:41,017 trace.runner.sweep_runner INFO: intensity=0.30 seed=4 ep=1 success=True steps=106
2026-03-04 23:19:46,988 trace.runner.sweep_runner INFO: intensity=0.30 seed=4 ep=2 success=True steps=87
2026-03-04 23:19:52,597 trace.runner.sweep_runner INFO: intensity=0.30 seed=4 ep=3 success=True steps=79
2026-03-04 23:19:58,428 trace.runner.sweep_runner INFO: intensity=0.30 seed=4 ep=4 success=True steps=80
2026-03-04 23:20:06,008 trace.runner.sweep_runner INFO: intensity=0.30 seed=4 ep=5 success=True steps=112
2026-03-04 23:20:12,481 trace.runner.sweep_runner INFO: intensity=0.30 seed=4 ep=6 success=True steps=71
2026-03-04 23:20:19,731 trace.runner.sweep_runner INFO: intensity=0.30 seed=4 ep=7 success=True steps=112
2026-03-04 23:20:25,311 trace.runner.sweep_runner INFO: intensity=0.30 seed=4 ep=8 success=True steps=75
2026-03-04 23:20:30,833 trace.runner.sweep_runner INFO: intensity=0.30 seed=4 ep=9 success=True steps=74
2026-03-04 23:20:36,039 trace.runner.sweep_runner INFO: intensity=0.50 seed=0 ep=0 success=True steps=69
2026-03-04 23:20:43,447 trace.runner.sweep_runner INFO: intensity=0.50 seed=0 ep=1 success=True steps=111
2026-03-04 23:20:48,928 trace.runner.sweep_runner INFO: intensity=0.50 seed=0 ep=2 success=True steps=76
2026-03-04 23:20:53,880 trace.runner.sweep_runner INFO: intensity=0.50 seed=0 ep=3 success=True steps=72
2026-03-04 23:20:59,164 trace.runner.sweep_runner INFO: intensity=0.50 seed=0 ep=4 success=True steps=77
2026-03-04 23:21:04,659 trace.runner.sweep_runner INFO: intensity=0.50 seed=0 ep=5 success=True steps=78
2026-03-04 23:21:09,909 trace.runner.sweep_runner INFO: intensity=0.50 seed=0 ep=6 success=True steps=72
2026-03-04 23:21:15,783 trace.runner.sweep_runner INFO: intensity=0.50 seed=0 ep=7 success=True steps=82
2026-03-04 23:21:21,917 trace.runner.sweep_runner INFO: intensity=0.50 seed=0 ep=8 success=True steps=89
2026-03-04 23:21:29,890 trace.runner.sweep_runner INFO: intensity=0.50 seed=0 ep=9 success=True steps=132
2026-03-04 23:21:35,612 trace.runner.sweep_runner INFO: intensity=0.50 seed=1 ep=0 success=True steps=79
2026-03-04 23:21:41,171 trace.runner.sweep_runner INFO: intensity=0.50 seed=1 ep=1 success=True steps=84
2026-03-04 23:21:47,585 trace.runner.sweep_runner INFO: intensity=0.50 seed=1 ep=2 success=True steps=85
2026-03-04 23:21:52,915 trace.runner.sweep_runner INFO: intensity=0.50 seed=1 ep=3 success=True steps=73
2026-03-04 23:21:58,433 trace.runner.sweep_runner INFO: intensity=0.50 seed=1 ep=4 success=True steps=78
2026-03-04 23:22:03,998 trace.runner.sweep_runner INFO: intensity=0.50 seed=1 ep=5 success=True steps=77
2026-03-04 23:22:09,337 trace.runner.sweep_runner INFO: intensity=0.50 seed=1 ep=6 success=True steps=75
2026-03-04 23:22:17,085 trace.runner.sweep_runner INFO: intensity=0.50 seed=1 ep=7 success=True steps=120
2026-03-04 23:22:22,536 trace.runner.sweep_runner INFO: intensity=0.50 seed=1 ep=8 success=True steps=78
2026-03-04 23:22:29,433 trace.runner.sweep_runner INFO: intensity=0.50 seed=1 ep=9 success=True steps=105
2026-03-04 23:22:35,336 trace.runner.sweep_runner INFO: intensity=0.50 seed=2 ep=0 success=True steps=84
2026-03-04 23:22:42,994 trace.runner.sweep_runner INFO: intensity=0.50 seed=2 ep=1 success=True steps=112
2026-03-04 23:22:48,398 trace.runner.sweep_runner INFO: intensity=0.50 seed=2 ep=2 success=True steps=75
2026-03-04 23:22:54,027 trace.runner.sweep_runner INFO: intensity=0.50 seed=2 ep=3 success=True steps=80
2026-03-04 23:22:59,355 trace.runner.sweep_runner INFO: intensity=0.50 seed=2 ep=4 success=True steps=75
2026-03-04 23:23:04,863 trace.runner.sweep_runner INFO: intensity=0.50 seed=2 ep=5 success=True steps=80
2026-03-04 23:23:11,932 trace.runner.sweep_runner INFO: intensity=0.50 seed=2 ep=6 success=True steps=105
2026-03-04 23:23:17,994 trace.runner.sweep_runner INFO: intensity=0.50 seed=2 ep=7 success=True steps=85
2026-03-04 23:23:23,621 trace.runner.sweep_runner INFO: intensity=0.50 seed=2 ep=8 success=True steps=80
2026-03-04 23:23:28,991 trace.runner.sweep_runner INFO: intensity=0.50 seed=2 ep=9 success=True steps=73
2026-03-04 23:23:35,840 trace.runner.sweep_runner INFO: intensity=0.50 seed=3 ep=0 success=True steps=101
2026-03-04 23:23:42,929 trace.runner.sweep_runner INFO: intensity=0.50 seed=3 ep=1 success=True steps=110
2026-03-04 23:23:48,621 trace.runner.sweep_runner INFO: intensity=0.50 seed=3 ep=2 success=True steps=85
2026-03-04 23:23:54,832 trace.runner.sweep_runner INFO: intensity=0.50 seed=3 ep=3 success=True steps=89
2026-03-04 23:24:00,362 trace.runner.sweep_runner INFO: intensity=0.50 seed=3 ep=4 success=True steps=77
2026-03-04 23:24:05,539 trace.runner.sweep_runner INFO: intensity=0.50 seed=3 ep=5 success=True steps=76
2026-03-04 23:24:10,696 trace.runner.sweep_runner INFO: intensity=0.50 seed=3 ep=6 success=True steps=70
2026-03-04 23:24:16,771 trace.runner.sweep_runner INFO: intensity=0.50 seed=3 ep=7 success=True steps=87
2026-03-04 23:24:22,698 trace.runner.sweep_runner INFO: intensity=0.50 seed=3 ep=8 success=True steps=85
2026-03-04 23:24:28,047 trace.runner.sweep_runner INFO: intensity=0.50 seed=3 ep=9 success=True steps=75
2026-03-04 23:24:33,985 trace.runner.sweep_runner INFO: intensity=0.50 seed=4 ep=0 success=True steps=83
2026-03-04 23:24:40,186 trace.runner.sweep_runner INFO: intensity=0.50 seed=4 ep=1 success=True steps=84
2026-03-04 23:24:46,078 trace.runner.sweep_runner INFO: intensity=0.50 seed=4 ep=2 success=True steps=83
2026-03-04 23:24:53,717 trace.runner.sweep_runner INFO: intensity=0.50 seed=4 ep=3 success=True steps=108
2026-03-04 23:24:59,533 trace.runner.sweep_runner INFO: intensity=0.50 seed=4 ep=4 success=True steps=77
2026-03-04 23:25:07,273 trace.runner.sweep_runner INFO: intensity=0.50 seed=4 ep=5 success=True steps=113
2026-03-04 23:25:12,633 trace.runner.sweep_runner INFO: intensity=0.50 seed=4 ep=6 success=True steps=72
2026-03-04 23:25:18,026 trace.runner.sweep_runner INFO: intensity=0.50 seed=4 ep=7 success=True steps=80
2026-03-04 23:25:24,524 trace.runner.sweep_runner INFO: intensity=0.50 seed=4 ep=8 success=True steps=93
2026-03-04 23:25:29,668 trace.runner.sweep_runner INFO: intensity=0.50 seed=4 ep=9 success=True steps=72
2026-03-04 23:25:34,921 trace.runner.sweep_runner INFO: intensity=0.70 seed=0 ep=0 success=True steps=71
2026-03-04 23:25:42,140 trace.runner.sweep_runner INFO: intensity=0.70 seed=0 ep=1 success=True steps=109
2026-03-04 23:25:48,100 trace.runner.sweep_runner INFO: intensity=0.70 seed=0 ep=2 success=True steps=87
2026-03-04 23:25:53,191 trace.runner.sweep_runner INFO: intensity=0.70 seed=0 ep=3 success=True steps=73
2026-03-04 23:25:58,378 trace.runner.sweep_runner INFO: intensity=0.70 seed=0 ep=4 success=True steps=72
2026-03-04 23:26:04,096 trace.runner.sweep_runner INFO: intensity=0.70 seed=0 ep=5 success=True steps=78
2026-03-04 23:26:09,252 trace.runner.sweep_runner INFO: intensity=0.70 seed=0 ep=6 success=True steps=68
2026-03-04 23:26:16,977 trace.runner.sweep_runner INFO: intensity=0.70 seed=0 ep=7 success=True steps=116
2026-03-04 23:26:23,419 trace.runner.sweep_runner INFO: intensity=0.70 seed=0 ep=8 success=True steps=98
2026-03-04 23:26:31,403 trace.runner.sweep_runner INFO: intensity=0.70 seed=0 ep=9 success=True steps=134
2026-03-04 23:26:37,076 trace.runner.sweep_runner INFO: intensity=0.70 seed=1 ep=0 success=True steps=79
2026-03-04 23:26:42,280 trace.runner.sweep_runner INFO: intensity=0.70 seed=1 ep=1 success=True steps=78
2026-03-04 23:26:48,879 trace.runner.sweep_runner INFO: intensity=0.70 seed=1 ep=2 success=True steps=101
2026-03-04 23:26:54,440 trace.runner.sweep_runner INFO: intensity=0.70 seed=1 ep=3 success=True steps=76
2026-03-04 23:27:00,051 trace.runner.sweep_runner INFO: intensity=0.70 seed=1 ep=4 success=True steps=80
2026-03-04 23:27:05,569 trace.runner.sweep_runner INFO: intensity=0.70 seed=1 ep=5 success=True steps=78
2026-03-04 23:27:11,084 trace.runner.sweep_runner INFO: intensity=0.70 seed=1 ep=6 success=True steps=76
2026-03-04 23:27:19,403 trace.runner.sweep_runner INFO: intensity=0.70 seed=1 ep=7 success=True steps=128
2026-03-04 23:27:24,922 trace.runner.sweep_runner INFO: intensity=0.70 seed=1 ep=8 success=True steps=83
2026-03-04 23:27:31,858 trace.runner.sweep_runner INFO: intensity=0.70 seed=1 ep=9 success=True steps=105
2026-03-04 23:27:37,411 trace.runner.sweep_runner INFO: intensity=0.70 seed=2 ep=0 success=True steps=77
2026-03-04 23:27:45,149 trace.runner.sweep_runner INFO: intensity=0.70 seed=2 ep=1 success=True steps=118
2026-03-04 23:27:50,844 trace.runner.sweep_runner INFO: intensity=0.70 seed=2 ep=2 success=True steps=80
2026-03-04 23:27:56,355 trace.runner.sweep_runner INFO: intensity=0.70 seed=2 ep=3 success=True steps=78
2026-03-04 23:28:01,719 trace.runner.sweep_runner INFO: intensity=0.70 seed=2 ep=4 success=True steps=75
2026-03-04 23:28:06,886 trace.runner.sweep_runner INFO: intensity=0.70 seed=2 ep=5 success=True steps=72
2026-03-04 23:28:12,163 trace.runner.sweep_runner INFO: intensity=0.70 seed=2 ep=6 success=True steps=72
2026-03-04 23:28:18,218 trace.runner.sweep_runner INFO: intensity=0.70 seed=2 ep=7 success=True steps=83
2026-03-04 23:28:23,753 trace.runner.sweep_runner INFO: intensity=0.70 seed=2 ep=8 success=True steps=76
2026-03-04 23:28:28,861 trace.runner.sweep_runner INFO: intensity=0.70 seed=2 ep=9 success=True steps=73
2026-03-04 23:28:36,127 trace.runner.sweep_runner INFO: intensity=0.70 seed=3 ep=0 success=True steps=109
2026-03-04 23:28:41,813 trace.runner.sweep_runner INFO: intensity=0.70 seed=3 ep=1 success=True steps=83
2026-03-04 23:28:51,389 trace.runner.sweep_runner INFO: intensity=0.70 seed=3 ep=2 success=True steps=155
2026-03-04 23:28:58,727 trace.runner.sweep_runner INFO: intensity=0.70 seed=3 ep=3 success=True steps=110
2026-03-04 23:29:05,965 trace.runner.sweep_runner INFO: intensity=0.70 seed=3 ep=4 success=True steps=108
2026-03-04 23:29:12,435 trace.runner.sweep_runner INFO: intensity=0.70 seed=3 ep=5 success=True steps=102
2026-03-04 23:29:17,501 trace.runner.sweep_runner INFO: intensity=0.70 seed=3 ep=6 success=True steps=70
2026-03-04 23:29:23,503 trace.runner.sweep_runner INFO: intensity=0.70 seed=3 ep=7 success=True steps=90
2026-03-04 23:29:29,156 trace.runner.sweep_runner INFO: intensity=0.70 seed=3 ep=8 success=True steps=85
2026-03-04 23:29:34,383 trace.runner.sweep_runner INFO: intensity=0.70 seed=3 ep=9 success=True steps=74
2026-03-04 23:29:39,907 trace.runner.sweep_runner INFO: intensity=0.70 seed=4 ep=0 success=True steps=81
2026-03-04 23:29:45,836 trace.runner.sweep_runner INFO: intensity=0.70 seed=4 ep=1 success=True steps=82
2026-03-04 23:29:53,869 trace.runner.sweep_runner INFO: intensity=0.70 seed=4 ep=2 success=True steps=125
2026-03-04 23:29:59,436 trace.runner.sweep_runner INFO: intensity=0.70 seed=4 ep=3 success=True steps=75
2026-03-04 23:30:05,189 trace.runner.sweep_runner INFO: intensity=0.70 seed=4 ep=4 success=True steps=78
2026-03-04 23:30:12,909 trace.runner.sweep_runner INFO: intensity=0.70 seed=4 ep=5 success=True steps=115
2026-03-04 23:30:18,572 trace.runner.sweep_runner INFO: intensity=0.70 seed=4 ep=6 success=True steps=78
2026-03-04 23:30:24,329 trace.runner.sweep_runner INFO: intensity=0.70 seed=4 ep=7 success=True steps=82
2026-03-04 23:30:30,162 trace.runner.sweep_runner INFO: intensity=0.70 seed=4 ep=8 success=True steps=84
2026-03-04 23:30:35,319 trace.runner.sweep_runner INFO: intensity=0.70 seed=4 ep=9 success=True steps=73
2026-03-04 23:30:40,477 trace.runner.sweep_runner INFO: intensity=1.00 seed=0 ep=0 success=True steps=71
2026-03-04 23:30:51,860 trace.runner.sweep_runner INFO: intensity=1.00 seed=0 ep=1 success=True steps=105
2026-03-04 23:30:58,031 trace.runner.sweep_runner INFO: intensity=1.00 seed=0 ep=2 success=True steps=89
2026-03-04 23:31:02,752 trace.runner.sweep_runner INFO: intensity=1.00 seed=0 ep=3 success=True steps=69
2026-03-04 23:31:09,572 trace.runner.sweep_runner INFO: intensity=1.00 seed=0 ep=4 success=True steps=108
2026-03-04 23:31:15,381 trace.runner.sweep_runner INFO: intensity=1.00 seed=0 ep=5 success=True steps=79
2026-03-04 23:31:20,751 trace.runner.sweep_runner INFO: intensity=1.00 seed=0 ep=6 success=True steps=70
2026-03-04 23:31:28,781 trace.runner.sweep_runner INFO: intensity=1.00 seed=0 ep=7 success=True steps=119
2026-03-04 23:31:35,045 trace.runner.sweep_runner INFO: intensity=1.00 seed=0 ep=8 success=True steps=93
2026-03-04 23:31:41,737 trace.runner.sweep_runner INFO: intensity=1.00 seed=0 ep=9 success=True steps=109
2026-03-04 23:31:47,385 trace.runner.sweep_runner INFO: intensity=1.00 seed=1 ep=0 success=True steps=74
2026-03-04 23:31:54,167 trace.runner.sweep_runner INFO: intensity=1.00 seed=1 ep=1 success=True steps=109
2026-03-04 23:31:59,845 trace.runner.sweep_runner INFO: intensity=1.00 seed=1 ep=2 success=True steps=83
2026-03-04 23:32:06,151 trace.runner.sweep_runner INFO: intensity=1.00 seed=1 ep=3 success=True steps=86
2026-03-04 23:32:11,681 trace.runner.sweep_runner INFO: intensity=1.00 seed=1 ep=4 success=True steps=72
2026-03-04 23:32:17,268 trace.runner.sweep_runner INFO: intensity=1.00 seed=1 ep=5 success=True steps=75
2026-03-04 23:32:23,078 trace.runner.sweep_runner INFO: intensity=1.00 seed=1 ep=6 success=True steps=80
2026-03-04 23:32:32,475 trace.runner.sweep_runner INFO: intensity=1.00 seed=1 ep=7 success=True steps=145
2026-03-04 23:32:37,808 trace.runner.sweep_runner INFO: intensity=1.00 seed=1 ep=8 success=True steps=78
2026-03-04 23:32:45,514 trace.runner.sweep_runner INFO: intensity=1.00 seed=1 ep=9 success=True steps=115
2026-03-04 23:32:51,327 trace.runner.sweep_runner INFO: intensity=1.00 seed=2 ep=0 success=True steps=82
2026-03-04 23:32:59,356 trace.runner.sweep_runner INFO: intensity=1.00 seed=2 ep=1 success=True steps=124
2026-03-04 23:33:04,907 trace.runner.sweep_runner INFO: intensity=1.00 seed=2 ep=2 success=True steps=77
2026-03-04 23:33:10,059 trace.runner.sweep_runner INFO: intensity=1.00 seed=2 ep=3 success=True steps=72
2026-03-04 23:33:15,502 trace.runner.sweep_runner INFO: intensity=1.00 seed=2 ep=4 success=True steps=74
2026-03-04 23:33:22,719 trace.runner.sweep_runner INFO: intensity=1.00 seed=2 ep=5 success=True steps=113
2026-03-04 23:33:29,640 trace.runner.sweep_runner INFO: intensity=1.00 seed=2 ep=6 success=True steps=102
2026-03-04 23:33:35,869 trace.runner.sweep_runner INFO: intensity=1.00 seed=2 ep=7 success=True steps=85
2026-03-04 23:33:42,149 trace.runner.sweep_runner INFO: intensity=1.00 seed=2 ep=8 success=True steps=86
2026-03-04 23:33:48,739 trace.runner.sweep_runner INFO: intensity=1.00 seed=2 ep=9 success=True steps=99
2026-03-04 23:33:56,430 trace.runner.sweep_runner INFO: intensity=1.00 seed=3 ep=0 success=True steps=113
2026-03-04 23:34:03,548 trace.runner.sweep_runner INFO: intensity=1.00 seed=3 ep=1 success=True steps=107
2026-03-04 23:34:10,903 trace.runner.sweep_runner INFO: intensity=1.00 seed=3 ep=2 success=True steps=112
2026-03-04 23:34:18,479 trace.runner.sweep_runner INFO: intensity=1.00 seed=3 ep=3 success=True steps=111
2026-03-04 23:34:25,882 trace.runner.sweep_runner INFO: intensity=1.00 seed=3 ep=4 success=True steps=109
2026-03-04 23:34:33,147 trace.runner.sweep_runner INFO: intensity=1.00 seed=3 ep=5 success=True steps=117
2026-03-04 23:34:39,034 trace.runner.sweep_runner INFO: intensity=1.00 seed=3 ep=6 success=True steps=73
2026-03-04 23:34:47,606 trace.runner.sweep_runner INFO: intensity=1.00 seed=3 ep=7 success=True steps=82
2026-03-04 23:34:53,417 trace.runner.sweep_runner INFO: intensity=1.00 seed=3 ep=8 success=True steps=82
2026-03-04 23:35:00,570 trace.runner.sweep_runner INFO: intensity=1.00 seed=3 ep=9 success=True steps=106
2026-03-04 23:35:08,004 trace.runner.sweep_runner INFO: intensity=1.00 seed=4 ep=0 success=True steps=120
2026-03-04 23:35:13,939 trace.runner.sweep_runner INFO: intensity=1.00 seed=4 ep=1 success=True steps=79
2026-03-04 23:35:21,676 trace.runner.sweep_runner INFO: intensity=1.00 seed=4 ep=2 success=True steps=119
2026-03-04 23:35:27,695 trace.runner.sweep_runner INFO: intensity=1.00 seed=4 ep=3 success=True steps=81
2026-03-04 23:35:35,625 trace.runner.sweep_runner INFO: intensity=1.00 seed=4 ep=4 success=True steps=115
2026-03-04 23:35:41,819 trace.runner.sweep_runner INFO: intensity=1.00 seed=4 ep=5 success=True steps=87
2026-03-04 23:35:46,946 trace.runner.sweep_runner INFO: intensity=1.00 seed=4 ep=6 success=True steps=70
2026-03-04 23:35:52,242 trace.runner.sweep_runner INFO: intensity=1.00 seed=4 ep=7 success=True steps=74
2026-03-04 23:35:58,474 trace.runner.sweep_runner INFO: intensity=1.00 seed=4 ep=8 success=True steps=84
2026-03-04 23:36:03,782 trace.runner.sweep_runner INFO: intensity=1.00 seed=4 ep=9 success=True steps=72
2026-03-04 23:36:03,785 __main__ INFO:   baseline=100%, max_degradation=0%, breakpoint=none
2026-03-04 23:36:03,785 __main__ INFO: Running sweep 5/9: LongHorizonDriftStressor
2026-03-04 23:36:08,914 trace.runner.sweep_runner INFO: intensity=0.00 seed=0 ep=0 success=True steps=66
2026-03-04 23:36:16,107 trace.runner.sweep_runner INFO: intensity=0.00 seed=0 ep=1 success=True steps=108
2026-03-04 23:36:21,942 trace.runner.sweep_runner INFO: intensity=0.00 seed=0 ep=2 success=True steps=82
2026-03-04 23:36:27,628 trace.runner.sweep_runner INFO: intensity=0.00 seed=0 ep=3 success=True steps=77
2026-03-04 23:36:33,233 trace.runner.sweep_runner INFO: intensity=0.00 seed=0 ep=4 success=True steps=74
2026-03-04 23:36:38,808 trace.runner.sweep_runner INFO: intensity=0.00 seed=0 ep=5 success=True steps=74
2026-03-04 23:36:44,283 trace.runner.sweep_runner INFO: intensity=0.00 seed=0 ep=6 success=True steps=70
2026-03-04 23:36:50,569 trace.runner.sweep_runner INFO: intensity=0.00 seed=0 ep=7 success=True steps=84
2026-03-04 23:36:56,570 trace.runner.sweep_runner INFO: intensity=0.00 seed=0 ep=8 success=True steps=80
2026-03-04 23:37:04,047 trace.runner.sweep_runner INFO: intensity=0.00 seed=0 ep=9 success=True steps=106
2026-03-04 23:37:09,794 trace.runner.sweep_runner INFO: intensity=0.00 seed=1 ep=0 success=True steps=80
2026-03-04 23:37:22,743 trace.runner.sweep_runner INFO: intensity=0.00 seed=1 ep=1 success=True steps=207
2026-03-04 23:37:28,336 trace.runner.sweep_runner INFO: intensity=0.00 seed=1 ep=2 success=True steps=77
2026-03-04 23:37:33,895 trace.runner.sweep_runner INFO: intensity=0.00 seed=1 ep=3 success=True steps=76
2026-03-04 23:37:39,452 trace.runner.sweep_runner INFO: intensity=0.00 seed=1 ep=4 success=True steps=74
2026-03-04 23:37:45,014 trace.runner.sweep_runner INFO: intensity=0.00 seed=1 ep=5 success=True steps=74
2026-03-04 23:37:50,580 trace.runner.sweep_runner INFO: intensity=0.00 seed=1 ep=6 success=True steps=74
2026-03-04 23:37:56,460 trace.runner.sweep_runner INFO: intensity=0.00 seed=1 ep=7 success=True steps=79
2026-03-04 23:38:02,153 trace.runner.sweep_runner INFO: intensity=0.00 seed=1 ep=8 success=True steps=78
2026-03-04 23:38:07,878 trace.runner.sweep_runner INFO: intensity=0.00 seed=1 ep=9 success=True steps=78
2026-03-04 23:38:13,574 trace.runner.sweep_runner INFO: intensity=0.00 seed=2 ep=0 success=True steps=78
2026-03-04 23:38:20,685 trace.runner.sweep_runner INFO: intensity=0.00 seed=2 ep=1 success=True steps=106
2026-03-04 23:38:27,930 trace.runner.sweep_runner INFO: intensity=0.00 seed=2 ep=2 success=True steps=110
2026-03-04 23:38:33,600 trace.runner.sweep_runner INFO: intensity=0.00 seed=2 ep=3 success=True steps=77
2026-03-04 23:38:38,968 trace.runner.sweep_runner INFO: intensity=0.00 seed=2 ep=4 success=True steps=73
2026-03-04 23:38:44,152 trace.runner.sweep_runner INFO: intensity=0.00 seed=2 ep=5 success=True steps=70
2026-03-04 23:38:49,588 trace.runner.sweep_runner INFO: intensity=0.00 seed=2 ep=6 success=True steps=75
2026-03-04 23:38:55,651 trace.runner.sweep_runner INFO: intensity=0.00 seed=2 ep=7 success=True steps=82
2026-03-04 23:39:03,176 trace.runner.sweep_runner INFO: intensity=0.00 seed=2 ep=8 success=True steps=112
2026-03-04 23:39:08,458 trace.runner.sweep_runner INFO: intensity=0.00 seed=2 ep=9 success=True steps=71
2026-03-04 23:39:15,174 trace.runner.sweep_runner INFO: intensity=0.00 seed=3 ep=0 success=True steps=100
2026-03-04 23:39:22,131 trace.runner.sweep_runner INFO: intensity=0.00 seed=3 ep=1 success=True steps=104
2026-03-04 23:39:27,827 trace.runner.sweep_runner INFO: intensity=0.00 seed=3 ep=2 success=True steps=84
2026-03-04 23:39:33,488 trace.runner.sweep_runner INFO: intensity=0.00 seed=3 ep=3 success=True steps=80
2026-03-04 23:39:39,016 trace.runner.sweep_runner INFO: intensity=0.00 seed=3 ep=4 success=True steps=75
2026-03-04 23:39:46,210 trace.runner.sweep_runner INFO: intensity=0.00 seed=3 ep=5 success=True steps=103
2026-03-04 23:39:51,640 trace.runner.sweep_runner INFO: intensity=0.00 seed=3 ep=6 success=True steps=70
2026-03-04 23:39:57,852 trace.runner.sweep_runner INFO: intensity=0.00 seed=3 ep=7 success=True steps=83
2026-03-04 23:40:03,578 trace.runner.sweep_runner INFO: intensity=0.00 seed=3 ep=8 success=True steps=75
2026-03-04 23:40:09,199 trace.runner.sweep_runner INFO: intensity=0.00 seed=3 ep=9 success=True steps=73
2026-03-04 23:40:14,697 trace.runner.sweep_runner INFO: intensity=0.00 seed=4 ep=0 success=True steps=74
2026-03-04 23:40:21,630 trace.runner.sweep_runner INFO: intensity=0.00 seed=4 ep=1 success=True steps=104
2026-03-04 23:40:28,770 trace.runner.sweep_runner INFO: intensity=0.00 seed=4 ep=2 success=True steps=109
2026-03-04 23:40:39,572 trace.runner.sweep_runner INFO: intensity=0.00 seed=4 ep=3 success=True steps=168
2026-03-04 23:40:44,770 trace.runner.sweep_runner INFO: intensity=0.00 seed=4 ep=4 success=True steps=72
2026-03-04 23:40:50,259 trace.runner.sweep_runner INFO: intensity=0.00 seed=4 ep=5 success=True steps=78
2026-03-04 23:40:55,489 trace.runner.sweep_runner INFO: intensity=0.00 seed=4 ep=6 success=True steps=70
2026-03-04 23:41:00,941 trace.runner.sweep_runner INFO: intensity=0.00 seed=4 ep=7 success=True steps=75
2026-03-04 23:41:06,663 trace.runner.sweep_runner INFO: intensity=0.00 seed=4 ep=8 success=True steps=80
2026-03-04 23:41:11,977 trace.runner.sweep_runner INFO: intensity=0.00 seed=4 ep=9 success=True steps=74
2026-03-04 23:41:17,614 trace.runner.sweep_runner INFO: intensity=0.10 seed=0 ep=0 success=True steps=75
2026-03-04 23:41:22,971 trace.runner.sweep_runner INFO: intensity=0.10 seed=0 ep=1 success=True steps=75
2026-03-04 23:41:29,198 trace.runner.sweep_runner INFO: intensity=0.10 seed=0 ep=2 success=True steps=88
2026-03-04 23:41:35,023 trace.runner.sweep_runner INFO: intensity=0.10 seed=0 ep=3 success=True steps=76
2026-03-04 23:41:40,736 trace.runner.sweep_runner INFO: intensity=0.10 seed=0 ep=4 success=True steps=77
2026-03-04 23:41:46,641 trace.runner.sweep_runner INFO: intensity=0.10 seed=0 ep=5 success=True steps=79
2026-03-04 23:41:52,267 trace.runner.sweep_runner INFO: intensity=0.10 seed=0 ep=6 success=True steps=74
2026-03-04 23:41:58,190 trace.runner.sweep_runner INFO: intensity=0.10 seed=0 ep=7 success=True steps=78
2026-03-04 23:42:04,134 trace.runner.sweep_runner INFO: intensity=0.10 seed=0 ep=8 success=True steps=77
2026-03-04 23:42:11,569 trace.runner.sweep_runner INFO: intensity=0.10 seed=0 ep=9 success=True steps=107
2026-03-04 23:42:17,464 trace.runner.sweep_runner INFO: intensity=0.10 seed=1 ep=0 success=True steps=80
2026-03-04 23:42:24,890 trace.runner.sweep_runner INFO: intensity=0.10 seed=1 ep=1 success=True steps=107
2026-03-04 23:42:32,333 trace.runner.sweep_runner INFO: intensity=0.10 seed=1 ep=2 success=True steps=111
2026-03-04 23:42:37,751 trace.runner.sweep_runner INFO: intensity=0.10 seed=1 ep=3 success=True steps=75
2026-03-04 23:42:43,213 trace.runner.sweep_runner INFO: intensity=0.10 seed=1 ep=4 success=True steps=74
2026-03-04 23:42:50,652 trace.runner.sweep_runner INFO: intensity=0.10 seed=1 ep=5 success=True steps=111
2026-03-04 23:42:56,075 trace.runner.sweep_runner INFO: intensity=0.10 seed=1 ep=6 success=True steps=74
2026-03-04 23:43:01,705 trace.runner.sweep_runner INFO: intensity=0.10 seed=1 ep=7 success=True steps=76
2026-03-04 23:43:07,259 trace.runner.sweep_runner INFO: intensity=0.10 seed=1 ep=8 success=True steps=77
2026-03-04 23:43:14,287 trace.runner.sweep_runner INFO: intensity=0.10 seed=1 ep=9 success=True steps=105
2026-03-04 23:43:19,606 trace.runner.sweep_runner INFO: intensity=0.10 seed=2 ep=0 success=True steps=73
2026-03-04 23:43:25,128 trace.runner.sweep_runner INFO: intensity=0.10 seed=2 ep=1 success=True steps=78
2026-03-04 23:43:30,284 trace.runner.sweep_runner INFO: intensity=0.10 seed=2 ep=2 success=True steps=73
2026-03-04 23:43:35,833 trace.runner.sweep_runner INFO: intensity=0.10 seed=2 ep=3 success=True steps=77
2026-03-04 23:43:40,655 trace.runner.sweep_runner INFO: intensity=0.10 seed=2 ep=4 success=True steps=65
2026-03-04 23:43:46,228 trace.runner.sweep_runner INFO: intensity=0.10 seed=2 ep=5 success=True steps=78
2026-03-04 23:43:51,290 trace.runner.sweep_runner INFO: intensity=0.10 seed=2 ep=6 success=True steps=69
2026-03-04 23:43:57,319 trace.runner.sweep_runner INFO: intensity=0.10 seed=2 ep=7 success=True steps=83
2026-03-04 23:44:03,234 trace.runner.sweep_runner INFO: intensity=0.10 seed=2 ep=8 success=True steps=82
2026-03-04 23:44:08,563 trace.runner.sweep_runner INFO: intensity=0.10 seed=2 ep=9 success=True steps=73
2026-03-04 23:44:15,346 trace.runner.sweep_runner INFO: intensity=0.10 seed=3 ep=0 success=True steps=100
2026-03-04 23:44:22,262 trace.runner.sweep_runner INFO: intensity=0.10 seed=3 ep=1 success=True steps=104
2026-03-04 23:44:28,318 trace.runner.sweep_runner INFO: intensity=0.10 seed=3 ep=2 success=True steps=87
2026-03-04 23:44:33,878 trace.runner.sweep_runner INFO: intensity=0.10 seed=3 ep=3 success=True steps=77
2026-03-04 23:44:39,165 trace.runner.sweep_runner INFO: intensity=0.10 seed=3 ep=4 success=True steps=72
2026-03-04 23:44:46,082 trace.runner.sweep_runner INFO: intensity=0.10 seed=3 ep=5 success=True steps=103
2026-03-04 23:44:51,405 trace.runner.sweep_runner INFO: intensity=0.10 seed=3 ep=6 success=True steps=73
2026-03-04 23:44:57,338 trace.runner.sweep_runner INFO: intensity=0.10 seed=3 ep=7 success=True steps=82
2026-03-04 23:45:03,166 trace.runner.sweep_runner INFO: intensity=0.10 seed=3 ep=8 success=True steps=82
2026-03-04 23:45:08,428 trace.runner.sweep_runner INFO: intensity=0.10 seed=3 ep=9 success=True steps=73
2026-03-04 23:45:13,981 trace.runner.sweep_runner INFO: intensity=0.10 seed=4 ep=0 success=True steps=77
2026-03-04 23:45:19,186 trace.runner.sweep_runner INFO: intensity=0.10 seed=4 ep=1 success=True steps=72
2026-03-04 23:45:26,520 trace.runner.sweep_runner INFO: intensity=0.10 seed=4 ep=2 success=True steps=110
2026-03-04 23:45:32,162 trace.runner.sweep_runner INFO: intensity=0.10 seed=4 ep=3 success=True steps=78
2026-03-04 23:45:37,394 trace.runner.sweep_runner INFO: intensity=0.10 seed=4 ep=4 success=True steps=72
2026-03-04 23:45:43,055 trace.runner.sweep_runner INFO: intensity=0.10 seed=4 ep=5 success=True steps=78
2026-03-04 23:45:50,562 trace.runner.sweep_runner INFO: intensity=0.10 seed=4 ep=6 success=True steps=108
2026-03-04 23:45:56,248 trace.runner.sweep_runner INFO: intensity=0.10 seed=4 ep=7 success=True steps=80
2026-03-04 23:46:01,630 trace.runner.sweep_runner INFO: intensity=0.10 seed=4 ep=8 success=True steps=75
2026-03-04 23:46:06,996 trace.runner.sweep_runner INFO: intensity=0.10 seed=4 ep=9 success=True steps=72
2026-03-04 23:46:12,375 trace.runner.sweep_runner INFO: intensity=0.20 seed=0 ep=0 success=True steps=74
2026-03-04 23:46:17,750 trace.runner.sweep_runner INFO: intensity=0.20 seed=0 ep=1 success=True steps=75
2026-03-04 23:46:23,604 trace.runner.sweep_runner INFO: intensity=0.20 seed=0 ep=2 success=True steps=83
2026-03-04 23:46:29,340 trace.runner.sweep_runner INFO: intensity=0.20 seed=0 ep=3 success=True steps=80
2026-03-04 23:46:34,850 trace.runner.sweep_runner INFO: intensity=0.20 seed=0 ep=4 success=True steps=77
2026-03-04 23:46:40,168 trace.runner.sweep_runner INFO: intensity=0.20 seed=0 ep=5 success=True steps=74
2026-03-04 23:46:45,596 trace.runner.sweep_runner INFO: intensity=0.20 seed=0 ep=6 success=True steps=72
2026-03-04 23:46:51,394 trace.runner.sweep_runner INFO: intensity=0.20 seed=0 ep=7 success=True steps=80
2026-03-04 23:46:57,008 trace.runner.sweep_runner INFO: intensity=0.20 seed=0 ep=8 success=True steps=77
2026-03-04 23:47:02,336 trace.runner.sweep_runner INFO: intensity=0.20 seed=0 ep=9 success=True steps=71
2026-03-04 23:47:07,983 trace.runner.sweep_runner INFO: intensity=0.20 seed=1 ep=0 success=True steps=80
2026-03-04 23:47:13,489 trace.runner.sweep_runner INFO: intensity=0.20 seed=1 ep=1 success=True steps=77
2026-03-04 23:47:18,669 trace.runner.sweep_runner INFO: intensity=0.20 seed=1 ep=2 success=True steps=75
2026-03-04 23:47:24,206 trace.runner.sweep_runner INFO: intensity=0.20 seed=1 ep=3 success=True steps=76
2026-03-04 23:47:29,718 trace.runner.sweep_runner INFO: intensity=0.20 seed=1 ep=4 success=True steps=76
2026-03-04 23:47:35,446 trace.runner.sweep_runner INFO: intensity=0.20 seed=1 ep=5 success=True steps=79
2026-03-04 23:47:40,676 trace.runner.sweep_runner INFO: intensity=0.20 seed=1 ep=6 success=True steps=70
2026-03-04 23:47:46,568 trace.runner.sweep_runner INFO: intensity=0.20 seed=1 ep=7 success=True steps=79
2026-03-04 23:47:52,656 trace.runner.sweep_runner INFO: intensity=0.20 seed=1 ep=8 success=True steps=80
2026-03-04 23:47:58,453 trace.runner.sweep_runner INFO: intensity=0.20 seed=1 ep=9 success=True steps=76
2026-03-04 23:48:04,303 trace.runner.sweep_runner INFO: intensity=0.20 seed=2 ep=0 success=True steps=78
2026-03-04 23:48:13,935 trace.runner.sweep_runner INFO: intensity=0.20 seed=2 ep=1 success=True steps=146
2026-03-04 23:48:19,277 trace.runner.sweep_runner INFO: intensity=0.20 seed=2 ep=2 success=True steps=77
2026-03-04 23:48:24,879 trace.runner.sweep_runner INFO: intensity=0.20 seed=2 ep=3 success=True steps=78
2026-03-04 23:48:29,991 trace.runner.sweep_runner INFO: intensity=0.20 seed=2 ep=4 success=True steps=70
2026-03-04 23:48:35,564 trace.runner.sweep_runner INFO: intensity=0.20 seed=2 ep=5 success=True steps=77
2026-03-04 23:48:41,176 trace.runner.sweep_runner INFO: intensity=0.20 seed=2 ep=6 success=True steps=76
2026-03-04 23:48:47,149 trace.runner.sweep_runner INFO: intensity=0.20 seed=2 ep=7 success=True steps=82
2026-03-04 23:48:53,050 trace.runner.sweep_runner INFO: intensity=0.20 seed=2 ep=8 success=True steps=82
2026-03-04 23:48:58,459 trace.runner.sweep_runner INFO: intensity=0.20 seed=2 ep=9 success=True steps=75
2026-03-04 23:49:05,970 trace.runner.sweep_runner INFO: intensity=0.20 seed=3 ep=0 success=True steps=113
2026-03-04 23:49:13,304 trace.runner.sweep_runner INFO: intensity=0.20 seed=3 ep=1 success=True steps=109
2026-03-04 23:49:19,461 trace.runner.sweep_runner INFO: intensity=0.20 seed=3 ep=2 success=True steps=88
2026-03-04 23:49:24,759 trace.runner.sweep_runner INFO: intensity=0.20 seed=3 ep=3 success=True steps=73
2026-03-04 23:49:30,369 trace.runner.sweep_runner INFO: intensity=0.20 seed=3 ep=4 success=True steps=77
2026-03-04 23:49:35,560 trace.runner.sweep_runner INFO: intensity=0.20 seed=3 ep=5 success=True steps=71
2026-03-04 23:49:40,591 trace.runner.sweep_runner INFO: intensity=0.20 seed=3 ep=6 success=True steps=68
2026-03-04 23:49:46,643 trace.runner.sweep_runner INFO: intensity=0.20 seed=3 ep=7 success=True steps=83
2026-03-04 23:49:52,672 trace.runner.sweep_runner INFO: intensity=0.20 seed=3 ep=8 success=True steps=84
2026-03-04 23:49:58,054 trace.runner.sweep_runner INFO: intensity=0.20 seed=3 ep=9 success=True steps=74
2026-03-04 23:50:03,728 trace.runner.sweep_runner INFO: intensity=0.20 seed=4 ep=0 success=True steps=77
2026-03-04 23:50:09,321 trace.runner.sweep_runner INFO: intensity=0.20 seed=4 ep=1 success=True steps=78
2026-03-04 23:50:14,895 trace.runner.sweep_runner INFO: intensity=0.20 seed=4 ep=2 success=True steps=80
2026-03-04 23:50:20,393 trace.runner.sweep_runner INFO: intensity=0.20 seed=4 ep=3 success=True steps=76
2026-03-04 23:50:26,030 trace.runner.sweep_runner INFO: intensity=0.20 seed=4 ep=4 success=True steps=79
2026-03-04 23:50:31,680 trace.runner.sweep_runner INFO: intensity=0.20 seed=4 ep=5 success=True steps=79
2026-03-04 23:50:36,969 trace.runner.sweep_runner INFO: intensity=0.20 seed=4 ep=6 success=True steps=72
2026-03-04 23:50:42,672 trace.runner.sweep_runner INFO: intensity=0.20 seed=4 ep=7 success=True steps=78
2026-03-04 23:50:48,250 trace.runner.sweep_runner INFO: intensity=0.20 seed=4 ep=8 success=True steps=76
2026-03-04 23:50:53,795 trace.runner.sweep_runner INFO: intensity=0.20 seed=4 ep=9 success=True steps=77
2026-03-04 23:50:59,138 trace.runner.sweep_runner INFO: intensity=0.30 seed=0 ep=0 success=True steps=73
2026-03-04 23:51:06,407 trace.runner.sweep_runner INFO: intensity=0.30 seed=0 ep=1 success=True steps=105
2026-03-04 23:51:12,457 trace.runner.sweep_runner INFO: intensity=0.30 seed=0 ep=2 success=True steps=81
2026-03-04 23:51:18,128 trace.runner.sweep_runner INFO: intensity=0.30 seed=0 ep=3 success=True steps=78
2026-03-04 23:51:23,714 trace.runner.sweep_runner INFO: intensity=0.30 seed=0 ep=4 success=True steps=77
2026-03-04 23:51:29,301 trace.runner.sweep_runner INFO: intensity=0.30 seed=0 ep=5 success=True steps=76
2026-03-04 23:51:34,696 trace.runner.sweep_runner INFO: intensity=0.30 seed=0 ep=6 success=True steps=74
2026-03-04 23:51:40,386 trace.runner.sweep_runner INFO: intensity=0.30 seed=0 ep=7 success=True steps=78
2026-03-04 23:51:46,159 trace.runner.sweep_runner INFO: intensity=0.30 seed=0 ep=8 success=True steps=80
2026-03-04 23:51:53,098 trace.runner.sweep_runner INFO: intensity=0.30 seed=0 ep=9 success=True steps=102
2026-03-04 23:51:58,674 trace.runner.sweep_runner INFO: intensity=0.30 seed=1 ep=0 success=True steps=78
2026-03-04 23:52:06,108 trace.runner.sweep_runner INFO: intensity=0.30 seed=1 ep=1 success=True steps=111
2026-03-04 23:52:11,298 trace.runner.sweep_runner INFO: intensity=0.30 seed=1 ep=2 success=True steps=75
2026-03-04 23:52:16,816 trace.runner.sweep_runner INFO: intensity=0.30 seed=1 ep=3 success=True steps=76
2026-03-04 23:52:22,274 trace.runner.sweep_runner INFO: intensity=0.30 seed=1 ep=4 success=True steps=74
2026-03-04 23:52:27,932 trace.runner.sweep_runner INFO: intensity=0.30 seed=1 ep=5 success=True steps=77
2026-03-04 23:52:33,258 trace.runner.sweep_runner INFO: intensity=0.30 seed=1 ep=6 success=True steps=74
2026-03-04 23:52:39,218 trace.runner.sweep_runner INFO: intensity=0.30 seed=1 ep=7 success=True steps=82
2026-03-04 23:52:45,255 trace.runner.sweep_runner INFO: intensity=0.30 seed=1 ep=8 success=True steps=86
2026-03-04 23:52:50,487 trace.runner.sweep_runner INFO: intensity=0.30 seed=1 ep=9 success=True steps=72
2026-03-04 23:52:56,155 trace.runner.sweep_runner INFO: intensity=0.30 seed=2 ep=0 success=True steps=80
2026-03-04 23:53:03,380 trace.runner.sweep_runner INFO: intensity=0.30 seed=2 ep=1 success=True steps=108
2026-03-04 23:53:08,781 trace.runner.sweep_runner INFO: intensity=0.30 seed=2 ep=2 success=True steps=79
2026-03-04 23:53:14,117 trace.runner.sweep_runner INFO: intensity=0.30 seed=2 ep=3 success=True steps=74
2026-03-04 23:53:19,508 trace.runner.sweep_runner INFO: intensity=0.30 seed=2 ep=4 success=True steps=75
2026-03-04 23:53:24,861 trace.runner.sweep_runner INFO: intensity=0.30 seed=2 ep=5 success=True steps=73
2026-03-04 23:53:30,275 trace.runner.sweep_runner INFO: intensity=0.30 seed=2 ep=6 success=True steps=72
2026-03-04 23:53:36,615 trace.runner.sweep_runner INFO: intensity=0.30 seed=2 ep=7 success=True steps=81
2026-03-04 23:53:42,693 trace.runner.sweep_runner INFO: intensity=0.30 seed=2 ep=8 success=True steps=82
2026-03-04 23:53:48,344 trace.runner.sweep_runner INFO: intensity=0.30 seed=2 ep=9 success=True steps=74
2026-03-04 23:53:54,160 trace.runner.sweep_runner INFO: intensity=0.30 seed=3 ep=0 success=True steps=78
2026-03-04 23:54:00,207 trace.runner.sweep_runner INFO: intensity=0.30 seed=3 ep=1 success=True steps=81
2026-03-04 23:54:06,499 trace.runner.sweep_runner INFO: intensity=0.30 seed=3 ep=2 success=True steps=86
2026-03-04 23:54:12,205 trace.runner.sweep_runner INFO: intensity=0.30 seed=3 ep=3 success=True steps=75
2026-03-04 23:54:17,813 trace.runner.sweep_runner INFO: intensity=0.30 seed=3 ep=4 success=True steps=75
2026-03-04 23:54:23,246 trace.runner.sweep_runner INFO: intensity=0.30 seed=3 ep=5 success=True steps=75
2026-03-04 23:54:28,590 trace.runner.sweep_runner INFO: intensity=0.30 seed=3 ep=6 success=True steps=74
2026-03-04 23:54:34,685 trace.runner.sweep_runner INFO: intensity=0.30 seed=3 ep=7 success=True steps=85
2026-03-04 23:54:40,537 trace.runner.sweep_runner INFO: intensity=0.30 seed=3 ep=8 success=True steps=81
2026-03-04 23:54:45,875 trace.runner.sweep_runner INFO: intensity=0.30 seed=3 ep=9 success=True steps=71
2026-03-04 23:54:51,569 trace.runner.sweep_runner INFO: intensity=0.30 seed=4 ep=0 success=True steps=79
2026-03-04 23:54:58,952 trace.runner.sweep_runner INFO: intensity=0.30 seed=4 ep=1 success=True steps=110
2026-03-04 23:55:04,447 trace.runner.sweep_runner INFO: intensity=0.30 seed=4 ep=2 success=True steps=80
2026-03-04 23:55:10,437 trace.runner.sweep_runner INFO: intensity=0.30 seed=4 ep=3 success=True steps=84
2026-03-04 23:55:16,289 trace.runner.sweep_runner INFO: intensity=0.30 seed=4 ep=4 success=True steps=79
2026-03-04 23:55:22,190 trace.runner.sweep_runner INFO: intensity=0.30 seed=4 ep=5 success=True steps=80
2026-03-04 23:55:28,064 trace.runner.sweep_runner INFO: intensity=0.30 seed=4 ep=6 success=True steps=76
2026-03-04 23:55:33,676 trace.runner.sweep_runner INFO: intensity=0.30 seed=4 ep=7 success=True steps=75
2026-03-04 23:55:39,907 trace.runner.sweep_runner INFO: intensity=0.30 seed=4 ep=8 success=True steps=83
2026-03-04 23:55:45,489 trace.runner.sweep_runner INFO: intensity=0.30 seed=4 ep=9 success=True steps=73
2026-03-04 23:55:50,665 trace.runner.sweep_runner INFO: intensity=0.50 seed=0 ep=0 success=True steps=69
2026-03-04 23:55:56,247 trace.runner.sweep_runner INFO: intensity=0.50 seed=0 ep=1 success=True steps=77
2026-03-04 23:56:02,940 trace.runner.sweep_runner INFO: intensity=0.50 seed=0 ep=2 success=True steps=99
2026-03-04 23:56:08,944 trace.runner.sweep_runner INFO: intensity=0.50 seed=0 ep=3 success=True steps=84
2026-03-04 23:56:14,780 trace.runner.sweep_runner INFO: intensity=0.50 seed=0 ep=4 success=True steps=79
2026-03-04 23:56:20,389 trace.runner.sweep_runner INFO: intensity=0.50 seed=0 ep=5 success=True steps=79
2026-03-04 23:56:25,890 trace.runner.sweep_runner INFO: intensity=0.50 seed=0 ep=6 success=True steps=72
2026-03-04 23:56:31,556 trace.runner.sweep_runner INFO: intensity=0.50 seed=0 ep=7 success=True steps=79
2026-03-04 23:56:37,290 trace.runner.sweep_runner INFO: intensity=0.50 seed=0 ep=8 success=True steps=80
2026-03-04 23:56:42,360 trace.runner.sweep_runner INFO: intensity=0.50 seed=0 ep=9 success=True steps=69
2026-03-04 23:56:48,152 trace.runner.sweep_runner INFO: intensity=0.50 seed=1 ep=0 success=True steps=80
2026-03-04 23:56:53,955 trace.runner.sweep_runner INFO: intensity=0.50 seed=1 ep=1 success=True steps=81
2026-03-04 23:56:59,618 trace.runner.sweep_runner INFO: intensity=0.50 seed=1 ep=2 success=True steps=82
2026-03-04 23:57:05,200 trace.runner.sweep_runner INFO: intensity=0.50 seed=1 ep=3 success=True steps=77
2026-03-04 23:57:10,904 trace.runner.sweep_runner INFO: intensity=0.50 seed=1 ep=4 success=True steps=79
2026-03-04 23:57:16,004 trace.runner.sweep_runner INFO: intensity=0.50 seed=1 ep=5 success=True steps=69
2026-03-04 23:57:21,350 trace.runner.sweep_runner INFO: intensity=0.50 seed=1 ep=6 success=True steps=72
2026-03-04 23:57:27,325 trace.runner.sweep_runner INFO: intensity=0.50 seed=1 ep=7 success=True steps=81
2026-03-04 23:57:35,554 trace.runner.sweep_runner INFO: intensity=0.50 seed=1 ep=8 success=True steps=119
2026-03-04 23:57:40,973 trace.runner.sweep_runner INFO: intensity=0.50 seed=1 ep=9 success=True steps=74
2026-03-04 23:57:46,699 trace.runner.sweep_runner INFO: intensity=0.50 seed=2 ep=0 success=True steps=79
2026-03-04 23:57:52,873 trace.runner.sweep_runner INFO: intensity=0.50 seed=2 ep=1 success=True steps=89
2026-03-04 23:58:01,288 trace.runner.sweep_runner INFO: intensity=0.50 seed=2 ep=2 success=True steps=128
2026-03-04 23:58:06,958 trace.runner.sweep_runner INFO: intensity=0.50 seed=2 ep=3 success=True steps=77
2026-03-04 23:58:12,375 trace.runner.sweep_runner INFO: intensity=0.50 seed=2 ep=4 success=True steps=75
2026-03-04 23:58:18,088 trace.runner.sweep_runner INFO: intensity=0.50 seed=2 ep=5 success=True steps=78
2026-03-04 23:58:23,511 trace.runner.sweep_runner INFO: intensity=0.50 seed=2 ep=6 success=True steps=74
2026-03-04 23:58:29,776 trace.runner.sweep_runner INFO: intensity=0.50 seed=2 ep=7 success=True steps=87
2026-03-04 23:58:35,598 trace.runner.sweep_runner INFO: intensity=0.50 seed=2 ep=8 success=True steps=80
2026-03-04 23:58:41,943 trace.runner.sweep_runner INFO: intensity=0.50 seed=2 ep=9 success=True steps=86
2026-03-04 23:58:51,973 trace.runner.sweep_runner INFO: intensity=0.50 seed=3 ep=0 success=True steps=154
2026-03-04 23:58:57,541 trace.runner.sweep_runner INFO: intensity=0.50 seed=3 ep=1 success=True steps=78
2026-03-04 23:59:03,383 trace.runner.sweep_runner INFO: intensity=0.50 seed=3 ep=2 success=True steps=85
2026-03-04 23:59:09,333 trace.runner.sweep_runner INFO: intensity=0.50 seed=3 ep=3 success=True steps=83
2026-03-04 23:59:14,904 trace.runner.sweep_runner INFO: intensity=0.50 seed=3 ep=4 success=True steps=76
2026-03-04 23:59:20,461 trace.runner.sweep_runner INFO: intensity=0.50 seed=3 ep=5 success=True steps=78
2026-03-04 23:59:26,125 trace.runner.sweep_runner INFO: intensity=0.50 seed=3 ep=6 success=True steps=76
2026-03-04 23:59:32,204 trace.runner.sweep_runner INFO: intensity=0.50 seed=3 ep=7 success=True steps=85
2026-03-04 23:59:38,567 trace.runner.sweep_runner INFO: intensity=0.50 seed=3 ep=8 success=True steps=89
2026-03-04 23:59:43,887 trace.runner.sweep_runner INFO: intensity=0.50 seed=3 ep=9 success=True steps=72
2026-03-04 23:59:49,651 trace.runner.sweep_runner INFO: intensity=0.50 seed=4 ep=0 success=True steps=81
2026-03-04 23:59:55,302 trace.runner.sweep_runner INFO: intensity=0.50 seed=4 ep=1 success=True steps=78
2026-03-05 00:00:02,779 trace.runner.sweep_runner INFO: intensity=0.50 seed=4 ep=2 success=True steps=115
2026-03-05 00:00:08,452 trace.runner.sweep_runner INFO: intensity=0.50 seed=4 ep=3 success=True steps=79
2026-03-05 00:00:14,977 trace.runner.sweep_runner INFO: intensity=0.50 seed=4 ep=4 success=True steps=82
2026-03-05 00:00:20,819 trace.runner.sweep_runner INFO: intensity=0.50 seed=4 ep=5 success=True steps=82
2026-03-05 00:00:31,413 trace.runner.sweep_runner INFO: intensity=0.50 seed=4 ep=6 success=True steps=161
2026-03-05 00:00:37,524 trace.runner.sweep_runner INFO: intensity=0.50 seed=4 ep=7 success=True steps=84
2026-03-05 00:00:43,244 trace.runner.sweep_runner INFO: intensity=0.50 seed=4 ep=8 success=True steps=77
2026-03-05 00:00:48,776 trace.runner.sweep_runner INFO: intensity=0.50 seed=4 ep=9 success=True steps=75
2026-03-05 00:00:59,960 trace.runner.sweep_runner INFO: intensity=0.70 seed=0 ep=0 success=True steps=165
2026-03-05 00:01:07,884 trace.runner.sweep_runner INFO: intensity=0.70 seed=0 ep=1 success=True steps=112
2026-03-05 00:01:17,831 trace.runner.sweep_runner INFO: intensity=0.70 seed=0 ep=2 success=True steps=83
2026-03-05 00:01:33,855 trace.runner.sweep_runner INFO: intensity=0.70 seed=0 ep=3 success=False steps=220
2026-03-05 00:01:39,923 trace.runner.sweep_runner INFO: intensity=0.70 seed=0 ep=4 success=True steps=83
2026-03-05 00:01:45,609 trace.runner.sweep_runner INFO: intensity=0.70 seed=0 ep=5 success=True steps=77
2026-03-05 00:01:59,620 trace.runner.sweep_runner INFO: intensity=0.70 seed=0 ep=6 success=False steps=220
2026-03-05 00:02:07,129 trace.runner.sweep_runner INFO: intensity=0.70 seed=0 ep=7 success=True steps=110
2026-03-05 00:02:13,981 trace.runner.sweep_runner INFO: intensity=0.70 seed=0 ep=8 success=True steps=96
2026-03-05 00:02:21,852 trace.runner.sweep_runner INFO: intensity=0.70 seed=0 ep=9 success=True steps=118
2026-03-05 00:02:27,698 trace.runner.sweep_runner INFO: intensity=0.70 seed=1 ep=0 success=True steps=81
2026-03-05 00:02:33,837 trace.runner.sweep_runner INFO: intensity=0.70 seed=1 ep=1 success=True steps=88
2026-03-05 00:02:39,579 trace.runner.sweep_runner INFO: intensity=0.70 seed=1 ep=2 success=True steps=83
2026-03-05 00:02:45,190 trace.runner.sweep_runner INFO: intensity=0.70 seed=1 ep=3 success=True steps=76
2026-03-05 00:02:50,820 trace.runner.sweep_runner INFO: intensity=0.70 seed=1 ep=4 success=True steps=76
2026-03-05 00:02:56,758 trace.runner.sweep_runner INFO: intensity=0.70 seed=1 ep=5 success=True steps=85
2026-03-05 00:03:02,122 trace.runner.sweep_runner INFO: intensity=0.70 seed=1 ep=6 success=True steps=72
2026-03-05 00:03:07,700 trace.runner.sweep_runner INFO: intensity=0.70 seed=1 ep=7 success=True steps=78
2026-03-05 00:03:21,414 trace.runner.sweep_runner INFO: intensity=0.70 seed=1 ep=8 success=False steps=220
2026-03-05 00:03:29,179 trace.runner.sweep_runner INFO: intensity=0.70 seed=1 ep=9 success=True steps=74
2026-03-05 00:03:35,053 trace.runner.sweep_runner INFO: intensity=0.70 seed=2 ep=0 success=True steps=80
2026-03-05 00:03:41,832 trace.runner.sweep_runner INFO: intensity=0.70 seed=2 ep=1 success=True steps=92
2026-03-05 00:03:53,529 trace.runner.sweep_runner INFO: intensity=0.70 seed=2 ep=2 success=True steps=124
2026-03-05 00:03:59,391 trace.runner.sweep_runner INFO: intensity=0.70 seed=2 ep=3 success=True steps=78
2026-03-05 00:04:04,849 trace.runner.sweep_runner INFO: intensity=0.70 seed=2 ep=4 success=True steps=75
2026-03-05 00:04:10,663 trace.runner.sweep_runner INFO: intensity=0.70 seed=2 ep=5 success=True steps=80
2026-03-05 00:04:16,188 trace.runner.sweep_runner INFO: intensity=0.70 seed=2 ep=6 success=True steps=76
2026-03-05 00:04:22,024 trace.runner.sweep_runner INFO: intensity=0.70 seed=2 ep=7 success=True steps=82
2026-03-05 00:04:28,192 trace.runner.sweep_runner INFO: intensity=0.70 seed=2 ep=8 success=True steps=85
2026-03-05 00:04:39,204 trace.runner.sweep_runner INFO: intensity=0.70 seed=2 ep=9 success=True steps=96
2026-03-05 00:04:48,653 trace.runner.sweep_runner INFO: intensity=0.70 seed=3 ep=0 success=True steps=121
2026-03-05 00:04:54,435 trace.runner.sweep_runner INFO: intensity=0.70 seed=3 ep=1 success=True steps=79
2026-03-05 00:05:00,491 trace.runner.sweep_runner INFO: intensity=0.70 seed=3 ep=2 success=True steps=85
2026-03-05 00:05:07,531 trace.runner.sweep_runner INFO: intensity=0.70 seed=3 ep=3 success=True steps=100
2026-03-05 00:05:13,152 trace.runner.sweep_runner INFO: intensity=0.70 seed=3 ep=4 success=True steps=76
2026-03-05 00:05:18,722 trace.runner.sweep_runner INFO: intensity=0.70 seed=3 ep=5 success=True steps=76
2026-03-05 00:05:24,140 trace.runner.sweep_runner INFO: intensity=0.70 seed=3 ep=6 success=True steps=74
2026-03-05 00:05:30,394 trace.runner.sweep_runner INFO: intensity=0.70 seed=3 ep=7 success=True steps=87
2026-03-05 00:05:36,578 trace.runner.sweep_runner INFO: intensity=0.70 seed=3 ep=8 success=True steps=85
2026-03-05 00:05:41,721 trace.runner.sweep_runner INFO: intensity=0.70 seed=3 ep=9 success=True steps=66
2026-03-05 00:05:47,606 trace.runner.sweep_runner INFO: intensity=0.70 seed=4 ep=0 success=True steps=84
2026-03-05 00:05:53,688 trace.runner.sweep_runner INFO: intensity=0.70 seed=4 ep=1 success=True steps=86
2026-03-05 00:06:07,444 trace.runner.sweep_runner INFO: intensity=0.70 seed=4 ep=2 success=False steps=220
2026-03-05 00:06:14,332 trace.runner.sweep_runner INFO: intensity=0.70 seed=4 ep=3 success=True steps=96
2026-03-05 00:06:19,635 trace.runner.sweep_runner INFO: intensity=0.70 seed=4 ep=4 success=True steps=73
2026-03-05 00:06:25,236 trace.runner.sweep_runner INFO: intensity=0.70 seed=4 ep=5 success=True steps=78
2026-03-05 00:06:39,010 trace.runner.sweep_runner INFO: intensity=0.70 seed=4 ep=6 success=False steps=220
2026-03-05 00:06:52,973 trace.runner.sweep_runner INFO: intensity=0.70 seed=4 ep=7 success=False steps=220
2026-03-05 00:06:58,615 trace.runner.sweep_runner INFO: intensity=0.70 seed=4 ep=8 success=True steps=78
2026-03-05 00:07:04,361 trace.runner.sweep_runner INFO: intensity=0.70 seed=4 ep=9 success=True steps=79
2026-03-05 00:07:10,558 trace.runner.sweep_runner INFO: intensity=1.00 seed=0 ep=0 success=True steps=86
2026-03-05 00:07:15,866 trace.runner.sweep_runner INFO: intensity=1.00 seed=0 ep=1 success=True steps=72
2026-03-05 00:07:22,249 trace.runner.sweep_runner INFO: intensity=1.00 seed=0 ep=2 success=True steps=92
2026-03-05 00:07:28,744 trace.runner.sweep_runner INFO: intensity=1.00 seed=0 ep=3 success=True steps=91
2026-03-05 00:07:42,596 trace.runner.sweep_runner INFO: intensity=1.00 seed=0 ep=4 success=False steps=220
2026-03-05 00:07:49,880 trace.runner.sweep_runner INFO: intensity=1.00 seed=0 ep=5 success=True steps=102
2026-03-05 00:07:56,295 trace.runner.sweep_runner INFO: intensity=1.00 seed=0 ep=6 success=True steps=87
2026-03-05 00:08:03,662 trace.runner.sweep_runner INFO: intensity=1.00 seed=0 ep=7 success=True steps=101
2026-03-05 00:08:10,438 trace.runner.sweep_runner INFO: intensity=1.00 seed=0 ep=8 success=True steps=92
2026-03-05 00:08:19,311 trace.runner.sweep_runner INFO: intensity=1.00 seed=0 ep=9 success=True steps=134
2026-03-05 00:08:33,182 trace.runner.sweep_runner INFO: intensity=1.00 seed=1 ep=0 success=False steps=220
2026-03-05 00:08:40,751 trace.runner.sweep_runner INFO: intensity=1.00 seed=1 ep=1 success=True steps=110
2026-03-05 00:08:46,532 trace.runner.sweep_runner INFO: intensity=1.00 seed=1 ep=2 success=True steps=85
2026-03-05 00:08:58,296 trace.runner.sweep_runner INFO: intensity=1.00 seed=1 ep=3 success=True steps=179
2026-03-05 00:09:12,239 trace.runner.sweep_runner INFO: intensity=1.00 seed=1 ep=4 success=False steps=220
2026-03-05 00:09:17,703 trace.runner.sweep_runner INFO: intensity=1.00 seed=1 ep=5 success=True steps=74
2026-03-05 00:09:23,581 trace.runner.sweep_runner INFO: intensity=1.00 seed=1 ep=6 success=True steps=81
2026-03-05 00:09:29,814 trace.runner.sweep_runner INFO: intensity=1.00 seed=1 ep=7 success=True steps=86
2026-03-05 00:09:43,571 trace.runner.sweep_runner INFO: intensity=1.00 seed=1 ep=8 success=False steps=220
2026-03-05 00:09:57,568 trace.runner.sweep_runner INFO: intensity=1.00 seed=1 ep=9 success=False steps=220
2026-03-05 00:10:03,517 trace.runner.sweep_runner INFO: intensity=1.00 seed=2 ep=0 success=True steps=85
2026-03-05 00:10:09,744 trace.runner.sweep_runner INFO: intensity=1.00 seed=2 ep=1 success=True steps=90
2026-03-05 00:10:20,834 trace.runner.sweep_runner INFO: intensity=1.00 seed=2 ep=2 success=True steps=166
2026-03-05 00:10:34,445 trace.runner.sweep_runner INFO: intensity=1.00 seed=2 ep=3 success=True steps=210
2026-03-05 00:10:40,230 trace.runner.sweep_runner INFO: intensity=1.00 seed=2 ep=4 success=True steps=77
2026-03-05 00:10:46,175 trace.runner.sweep_runner INFO: intensity=1.00 seed=2 ep=5 success=True steps=82
2026-03-05 00:10:51,855 trace.runner.sweep_runner INFO: intensity=1.00 seed=2 ep=6 success=True steps=76
2026-03-05 00:10:58,216 trace.runner.sweep_runner INFO: intensity=1.00 seed=2 ep=7 success=True steps=90
2026-03-05 00:11:05,122 trace.runner.sweep_runner INFO: intensity=1.00 seed=2 ep=8 success=True steps=98
2026-03-05 00:11:19,092 trace.runner.sweep_runner INFO: intensity=1.00 seed=2 ep=9 success=False steps=220
2026-03-05 00:11:24,538 trace.runner.sweep_runner INFO: intensity=1.00 seed=3 ep=0 success=True steps=73
2026-03-05 00:11:38,714 trace.runner.sweep_runner INFO: intensity=1.00 seed=3 ep=1 success=False steps=220
2026-03-05 00:11:45,671 trace.runner.sweep_runner INFO: intensity=1.00 seed=3 ep=2 success=True steps=104
2026-03-05 00:11:52,476 trace.runner.sweep_runner INFO: intensity=1.00 seed=3 ep=3 success=True steps=93
2026-03-05 00:11:58,565 trace.runner.sweep_runner INFO: intensity=1.00 seed=3 ep=4 success=True steps=82
2026-03-05 00:12:04,929 trace.runner.sweep_runner INFO: intensity=1.00 seed=3 ep=5 success=True steps=89
2026-03-05 00:12:10,853 trace.runner.sweep_runner INFO: intensity=1.00 seed=3 ep=6 success=True steps=81
2026-03-05 00:12:24,844 trace.runner.sweep_runner INFO: intensity=1.00 seed=3 ep=7 success=False steps=220
2026-03-05 00:12:30,998 trace.runner.sweep_runner INFO: intensity=1.00 seed=3 ep=8 success=True steps=84
2026-03-05 00:12:36,747 trace.runner.sweep_runner INFO: intensity=1.00 seed=3 ep=9 success=True steps=79
2026-03-05 00:12:43,922 trace.runner.sweep_runner INFO: intensity=1.00 seed=4 ep=0 success=True steps=105
2026-03-05 00:12:52,290 trace.runner.sweep_runner INFO: intensity=1.00 seed=4 ep=1 success=True steps=126
2026-03-05 00:12:58,638 trace.runner.sweep_runner INFO: intensity=1.00 seed=4 ep=2 success=True steps=91
2026-03-05 00:13:06,531 trace.runner.sweep_runner INFO: intensity=1.00 seed=4 ep=3 success=True steps=117
2026-03-05 00:13:13,029 trace.runner.sweep_runner INFO: intensity=1.00 seed=4 ep=4 success=True steps=92
2026-03-05 00:13:19,427 trace.runner.sweep_runner INFO: intensity=1.00 seed=4 ep=5 success=True steps=89
2026-03-05 00:13:25,219 trace.runner.sweep_runner INFO: intensity=1.00 seed=4 ep=6 success=True steps=77
2026-03-05 00:13:31,406 trace.runner.sweep_runner INFO: intensity=1.00 seed=4 ep=7 success=True steps=88
2026-03-05 00:13:45,409 trace.runner.sweep_runner INFO: intensity=1.00 seed=4 ep=8 success=False steps=220
2026-03-05 00:13:51,230 trace.runner.sweep_runner INFO: intensity=1.00 seed=4 ep=9 success=True steps=81
2026-03-05 00:13:51,232 __main__ INFO:   baseline=100%, max_degradation=18%, breakpoint=none
2026-03-05 00:13:51,232 __main__ INFO: Running sweep 6/9: ImageNoiseStressor
2026-03-05 00:13:56,314 trace.runner.sweep_runner INFO: intensity=0.00 seed=0 ep=0 success=True steps=69
2026-03-05 00:14:03,634 trace.runner.sweep_runner INFO: intensity=0.00 seed=0 ep=1 success=True steps=108
2026-03-05 00:14:09,302 trace.runner.sweep_runner INFO: intensity=0.00 seed=0 ep=2 success=True steps=79
2026-03-05 00:14:14,945 trace.runner.sweep_runner INFO: intensity=0.00 seed=0 ep=3 success=True steps=77
2026-03-05 00:14:20,453 trace.runner.sweep_runner INFO: intensity=0.00 seed=0 ep=4 success=True steps=75
2026-03-05 00:14:26,247 trace.runner.sweep_runner INFO: intensity=0.00 seed=0 ep=5 success=True steps=80
2026-03-05 00:14:31,496 trace.runner.sweep_runner INFO: intensity=0.00 seed=0 ep=6 success=True steps=69
2026-03-05 00:14:37,669 trace.runner.sweep_runner INFO: intensity=0.00 seed=0 ep=7 success=True steps=83
2026-03-05 00:14:43,343 trace.runner.sweep_runner INFO: intensity=0.00 seed=0 ep=8 success=True steps=77
2026-03-05 00:14:50,419 trace.runner.sweep_runner INFO: intensity=0.00 seed=0 ep=9 success=True steps=104
2026-03-05 00:14:56,107 trace.runner.sweep_runner INFO: intensity=0.00 seed=1 ep=0 success=True steps=78
2026-03-05 00:15:01,737 trace.runner.sweep_runner INFO: intensity=0.00 seed=1 ep=1 success=True steps=76
2026-03-05 00:15:07,177 trace.runner.sweep_runner INFO: intensity=0.00 seed=1 ep=2 success=True steps=77
2026-03-05 00:15:12,759 trace.runner.sweep_runner INFO: intensity=0.00 seed=1 ep=3 success=True steps=76
2026-03-05 00:15:18,318 trace.runner.sweep_runner INFO: intensity=0.00 seed=1 ep=4 success=True steps=75
2026-03-05 00:15:23,968 trace.runner.sweep_runner INFO: intensity=0.00 seed=1 ep=5 success=True steps=78
2026-03-05 00:15:29,574 trace.runner.sweep_runner INFO: intensity=0.00 seed=1 ep=6 success=True steps=76
2026-03-05 00:15:35,419 trace.runner.sweep_runner INFO: intensity=0.00 seed=1 ep=7 success=True steps=80
2026-03-05 00:15:41,579 trace.runner.sweep_runner INFO: intensity=0.00 seed=1 ep=8 success=True steps=83
2026-03-05 00:15:46,933 trace.runner.sweep_runner INFO: intensity=0.00 seed=1 ep=9 success=True steps=72
2026-03-05 00:15:52,643 trace.runner.sweep_runner INFO: intensity=0.00 seed=2 ep=0 success=True steps=78
2026-03-05 00:15:59,680 trace.runner.sweep_runner INFO: intensity=0.00 seed=2 ep=1 success=True steps=103
2026-03-05 00:16:04,982 trace.runner.sweep_runner INFO: intensity=0.00 seed=2 ep=2 success=True steps=74
2026-03-05 00:16:10,697 trace.runner.sweep_runner INFO: intensity=0.00 seed=2 ep=3 success=True steps=77
2026-03-05 00:16:16,223 trace.runner.sweep_runner INFO: intensity=0.00 seed=2 ep=4 success=True steps=74
2026-03-05 00:16:21,887 trace.runner.sweep_runner INFO: intensity=0.00 seed=2 ep=5 success=True steps=76
2026-03-05 00:16:27,169 trace.runner.sweep_runner INFO: intensity=0.00 seed=2 ep=6 success=True steps=72
2026-03-05 00:16:33,064 trace.runner.sweep_runner INFO: intensity=0.00 seed=2 ep=7 success=True steps=81
2026-03-05 00:16:38,817 trace.runner.sweep_runner INFO: intensity=0.00 seed=2 ep=8 success=True steps=79
2026-03-05 00:16:44,299 trace.runner.sweep_runner INFO: intensity=0.00 seed=2 ep=9 success=True steps=75
2026-03-05 00:16:49,719 trace.runner.sweep_runner INFO: intensity=0.00 seed=3 ep=0 success=True steps=75
2026-03-05 00:16:56,680 trace.runner.sweep_runner INFO: intensity=0.00 seed=3 ep=1 success=True steps=102
2026-03-05 00:17:02,852 trace.runner.sweep_runner INFO: intensity=0.00 seed=3 ep=2 success=True steps=87
2026-03-05 00:17:08,645 trace.runner.sweep_runner INFO: intensity=0.00 seed=3 ep=3 success=True steps=79
2026-03-05 00:17:14,250 trace.runner.sweep_runner INFO: intensity=0.00 seed=3 ep=4 success=True steps=75
2026-03-05 00:17:21,240 trace.runner.sweep_runner INFO: intensity=0.00 seed=3 ep=5 success=True steps=102
2026-03-05 00:17:26,716 trace.runner.sweep_runner INFO: intensity=0.00 seed=3 ep=6 success=True steps=71
2026-03-05 00:17:32,706 trace.runner.sweep_runner INFO: intensity=0.00 seed=3 ep=7 success=True steps=83
2026-03-05 00:17:38,466 trace.runner.sweep_runner INFO: intensity=0.00 seed=3 ep=8 success=True steps=79
2026-03-05 00:17:43,857 trace.runner.sweep_runner INFO: intensity=0.00 seed=3 ep=9 success=True steps=74
2026-03-05 00:17:49,493 trace.runner.sweep_runner INFO: intensity=0.00 seed=4 ep=0 success=True steps=76
2026-03-05 00:17:54,992 trace.runner.sweep_runner INFO: intensity=0.00 seed=4 ep=1 success=True steps=74
2026-03-05 00:18:01,819 trace.runner.sweep_runner INFO: intensity=0.00 seed=4 ep=2 success=True steps=99
2026-03-05 00:18:07,163 trace.runner.sweep_runner INFO: intensity=0.00 seed=4 ep=3 success=True steps=71
2026-03-05 00:18:12,507 trace.runner.sweep_runner INFO: intensity=0.00 seed=4 ep=4 success=True steps=73
2026-03-05 00:18:18,144 trace.runner.sweep_runner INFO: intensity=0.00 seed=4 ep=5 success=True steps=78
2026-03-05 00:18:23,224 trace.runner.sweep_runner INFO: intensity=0.00 seed=4 ep=6 success=True steps=67
2026-03-05 00:18:29,008 trace.runner.sweep_runner INFO: intensity=0.00 seed=4 ep=7 success=True steps=77
2026-03-05 00:18:34,616 trace.runner.sweep_runner INFO: intensity=0.00 seed=4 ep=8 success=True steps=78
2026-03-05 00:18:40,247 trace.runner.sweep_runner INFO: intensity=0.00 seed=4 ep=9 success=True steps=78
2026-03-05 00:18:46,044 trace.runner.sweep_runner INFO: intensity=0.10 seed=0 ep=0 success=True steps=72
2026-03-05 00:18:53,995 trace.runner.sweep_runner INFO: intensity=0.10 seed=0 ep=1 success=True steps=106
2026-03-05 00:19:00,538 trace.runner.sweep_runner INFO: intensity=0.10 seed=0 ep=2 success=True steps=85
2026-03-05 00:19:06,700 trace.runner.sweep_runner INFO: intensity=0.10 seed=0 ep=3 success=True steps=77
2026-03-05 00:19:12,623 trace.runner.sweep_runner INFO: intensity=0.10 seed=0 ep=4 success=True steps=74
2026-03-05 00:19:18,379 trace.runner.sweep_runner INFO: intensity=0.10 seed=0 ep=5 success=True steps=71
2026-03-05 00:19:24,135 trace.runner.sweep_runner INFO: intensity=0.10 seed=0 ep=6 success=True steps=70
2026-03-05 00:19:30,657 trace.runner.sweep_runner INFO: intensity=0.10 seed=0 ep=7 success=True steps=81
2026-03-05 00:19:36,884 trace.runner.sweep_runner INFO: intensity=0.10 seed=0 ep=8 success=True steps=78
2026-03-05 00:19:44,862 trace.runner.sweep_runner INFO: intensity=0.10 seed=0 ep=9 success=True steps=106
2026-03-05 00:19:51,144 trace.runner.sweep_runner INFO: intensity=0.10 seed=1 ep=0 success=True steps=79
2026-03-05 00:19:59,153 trace.runner.sweep_runner INFO: intensity=0.10 seed=1 ep=1 success=True steps=107
2026-03-05 00:20:05,662 trace.runner.sweep_runner INFO: intensity=0.10 seed=1 ep=2 success=True steps=85
2026-03-05 00:20:12,037 trace.runner.sweep_runner INFO: intensity=0.10 seed=1 ep=3 success=True steps=79
2026-03-05 00:20:18,160 trace.runner.sweep_runner INFO: intensity=0.10 seed=1 ep=4 success=True steps=75
2026-03-05 00:20:24,420 trace.runner.sweep_runner INFO: intensity=0.10 seed=1 ep=5 success=True steps=78
2026-03-05 00:20:30,268 trace.runner.sweep_runner INFO: intensity=0.10 seed=1 ep=6 success=True steps=71
2026-03-05 00:20:36,733 trace.runner.sweep_runner INFO: intensity=0.10 seed=1 ep=7 success=True steps=80
2026-03-05 00:20:42,955 trace.runner.sweep_runner INFO: intensity=0.10 seed=1 ep=8 success=True steps=77
2026-03-05 00:20:49,085 trace.runner.sweep_runner INFO: intensity=0.10 seed=1 ep=9 success=True steps=77
2026-03-05 00:20:55,387 trace.runner.sweep_runner INFO: intensity=0.10 seed=2 ep=0 success=True steps=79
2026-03-05 00:21:05,134 trace.runner.sweep_runner INFO: intensity=0.10 seed=2 ep=1 success=True steps=134
2026-03-05 00:21:11,215 trace.runner.sweep_runner INFO: intensity=0.10 seed=2 ep=2 success=True steps=79
2026-03-05 00:21:17,075 trace.runner.sweep_runner INFO: intensity=0.10 seed=2 ep=3 success=True steps=72
2026-03-05 00:21:23,105 trace.runner.sweep_runner INFO: intensity=0.10 seed=2 ep=4 success=True steps=75
2026-03-05 00:21:29,260 trace.runner.sweep_runner INFO: intensity=0.10 seed=2 ep=5 success=True steps=76
2026-03-05 00:21:35,100 trace.runner.sweep_runner INFO: intensity=0.10 seed=2 ep=6 success=True steps=71
2026-03-05 00:21:41,462 trace.runner.sweep_runner INFO: intensity=0.10 seed=2 ep=7 success=True steps=78
2026-03-05 00:21:47,887 trace.runner.sweep_runner INFO: intensity=0.10 seed=2 ep=8 success=True steps=81
2026-03-05 00:21:53,745 trace.runner.sweep_runner INFO: intensity=0.10 seed=2 ep=9 success=True steps=72
2026-03-05 00:22:02,152 trace.runner.sweep_runner INFO: intensity=0.10 seed=3 ep=0 success=True steps=111
2026-03-05 00:22:10,499 trace.runner.sweep_runner INFO: intensity=0.10 seed=3 ep=1 success=True steps=111
2026-03-05 00:22:17,138 trace.runner.sweep_runner INFO: intensity=0.10 seed=3 ep=2 success=True steps=87
2026-03-05 00:22:23,320 trace.runner.sweep_runner INFO: intensity=0.10 seed=3 ep=3 success=True steps=76
2026-03-05 00:22:29,271 trace.runner.sweep_runner INFO: intensity=0.10 seed=3 ep=4 success=True steps=74
2026-03-05 00:22:37,025 trace.runner.sweep_runner INFO: intensity=0.10 seed=3 ep=5 success=True steps=101
2026-03-05 00:22:43,349 trace.runner.sweep_runner INFO: intensity=0.10 seed=3 ep=6 success=True steps=79
2026-03-05 00:22:49,755 trace.runner.sweep_runner INFO: intensity=0.10 seed=3 ep=7 success=True steps=81
2026-03-05 00:22:55,968 trace.runner.sweep_runner INFO: intensity=0.10 seed=3 ep=8 success=True steps=79
2026-03-05 00:23:07,727 trace.runner.sweep_runner INFO: intensity=0.10 seed=3 ep=9 success=True steps=159
2026-03-05 00:23:13,934 trace.runner.sweep_runner INFO: intensity=0.10 seed=4 ep=0 success=True steps=79
2026-03-05 00:23:21,747 trace.runner.sweep_runner INFO: intensity=0.10 seed=4 ep=1 success=True steps=103
2026-03-05 00:23:27,778 trace.runner.sweep_runner INFO: intensity=0.10 seed=4 ep=2 success=True steps=78
2026-03-05 00:23:34,086 trace.runner.sweep_runner INFO: intensity=0.10 seed=4 ep=3 success=True steps=79
2026-03-05 00:23:40,190 trace.runner.sweep_runner INFO: intensity=0.10 seed=4 ep=4 success=True steps=74
2026-03-05 00:23:46,408 trace.runner.sweep_runner INFO: intensity=0.10 seed=4 ep=5 success=True steps=77
2026-03-05 00:23:52,343 trace.runner.sweep_runner INFO: intensity=0.10 seed=4 ep=6 success=True steps=72
2026-03-05 00:23:59,105 trace.runner.sweep_runner INFO: intensity=0.10 seed=4 ep=7 success=True steps=86
2026-03-05 00:24:05,375 trace.runner.sweep_runner INFO: intensity=0.10 seed=4 ep=8 success=True steps=80
2026-03-05 00:24:11,305 trace.runner.sweep_runner INFO: intensity=0.10 seed=4 ep=9 success=True steps=72
2026-03-05 00:24:19,349 trace.runner.sweep_runner INFO: intensity=0.20 seed=0 ep=0 success=True steps=107
2026-03-05 00:24:25,217 trace.runner.sweep_runner INFO: intensity=0.20 seed=0 ep=1 success=True steps=73
2026-03-05 00:24:31,728 trace.runner.sweep_runner INFO: intensity=0.20 seed=0 ep=2 success=True steps=84
2026-03-05 00:24:37,798 trace.runner.sweep_runner INFO: intensity=0.20 seed=0 ep=3 success=True steps=75
2026-03-05 00:24:43,831 trace.runner.sweep_runner INFO: intensity=0.20 seed=0 ep=4 success=True steps=74
2026-03-05 00:24:49,818 trace.runner.sweep_runner INFO: intensity=0.20 seed=0 ep=5 success=True steps=75
2026-03-05 00:24:55,758 trace.runner.sweep_runner INFO: intensity=0.20 seed=0 ep=6 success=True steps=74
2026-03-05 00:25:02,138 trace.runner.sweep_runner INFO: intensity=0.20 seed=0 ep=7 success=True steps=79
2026-03-05 00:25:08,573 trace.runner.sweep_runner INFO: intensity=0.20 seed=0 ep=8 success=True steps=79
2026-03-05 00:25:14,456 trace.runner.sweep_runner INFO: intensity=0.20 seed=0 ep=9 success=True steps=73
2026-03-05 00:25:20,574 trace.runner.sweep_runner INFO: intensity=0.20 seed=1 ep=0 success=True steps=76
2026-03-05 00:25:30,631 trace.runner.sweep_runner INFO: intensity=0.20 seed=1 ep=1 success=True steps=140
2026-03-05 00:25:37,275 trace.runner.sweep_runner INFO: intensity=0.20 seed=1 ep=2 success=True steps=88
2026-03-05 00:25:43,550 trace.runner.sweep_runner INFO: intensity=0.20 seed=1 ep=3 success=True steps=77
2026-03-05 00:25:49,423 trace.runner.sweep_runner INFO: intensity=0.20 seed=1 ep=4 success=True steps=71
2026-03-05 00:25:55,718 trace.runner.sweep_runner INFO: intensity=0.20 seed=1 ep=5 success=True steps=78
2026-03-05 00:26:01,672 trace.runner.sweep_runner INFO: intensity=0.20 seed=1 ep=6 success=True steps=73
2026-03-05 00:26:08,154 trace.runner.sweep_runner INFO: intensity=0.20 seed=1 ep=7 success=True steps=80
2026-03-05 00:26:14,429 trace.runner.sweep_runner INFO: intensity=0.20 seed=1 ep=8 success=True steps=78
2026-03-05 00:26:20,696 trace.runner.sweep_runner INFO: intensity=0.20 seed=1 ep=9 success=True steps=77
2026-03-05 00:26:26,939 trace.runner.sweep_runner INFO: intensity=0.20 seed=2 ep=0 success=True steps=77
2026-03-05 00:26:35,377 trace.runner.sweep_runner INFO: intensity=0.20 seed=2 ep=1 success=True steps=113
2026-03-05 00:26:42,017 trace.runner.sweep_runner INFO: intensity=0.20 seed=2 ep=2 success=True steps=87
2026-03-05 00:26:48,141 trace.runner.sweep_runner INFO: intensity=0.20 seed=2 ep=3 success=True steps=75
2026-03-05 00:26:54,203 trace.runner.sweep_runner INFO: intensity=0.20 seed=2 ep=4 success=True steps=74
2026-03-05 00:27:00,100 trace.runner.sweep_runner INFO: intensity=0.20 seed=2 ep=5 success=True steps=72
2026-03-05 00:27:06,101 trace.runner.sweep_runner INFO: intensity=0.20 seed=2 ep=6 success=True steps=75
2026-03-05 00:27:12,627 trace.runner.sweep_runner INFO: intensity=0.20 seed=2 ep=7 success=True steps=81
2026-03-05 00:27:19,740 trace.runner.sweep_runner INFO: intensity=0.20 seed=2 ep=8 success=True steps=81
2026-03-05 00:27:29,114 trace.runner.sweep_runner INFO: intensity=0.20 seed=2 ep=9 success=True steps=75
2026-03-05 00:27:35,410 trace.runner.sweep_runner INFO: intensity=0.20 seed=3 ep=0 success=True steps=80
2026-03-05 00:27:43,900 trace.runner.sweep_runner INFO: intensity=0.20 seed=3 ep=1 success=True steps=112
2026-03-05 00:27:50,521 trace.runner.sweep_runner INFO: intensity=0.20 seed=3 ep=2 success=True steps=87
2026-03-05 00:27:56,851 trace.runner.sweep_runner INFO: intensity=0.20 seed=3 ep=3 success=True steps=75
2026-03-05 00:28:02,787 trace.runner.sweep_runner INFO: intensity=0.20 seed=3 ep=4 success=True steps=73
2026-03-05 00:28:10,960 trace.runner.sweep_runner INFO: intensity=0.20 seed=3 ep=5 success=True steps=109
2026-03-05 00:28:17,065 trace.runner.sweep_runner INFO: intensity=0.20 seed=3 ep=6 success=True steps=75
2026-03-05 00:28:23,761 trace.runner.sweep_runner INFO: intensity=0.20 seed=3 ep=7 success=True steps=84
2026-03-05 00:28:30,373 trace.runner.sweep_runner INFO: intensity=0.20 seed=3 ep=8 success=True steps=81
2026-03-05 00:28:36,454 trace.runner.sweep_runner INFO: intensity=0.20 seed=3 ep=9 success=True steps=73
2026-03-05 00:28:42,761 trace.runner.sweep_runner INFO: intensity=0.20 seed=4 ep=0 success=True steps=75
2026-03-05 00:28:49,004 trace.runner.sweep_runner INFO: intensity=0.20 seed=4 ep=1 success=True steps=71
2026-03-05 00:28:57,608 trace.runner.sweep_runner INFO: intensity=0.20 seed=4 ep=2 success=True steps=80
2026-03-05 00:29:05,565 trace.runner.sweep_runner INFO: intensity=0.20 seed=4 ep=3 success=True steps=78
2026-03-05 00:29:11,666 trace.runner.sweep_runner INFO: intensity=0.20 seed=4 ep=4 success=True steps=73
2026-03-05 00:29:18,170 trace.runner.sweep_runner INFO: intensity=0.20 seed=4 ep=5 success=True steps=78
2026-03-05 00:29:24,240 trace.runner.sweep_runner INFO: intensity=0.20 seed=4 ep=6 success=True steps=69
2026-03-05 00:29:30,987 trace.runner.sweep_runner INFO: intensity=0.20 seed=4 ep=7 success=True steps=81
2026-03-05 00:29:37,428 trace.runner.sweep_runner INFO: intensity=0.20 seed=4 ep=8 success=True steps=77
2026-03-05 00:29:43,456 trace.runner.sweep_runner INFO: intensity=0.20 seed=4 ep=9 success=True steps=70
2026-03-05 00:29:49,925 trace.runner.sweep_runner INFO: intensity=0.30 seed=0 ep=0 success=True steps=77
2026-03-05 00:29:56,050 trace.runner.sweep_runner INFO: intensity=0.30 seed=0 ep=1 success=True steps=74
2026-03-05 00:30:02,779 trace.runner.sweep_runner INFO: intensity=0.30 seed=0 ep=2 success=True steps=84
2026-03-05 00:30:08,813 trace.runner.sweep_runner INFO: intensity=0.30 seed=0 ep=3 success=True steps=75
2026-03-05 00:30:14,925 trace.runner.sweep_runner INFO: intensity=0.30 seed=0 ep=4 success=True steps=74
2026-03-05 00:30:21,181 trace.runner.sweep_runner INFO: intensity=0.30 seed=0 ep=5 success=True steps=75
2026-03-05 00:30:27,358 trace.runner.sweep_runner INFO: intensity=0.30 seed=0 ep=6 success=True steps=74
2026-03-05 00:30:33,949 trace.runner.sweep_runner INFO: intensity=0.30 seed=0 ep=7 success=True steps=77
2026-03-05 00:30:40,177 trace.runner.sweep_runner INFO: intensity=0.30 seed=0 ep=8 success=True steps=74
2026-03-05 00:30:45,904 trace.runner.sweep_runner INFO: intensity=0.30 seed=0 ep=9 success=True steps=69
2026-03-05 00:30:52,186 trace.runner.sweep_runner INFO: intensity=0.30 seed=1 ep=0 success=True steps=77
2026-03-05 00:30:58,765 trace.runner.sweep_runner INFO: intensity=0.30 seed=1 ep=1 success=True steps=81
2026-03-05 00:31:05,060 trace.runner.sweep_runner INFO: intensity=0.30 seed=1 ep=2 success=True steps=83
2026-03-05 00:31:11,159 trace.runner.sweep_runner INFO: intensity=0.30 seed=1 ep=3 success=True steps=75
2026-03-05 00:31:17,158 trace.runner.sweep_runner INFO: intensity=0.30 seed=1 ep=4 success=True steps=75
2026-03-05 00:31:23,182 trace.runner.sweep_runner INFO: intensity=0.30 seed=1 ep=5 success=True steps=75
2026-03-05 00:31:29,385 trace.runner.sweep_runner INFO: intensity=0.30 seed=1 ep=6 success=True steps=76
2026-03-05 00:31:35,743 trace.runner.sweep_runner INFO: intensity=0.30 seed=1 ep=7 success=True steps=80
2026-03-05 00:31:42,171 trace.runner.sweep_runner INFO: intensity=0.30 seed=1 ep=8 success=True steps=80
2026-03-05 00:31:48,547 trace.runner.sweep_runner INFO: intensity=0.30 seed=1 ep=9 success=True steps=80
2026-03-05 00:31:54,822 trace.runner.sweep_runner INFO: intensity=0.30 seed=2 ep=0 success=True steps=79
2026-03-05 00:32:01,241 trace.runner.sweep_runner INFO: intensity=0.30 seed=2 ep=1 success=True steps=81
2026-03-05 00:32:07,379 trace.runner.sweep_runner INFO: intensity=0.30 seed=2 ep=2 success=True steps=80
2026-03-05 00:32:13,397 trace.runner.sweep_runner INFO: intensity=0.30 seed=2 ep=3 success=True steps=74
2026-03-05 00:32:19,388 trace.runner.sweep_runner INFO: intensity=0.30 seed=2 ep=4 success=True steps=74
2026-03-05 00:32:25,201 trace.runner.sweep_runner INFO: intensity=0.30 seed=2 ep=5 success=True steps=71
2026-03-05 00:32:30,720 trace.runner.sweep_runner INFO: intensity=0.30 seed=2 ep=6 success=True steps=67
2026-03-05 00:32:37,114 trace.runner.sweep_runner INFO: intensity=0.30 seed=2 ep=7 success=True steps=80
2026-03-05 00:32:43,298 trace.runner.sweep_runner INFO: intensity=0.30 seed=2 ep=8 success=True steps=76
2026-03-05 00:32:49,340 trace.runner.sweep_runner INFO: intensity=0.30 seed=2 ep=9 success=True steps=75
2026-03-05 00:32:55,145 trace.runner.sweep_runner INFO: intensity=0.30 seed=3 ep=0 success=True steps=72
2026-03-05 00:33:01,448 trace.runner.sweep_runner INFO: intensity=0.30 seed=3 ep=1 success=True steps=80
2026-03-05 00:33:07,981 trace.runner.sweep_runner INFO: intensity=0.30 seed=3 ep=2 success=True steps=85
2026-03-05 00:33:14,287 trace.runner.sweep_runner INFO: intensity=0.30 seed=3 ep=3 success=True steps=78
2026-03-05 00:33:20,328 trace.runner.sweep_runner INFO: intensity=0.30 seed=3 ep=4 success=True steps=75
2026-03-05 00:33:26,428 trace.runner.sweep_runner INFO: intensity=0.30 seed=3 ep=5 success=True steps=76
2026-03-05 00:33:32,445 trace.runner.sweep_runner INFO: intensity=0.30 seed=3 ep=6 success=True steps=74
2026-03-05 00:33:39,199 trace.runner.sweep_runner INFO: intensity=0.30 seed=3 ep=7 success=True steps=84
2026-03-05 00:33:45,245 trace.runner.sweep_runner INFO: intensity=0.30 seed=3 ep=8 success=True steps=74
2026-03-05 00:33:51,290 trace.runner.sweep_runner INFO: intensity=0.30 seed=3 ep=9 success=True steps=74
2026-03-05 00:33:57,466 trace.runner.sweep_runner INFO: intensity=0.30 seed=4 ep=0 success=True steps=77
2026-03-05 00:34:03,595 trace.runner.sweep_runner INFO: intensity=0.30 seed=4 ep=1 success=True steps=76
2026-03-05 00:34:09,569 trace.runner.sweep_runner INFO: intensity=0.30 seed=4 ep=2 success=True steps=77
2026-03-05 00:34:15,747 trace.runner.sweep_runner INFO: intensity=0.30 seed=4 ep=3 success=True steps=76
2026-03-05 00:34:23,455 trace.runner.sweep_runner INFO: intensity=0.30 seed=4 ep=4 success=True steps=75
2026-03-05 00:34:33,276 trace.runner.sweep_runner INFO: intensity=0.30 seed=4 ep=5 success=True steps=81
2026-03-05 00:34:39,170 trace.runner.sweep_runner INFO: intensity=0.30 seed=4 ep=6 success=True steps=68
2026-03-05 00:34:45,706 trace.runner.sweep_runner INFO: intensity=0.30 seed=4 ep=7 success=True steps=78
2026-03-05 00:34:52,073 trace.runner.sweep_runner INFO: intensity=0.30 seed=4 ep=8 success=True steps=75
2026-03-05 00:34:59,124 trace.runner.sweep_runner INFO: intensity=0.30 seed=4 ep=9 success=True steps=64
2026-03-05 00:35:05,532 trace.runner.sweep_runner INFO: intensity=0.50 seed=0 ep=0 success=True steps=78
2026-03-05 00:35:11,801 trace.runner.sweep_runner INFO: intensity=0.50 seed=0 ep=1 success=True steps=76
2026-03-05 00:35:18,448 trace.runner.sweep_runner INFO: intensity=0.50 seed=0 ep=2 success=True steps=85
2026-03-05 00:35:26,664 trace.runner.sweep_runner INFO: intensity=0.50 seed=0 ep=3 success=True steps=77
2026-03-05 00:35:32,969 trace.runner.sweep_runner INFO: intensity=0.50 seed=0 ep=4 success=True steps=76
2026-03-05 00:35:39,123 trace.runner.sweep_runner INFO: intensity=0.50 seed=0 ep=5 success=True steps=73
2026-03-05 00:35:45,219 trace.runner.sweep_runner INFO: intensity=0.50 seed=0 ep=6 success=True steps=75
2026-03-05 00:35:52,058 trace.runner.sweep_runner INFO: intensity=0.50 seed=0 ep=7 success=True steps=85
2026-03-05 00:35:58,065 trace.runner.sweep_runner INFO: intensity=0.50 seed=0 ep=8 success=True steps=75
2026-03-05 00:36:04,467 trace.runner.sweep_runner INFO: intensity=0.50 seed=0 ep=9 success=True steps=79
2026-03-05 00:36:10,480 trace.runner.sweep_runner INFO: intensity=0.50 seed=1 ep=0 success=True steps=74
2026-03-05 00:36:17,012 trace.runner.sweep_runner INFO: intensity=0.50 seed=1 ep=1 success=True steps=81
2026-03-05 00:36:24,060 trace.runner.sweep_runner INFO: intensity=0.50 seed=1 ep=2 success=True steps=90
2026-03-05 00:36:30,454 trace.runner.sweep_runner INFO: intensity=0.50 seed=1 ep=3 success=True steps=79
2026-03-05 00:36:36,676 trace.runner.sweep_runner INFO: intensity=0.50 seed=1 ep=4 success=True steps=76
2026-03-05 00:36:42,612 trace.runner.sweep_runner INFO: intensity=0.50 seed=1 ep=5 success=True steps=73
2026-03-05 00:36:48,824 trace.runner.sweep_runner INFO: intensity=0.50 seed=1 ep=6 success=True steps=76
2026-03-05 00:36:55,391 trace.runner.sweep_runner INFO: intensity=0.50 seed=1 ep=7 success=True steps=82
2026-03-05 00:37:01,460 trace.runner.sweep_runner INFO: intensity=0.50 seed=1 ep=8 success=True steps=75
2026-03-05 00:37:07,425 trace.runner.sweep_runner INFO: intensity=0.50 seed=1 ep=9 success=True steps=74
2026-03-05 00:37:13,466 trace.runner.sweep_runner INFO: intensity=0.50 seed=2 ep=0 success=True steps=75
2026-03-05 00:37:22,166 trace.runner.sweep_runner INFO: intensity=0.50 seed=2 ep=1 success=True steps=117
2026-03-05 00:37:28,739 trace.runner.sweep_runner INFO: intensity=0.50 seed=2 ep=2 success=True steps=87
2026-03-05 00:37:35,062 trace.runner.sweep_runner INFO: intensity=0.50 seed=2 ep=3 success=True steps=76
2026-03-05 00:37:41,128 trace.runner.sweep_runner INFO: intensity=0.50 seed=2 ep=4 success=True steps=75
2026-03-05 00:37:47,005 trace.runner.sweep_runner INFO: intensity=0.50 seed=2 ep=5 success=True steps=71
2026-03-05 00:37:52,941 trace.runner.sweep_runner INFO: intensity=0.50 seed=2 ep=6 success=True steps=71
2026-03-05 00:37:59,945 trace.runner.sweep_runner INFO: intensity=0.50 seed=2 ep=7 success=True steps=87
2026-03-05 00:38:06,321 trace.runner.sweep_runner INFO: intensity=0.50 seed=2 ep=8 success=True steps=78
2026-03-05 00:38:12,600 trace.runner.sweep_runner INFO: intensity=0.50 seed=2 ep=9 success=True steps=79
2026-03-05 00:38:19,049 trace.runner.sweep_runner INFO: intensity=0.50 seed=3 ep=0 success=True steps=81
2026-03-05 00:38:25,337 trace.runner.sweep_runner INFO: intensity=0.50 seed=3 ep=1 success=True steps=80
2026-03-05 00:38:31,718 trace.runner.sweep_runner INFO: intensity=0.50 seed=3 ep=2 success=True steps=81
2026-03-05 00:38:37,992 trace.runner.sweep_runner INFO: intensity=0.50 seed=3 ep=3 success=True steps=77
2026-03-05 00:38:43,911 trace.runner.sweep_runner INFO: intensity=0.50 seed=3 ep=4 success=True steps=72
2026-03-05 00:38:50,196 trace.runner.sweep_runner INFO: intensity=0.50 seed=3 ep=5 success=True steps=79
2026-03-05 00:38:56,085 trace.runner.sweep_runner INFO: intensity=0.50 seed=3 ep=6 success=True steps=72
2026-03-05 00:39:03,054 trace.runner.sweep_runner INFO: intensity=0.50 seed=3 ep=7 success=True steps=86
2026-03-05 00:39:09,217 trace.runner.sweep_runner INFO: intensity=0.50 seed=3 ep=8 success=True steps=76
2026-03-05 00:39:14,945 trace.runner.sweep_runner INFO: intensity=0.50 seed=3 ep=9 success=True steps=69
2026-03-05 00:39:21,162 trace.runner.sweep_runner INFO: intensity=0.50 seed=4 ep=0 success=True steps=76
2026-03-05 00:39:27,381 trace.runner.sweep_runner INFO: intensity=0.50 seed=4 ep=1 success=True steps=77
2026-03-05 00:39:33,783 trace.runner.sweep_runner INFO: intensity=0.50 seed=4 ep=2 success=True steps=85
2026-03-05 00:39:40,176 trace.runner.sweep_runner INFO: intensity=0.50 seed=4 ep=3 success=True steps=79
2026-03-05 00:39:46,170 trace.runner.sweep_runner INFO: intensity=0.50 seed=4 ep=4 success=True steps=71
2026-03-05 00:39:52,712 trace.runner.sweep_runner INFO: intensity=0.50 seed=4 ep=5 success=True steps=80
2026-03-05 00:39:58,865 trace.runner.sweep_runner INFO: intensity=0.50 seed=4 ep=6 success=True steps=72
2026-03-05 00:40:05,841 trace.runner.sweep_runner INFO: intensity=0.50 seed=4 ep=7 success=True steps=84
2026-03-05 00:40:12,373 trace.runner.sweep_runner INFO: intensity=0.50 seed=4 ep=8 success=True steps=77
2026-03-05 00:40:18,773 trace.runner.sweep_runner INFO: intensity=0.50 seed=4 ep=9 success=True steps=78
2026-03-05 00:40:24,821 trace.runner.sweep_runner INFO: intensity=0.70 seed=0 ep=0 success=True steps=75
2026-03-05 00:40:31,163 trace.runner.sweep_runner INFO: intensity=0.70 seed=0 ep=1 success=True steps=77
2026-03-05 00:40:37,793 trace.runner.sweep_runner INFO: intensity=0.70 seed=0 ep=2 success=True steps=86
2026-03-05 00:40:44,097 trace.runner.sweep_runner INFO: intensity=0.70 seed=0 ep=3 success=True steps=77
2026-03-05 00:40:50,208 trace.runner.sweep_runner INFO: intensity=0.70 seed=0 ep=4 success=True steps=75
2026-03-05 00:40:56,379 trace.runner.sweep_runner INFO: intensity=0.70 seed=0 ep=5 success=True steps=76
2026-03-05 00:41:02,579 trace.runner.sweep_runner INFO: intensity=0.70 seed=0 ep=6 success=True steps=75
2026-03-05 00:41:08,853 trace.runner.sweep_runner INFO: intensity=0.70 seed=0 ep=7 success=True steps=76
2026-03-05 00:41:15,063 trace.runner.sweep_runner INFO: intensity=0.70 seed=0 ep=8 success=True steps=75
2026-03-05 00:41:21,518 trace.runner.sweep_runner INFO: intensity=0.70 seed=0 ep=9 success=True steps=76
2026-03-05 00:41:28,114 trace.runner.sweep_runner INFO: intensity=0.70 seed=1 ep=0 success=True steps=78
2026-03-05 00:41:34,556 trace.runner.sweep_runner INFO: intensity=0.70 seed=1 ep=1 success=True steps=77
2026-03-05 00:41:40,739 trace.runner.sweep_runner INFO: intensity=0.70 seed=1 ep=2 success=True steps=79
2026-03-05 00:41:47,133 trace.runner.sweep_runner INFO: intensity=0.70 seed=1 ep=3 success=True steps=78
2026-03-05 00:41:53,223 trace.runner.sweep_runner INFO: intensity=0.70 seed=1 ep=4 success=True steps=73
2026-03-05 00:41:59,313 trace.runner.sweep_runner INFO: intensity=0.70 seed=1 ep=5 success=True steps=75
2026-03-05 00:42:05,760 trace.runner.sweep_runner INFO: intensity=0.70 seed=1 ep=6 success=True steps=78
2026-03-05 00:42:12,194 trace.runner.sweep_runner INFO: intensity=0.70 seed=1 ep=7 success=True steps=80
2026-03-05 00:42:18,578 trace.runner.sweep_runner INFO: intensity=0.70 seed=1 ep=8 success=True steps=79
2026-03-05 00:42:25,035 trace.runner.sweep_runner INFO: intensity=0.70 seed=1 ep=9 success=True steps=79
2026-03-05 00:42:31,095 trace.runner.sweep_runner INFO: intensity=0.70 seed=2 ep=0 success=True steps=75
2026-03-05 00:42:37,235 trace.runner.sweep_runner INFO: intensity=0.70 seed=2 ep=1 success=True steps=76
2026-03-05 00:42:43,854 trace.runner.sweep_runner INFO: intensity=0.70 seed=2 ep=2 success=True steps=85
2026-03-05 00:42:56,289 trace.runner.sweep_runner INFO: intensity=0.70 seed=2 ep=3 success=True steps=171
2026-03-05 00:43:02,310 trace.runner.sweep_runner INFO: intensity=0.70 seed=2 ep=4 success=True steps=74
2026-03-05 00:43:07,966 trace.runner.sweep_runner INFO: intensity=0.70 seed=2 ep=5 success=True steps=69
2026-03-05 00:43:14,067 trace.runner.sweep_runner INFO: intensity=0.70 seed=2 ep=6 success=True steps=75
2026-03-05 00:43:20,645 trace.runner.sweep_runner INFO: intensity=0.70 seed=2 ep=7 success=True steps=81
2026-03-05 00:43:26,982 trace.runner.sweep_runner INFO: intensity=0.70 seed=2 ep=8 success=True steps=78
2026-03-05 00:43:33,009 trace.runner.sweep_runner INFO: intensity=0.70 seed=2 ep=9 success=True steps=75
2026-03-05 00:43:38,867 trace.runner.sweep_runner INFO: intensity=0.70 seed=3 ep=0 success=True steps=72
2026-03-05 00:43:45,017 trace.runner.sweep_runner INFO: intensity=0.70 seed=3 ep=1 success=True steps=77
2026-03-05 00:43:51,710 trace.runner.sweep_runner INFO: intensity=0.70 seed=3 ep=2 success=True steps=86
2026-03-05 00:43:57,821 trace.runner.sweep_runner INFO: intensity=0.70 seed=3 ep=3 success=True steps=74
2026-03-05 00:44:04,608 trace.runner.sweep_runner INFO: intensity=0.70 seed=3 ep=4 success=True steps=84
2026-03-05 00:44:11,009 trace.runner.sweep_runner INFO: intensity=0.70 seed=3 ep=5 success=True steps=80
2026-03-05 00:44:17,394 trace.runner.sweep_runner INFO: intensity=0.70 seed=3 ep=6 success=True steps=79
2026-03-05 00:44:24,146 trace.runner.sweep_runner INFO: intensity=0.70 seed=3 ep=7 success=True steps=85
2026-03-05 00:44:30,539 trace.runner.sweep_runner INFO: intensity=0.70 seed=3 ep=8 success=True steps=80
2026-03-05 00:44:36,878 trace.runner.sweep_runner INFO: intensity=0.70 seed=3 ep=9 success=True steps=78
2026-03-05 00:44:43,210 trace.runner.sweep_runner INFO: intensity=0.70 seed=4 ep=0 success=True steps=79
2026-03-05 00:44:49,591 trace.runner.sweep_runner INFO: intensity=0.70 seed=4 ep=1 success=True steps=80
2026-03-05 00:44:56,064 trace.runner.sweep_runner INFO: intensity=0.70 seed=4 ep=2 success=True steps=83
2026-03-05 00:45:02,465 trace.runner.sweep_runner INFO: intensity=0.70 seed=4 ep=3 success=True steps=77
2026-03-05 00:45:08,840 trace.runner.sweep_runner INFO: intensity=0.70 seed=4 ep=4 success=True steps=77
2026-03-05 00:45:15,354 trace.runner.sweep_runner INFO: intensity=0.70 seed=4 ep=5 success=True steps=81
2026-03-05 00:45:21,729 trace.runner.sweep_runner INFO: intensity=0.70 seed=4 ep=6 success=True steps=77
2026-03-05 00:45:28,240 trace.runner.sweep_runner INFO: intensity=0.70 seed=4 ep=7 success=True steps=80
2026-03-05 00:45:34,643 trace.runner.sweep_runner INFO: intensity=0.70 seed=4 ep=8 success=True steps=80
2026-03-05 00:45:41,090 trace.runner.sweep_runner INFO: intensity=0.70 seed=4 ep=9 success=True steps=79
2026-03-05 00:45:47,485 trace.runner.sweep_runner INFO: intensity=1.00 seed=0 ep=0 success=True steps=79
2026-03-05 00:45:53,797 trace.runner.sweep_runner INFO: intensity=1.00 seed=0 ep=1 success=True steps=76
2026-03-05 00:46:00,587 trace.runner.sweep_runner INFO: intensity=1.00 seed=0 ep=2 success=True steps=87
2026-03-05 00:46:06,985 trace.runner.sweep_runner INFO: intensity=1.00 seed=0 ep=3 success=True steps=79
2026-03-05 00:46:13,448 trace.runner.sweep_runner INFO: intensity=1.00 seed=0 ep=4 success=True steps=77
2026-03-05 00:46:20,305 trace.runner.sweep_runner INFO: intensity=1.00 seed=0 ep=5 success=True steps=85
2026-03-05 00:46:26,593 trace.runner.sweep_runner INFO: intensity=1.00 seed=0 ep=6 success=True steps=77
2026-03-05 00:46:34,222 trace.runner.sweep_runner INFO: intensity=1.00 seed=0 ep=7 success=True steps=94
2026-03-05 00:46:40,962 trace.runner.sweep_runner INFO: intensity=1.00 seed=0 ep=8 success=True steps=84
2026-03-05 00:46:47,757 trace.runner.sweep_runner INFO: intensity=1.00 seed=0 ep=9 success=True steps=84
2026-03-05 00:46:53,870 trace.runner.sweep_runner INFO: intensity=1.00 seed=1 ep=0 success=True steps=74
2026-03-05 00:47:00,232 trace.runner.sweep_runner INFO: intensity=1.00 seed=1 ep=1 success=True steps=78
2026-03-05 00:47:06,793 trace.runner.sweep_runner INFO: intensity=1.00 seed=1 ep=2 success=True steps=83
2026-03-05 00:47:13,598 trace.runner.sweep_runner INFO: intensity=1.00 seed=1 ep=3 success=True steps=83
2026-03-05 00:47:20,331 trace.runner.sweep_runner INFO: intensity=1.00 seed=1 ep=4 success=True steps=81
2026-03-05 00:47:26,689 trace.runner.sweep_runner INFO: intensity=1.00 seed=1 ep=5 success=True steps=79
2026-03-05 00:47:32,810 trace.runner.sweep_runner INFO: intensity=1.00 seed=1 ep=6 success=True steps=75
2026-03-05 00:47:48,146 trace.runner.sweep_runner INFO: intensity=1.00 seed=1 ep=7 success=False steps=220
2026-03-05 00:47:54,871 trace.runner.sweep_runner INFO: intensity=1.00 seed=1 ep=8 success=True steps=84
2026-03-05 00:48:01,512 trace.runner.sweep_runner INFO: intensity=1.00 seed=1 ep=9 success=True steps=84
2026-03-05 00:48:08,200 trace.runner.sweep_runner INFO: intensity=1.00 seed=2 ep=0 success=True steps=81
2026-03-05 00:48:14,394 trace.runner.sweep_runner INFO: intensity=1.00 seed=2 ep=1 success=True steps=78
2026-03-05 00:48:21,237 trace.runner.sweep_runner INFO: intensity=1.00 seed=2 ep=2 success=True steps=87
2026-03-05 00:48:31,521 trace.runner.sweep_runner INFO: intensity=1.00 seed=2 ep=3 success=True steps=141
2026-03-05 00:48:37,793 trace.runner.sweep_runner INFO: intensity=1.00 seed=2 ep=4 success=True steps=76
2026-03-05 00:48:44,470 trace.runner.sweep_runner INFO: intensity=1.00 seed=2 ep=5 success=True steps=83
2026-03-05 00:48:51,084 trace.runner.sweep_runner INFO: intensity=1.00 seed=2 ep=6 success=True steps=81
2026-03-05 00:49:00,128 trace.runner.sweep_runner INFO: intensity=1.00 seed=2 ep=7 success=True steps=120
2026-03-05 00:49:06,595 trace.runner.sweep_runner INFO: intensity=1.00 seed=2 ep=8 success=True steps=80
2026-03-05 00:49:12,837 trace.runner.sweep_runner INFO: intensity=1.00 seed=2 ep=9 success=True steps=77
2026-03-05 00:49:20,305 trace.runner.sweep_runner INFO: intensity=1.00 seed=3 ep=0 success=True steps=92
2026-03-05 00:49:26,664 trace.runner.sweep_runner INFO: intensity=1.00 seed=3 ep=1 success=True steps=79
2026-03-05 00:49:32,987 trace.runner.sweep_runner INFO: intensity=1.00 seed=3 ep=2 success=True steps=80
2026-03-05 00:49:39,234 trace.runner.sweep_runner INFO: intensity=1.00 seed=3 ep=3 success=True steps=76
2026-03-05 00:49:45,397 trace.runner.sweep_runner INFO: intensity=1.00 seed=3 ep=4 success=True steps=74
2026-03-05 00:49:52,174 trace.runner.sweep_runner INFO: intensity=1.00 seed=3 ep=5 success=True steps=83
2026-03-05 00:49:58,191 trace.runner.sweep_runner INFO: intensity=1.00 seed=3 ep=6 success=True steps=75
2026-03-05 00:50:04,486 trace.runner.sweep_runner INFO: intensity=1.00 seed=3 ep=7 success=True steps=78
2026-03-05 00:50:11,560 trace.runner.sweep_runner INFO: intensity=1.00 seed=3 ep=8 success=True steps=90
2026-03-05 00:50:18,299 trace.runner.sweep_runner INFO: intensity=1.00 seed=3 ep=9 success=True steps=84
2026-03-05 00:50:24,639 trace.runner.sweep_runner INFO: intensity=1.00 seed=4 ep=0 success=True steps=78
2026-03-05 00:50:31,291 trace.runner.sweep_runner INFO: intensity=1.00 seed=4 ep=1 success=True steps=80
2026-03-05 00:50:38,284 trace.runner.sweep_runner INFO: intensity=1.00 seed=4 ep=2 success=True steps=88
2026-03-05 00:50:44,926 trace.runner.sweep_runner INFO: intensity=1.00 seed=4 ep=3 success=True steps=81
2026-03-05 00:50:51,388 trace.runner.sweep_runner INFO: intensity=1.00 seed=4 ep=4 success=True steps=79
2026-03-05 00:50:58,103 trace.runner.sweep_runner INFO: intensity=1.00 seed=4 ep=5 success=True steps=84
2026-03-05 00:51:04,297 trace.runner.sweep_runner INFO: intensity=1.00 seed=4 ep=6 success=True steps=76
2026-03-05 00:51:11,122 trace.runner.sweep_runner INFO: intensity=1.00 seed=4 ep=7 success=True steps=83
2026-03-05 00:51:17,797 trace.runner.sweep_runner INFO: intensity=1.00 seed=4 ep=8 success=True steps=84
2026-03-05 00:51:24,475 trace.runner.sweep_runner INFO: intensity=1.00 seed=4 ep=9 success=True steps=82
2026-03-05 00:51:24,477 __main__ INFO:   baseline=100%, max_degradation=2%, breakpoint=none
2026-03-05 00:51:24,477 __main__ INFO: Running sweep 7/9: OcclusionStressor
2026-03-05 00:51:29,961 trace.runner.sweep_runner INFO: intensity=0.00 seed=0 ep=0 success=True steps=73
2026-03-05 00:51:37,160 trace.runner.sweep_runner INFO: intensity=0.00 seed=0 ep=1 success=True steps=104
2026-03-05 00:51:43,239 trace.runner.sweep_runner INFO: intensity=0.00 seed=0 ep=2 success=True steps=84
2026-03-05 00:51:49,120 trace.runner.sweep_runner INFO: intensity=0.00 seed=0 ep=3 success=True steps=76
2026-03-05 00:51:54,819 trace.runner.sweep_runner INFO: intensity=0.00 seed=0 ep=4 success=True steps=75
2026-03-05 00:52:00,808 trace.runner.sweep_runner INFO: intensity=0.00 seed=0 ep=5 success=True steps=76
2026-03-05 00:52:06,460 trace.runner.sweep_runner INFO: intensity=0.00 seed=0 ep=6 success=True steps=73
2026-03-05 00:52:12,805 trace.runner.sweep_runner INFO: intensity=0.00 seed=0 ep=7 success=True steps=81
2026-03-05 00:52:18,921 trace.runner.sweep_runner INFO: intensity=0.00 seed=0 ep=8 success=True steps=79
2026-03-05 00:52:26,467 trace.runner.sweep_runner INFO: intensity=0.00 seed=0 ep=9 success=True steps=108
2026-03-05 00:52:32,197 trace.runner.sweep_runner INFO: intensity=0.00 seed=1 ep=0 success=True steps=77
2026-03-05 00:52:39,617 trace.runner.sweep_runner INFO: intensity=0.00 seed=1 ep=1 success=True steps=108
2026-03-05 00:52:44,891 trace.runner.sweep_runner INFO: intensity=0.00 seed=1 ep=2 success=True steps=73
2026-03-05 00:52:50,815 trace.runner.sweep_runner INFO: intensity=0.00 seed=1 ep=3 success=True steps=79
2026-03-05 00:52:56,271 trace.runner.sweep_runner INFO: intensity=0.00 seed=1 ep=4 success=True steps=71
2026-03-05 00:53:02,019 trace.runner.sweep_runner INFO: intensity=0.00 seed=1 ep=5 success=True steps=79
2026-03-05 00:53:07,570 trace.runner.sweep_runner INFO: intensity=0.00 seed=1 ep=6 success=True steps=75
2026-03-05 00:53:13,784 trace.runner.sweep_runner INFO: intensity=0.00 seed=1 ep=7 success=True steps=83
2026-03-05 00:53:19,828 trace.runner.sweep_runner INFO: intensity=0.00 seed=1 ep=8 success=True steps=81
2026-03-05 00:53:25,474 trace.runner.sweep_runner INFO: intensity=0.00 seed=1 ep=9 success=True steps=76
2026-03-05 00:53:31,541 trace.runner.sweep_runner INFO: intensity=0.00 seed=2 ep=0 success=True steps=82
2026-03-05 00:53:38,969 trace.runner.sweep_runner INFO: intensity=0.00 seed=2 ep=1 success=True steps=109
2026-03-05 00:53:46,075 trace.runner.sweep_runner INFO: intensity=0.00 seed=2 ep=2 success=True steps=105
2026-03-05 00:53:51,810 trace.runner.sweep_runner INFO: intensity=0.00 seed=2 ep=3 success=True steps=77
2026-03-05 00:53:57,356 trace.runner.sweep_runner INFO: intensity=0.00 seed=2 ep=4 success=True steps=75
2026-03-05 00:54:02,782 trace.runner.sweep_runner INFO: intensity=0.00 seed=2 ep=5 success=True steps=72
2026-03-05 00:54:07,990 trace.runner.sweep_runner INFO: intensity=0.00 seed=2 ep=6 success=True steps=70
2026-03-05 00:54:14,036 trace.runner.sweep_runner INFO: intensity=0.00 seed=2 ep=7 success=True steps=82
2026-03-05 00:54:20,072 trace.runner.sweep_runner INFO: intensity=0.00 seed=2 ep=8 success=True steps=83
2026-03-05 00:54:25,606 trace.runner.sweep_runner INFO: intensity=0.00 seed=2 ep=9 success=True steps=75
2026-03-05 00:54:31,620 trace.runner.sweep_runner INFO: intensity=0.00 seed=3 ep=0 success=True steps=83
2026-03-05 00:54:39,141 trace.runner.sweep_runner INFO: intensity=0.00 seed=3 ep=1 success=True steps=109
2026-03-05 00:54:45,468 trace.runner.sweep_runner INFO: intensity=0.00 seed=3 ep=2 success=True steps=87
2026-03-05 00:54:51,166 trace.runner.sweep_runner INFO: intensity=0.00 seed=3 ep=3 success=True steps=76
2026-03-05 00:54:56,920 trace.runner.sweep_runner INFO: intensity=0.00 seed=3 ep=4 success=True steps=77
2026-03-05 00:55:02,276 trace.runner.sweep_runner INFO: intensity=0.00 seed=3 ep=5 success=True steps=72
2026-03-05 00:55:07,919 trace.runner.sweep_runner INFO: intensity=0.00 seed=3 ep=6 success=True steps=74
2026-03-05 00:55:14,048 trace.runner.sweep_runner INFO: intensity=0.00 seed=3 ep=7 success=True steps=82
2026-03-05 00:55:20,089 trace.runner.sweep_runner INFO: intensity=0.00 seed=3 ep=8 success=True steps=81
2026-03-05 00:55:25,773 trace.runner.sweep_runner INFO: intensity=0.00 seed=3 ep=9 success=True steps=76
2026-03-05 00:55:31,477 trace.runner.sweep_runner INFO: intensity=0.00 seed=4 ep=0 success=True steps=76
2026-03-05 00:55:37,242 trace.runner.sweep_runner INFO: intensity=0.00 seed=4 ep=1 success=True steps=79
2026-03-05 00:55:42,896 trace.runner.sweep_runner INFO: intensity=0.00 seed=4 ep=2 success=True steps=77
2026-03-05 00:55:48,656 trace.runner.sweep_runner INFO: intensity=0.00 seed=4 ep=3 success=True steps=76
2026-03-05 00:55:54,365 trace.runner.sweep_runner INFO: intensity=0.00 seed=4 ep=4 success=True steps=77
2026-03-05 00:56:00,156 trace.runner.sweep_runner INFO: intensity=0.00 seed=4 ep=5 success=True steps=79
2026-03-05 00:56:08,677 trace.runner.sweep_runner INFO: intensity=0.00 seed=4 ep=6 success=True steps=122
2026-03-05 00:56:14,473 trace.runner.sweep_runner INFO: intensity=0.00 seed=4 ep=7 success=True steps=77
2026-03-05 00:56:20,417 trace.runner.sweep_runner INFO: intensity=0.00 seed=4 ep=8 success=True steps=81
2026-03-05 00:56:25,623 trace.runner.sweep_runner INFO: intensity=0.00 seed=4 ep=9 success=True steps=69
2026-03-05 00:56:31,472 trace.runner.sweep_runner INFO: intensity=0.10 seed=0 ep=0 success=True steps=76
2026-03-05 00:56:39,084 trace.runner.sweep_runner INFO: intensity=0.10 seed=0 ep=1 success=True steps=108
2026-03-05 00:56:45,009 trace.runner.sweep_runner INFO: intensity=0.10 seed=0 ep=2 success=True steps=82
2026-03-05 00:56:50,465 trace.runner.sweep_runner INFO: intensity=0.10 seed=0 ep=3 success=True steps=74
2026-03-05 00:56:56,046 trace.runner.sweep_runner INFO: intensity=0.10 seed=0 ep=4 success=True steps=75
2026-03-05 00:57:01,444 trace.runner.sweep_runner INFO: intensity=0.10 seed=0 ep=5 success=True steps=72
2026-03-05 00:57:06,954 trace.runner.sweep_runner INFO: intensity=0.10 seed=0 ep=6 success=True steps=73
2026-03-05 00:57:13,154 trace.runner.sweep_runner INFO: intensity=0.10 seed=0 ep=7 success=True steps=82
2026-03-05 00:57:19,056 trace.runner.sweep_runner INFO: intensity=0.10 seed=0 ep=8 success=True steps=80
2026-03-05 00:57:26,499 trace.runner.sweep_runner INFO: intensity=0.10 seed=0 ep=9 success=True steps=106
2026-03-05 00:57:32,272 trace.runner.sweep_runner INFO: intensity=0.10 seed=1 ep=0 success=True steps=79
2026-03-05 00:57:39,612 trace.runner.sweep_runner INFO: intensity=0.10 seed=1 ep=1 success=True steps=106
2026-03-05 00:57:45,190 trace.runner.sweep_runner INFO: intensity=0.10 seed=1 ep=2 success=True steps=77
2026-03-05 00:57:50,822 trace.runner.sweep_runner INFO: intensity=0.10 seed=1 ep=3 success=True steps=73
2026-03-05 00:57:56,704 trace.runner.sweep_runner INFO: intensity=0.10 seed=1 ep=4 success=True steps=74
2026-03-05 00:58:02,406 trace.runner.sweep_runner INFO: intensity=0.10 seed=1 ep=5 success=True steps=75
2026-03-05 00:58:08,003 trace.runner.sweep_runner INFO: intensity=0.10 seed=1 ep=6 success=True steps=75
2026-03-05 00:58:13,822 trace.runner.sweep_runner INFO: intensity=0.10 seed=1 ep=7 success=True steps=78
2026-03-05 00:58:19,742 trace.runner.sweep_runner INFO: intensity=0.10 seed=1 ep=8 success=True steps=80
2026-03-05 00:58:25,340 trace.runner.sweep_runner INFO: intensity=0.10 seed=1 ep=9 success=True steps=75
2026-03-05 00:58:31,224 trace.runner.sweep_runner INFO: intensity=0.10 seed=2 ep=0 success=True steps=76
2026-03-05 00:58:38,846 trace.runner.sweep_runner INFO: intensity=0.10 seed=2 ep=1 success=True steps=109
2026-03-05 00:58:46,570 trace.runner.sweep_runner INFO: intensity=0.10 seed=2 ep=2 success=True steps=108
2026-03-05 00:58:52,944 trace.runner.sweep_runner INFO: intensity=0.10 seed=2 ep=3 success=True steps=83
2026-03-05 00:58:58,247 trace.runner.sweep_runner INFO: intensity=0.10 seed=2 ep=4 success=True steps=70
2026-03-05 00:59:03,988 trace.runner.sweep_runner INFO: intensity=0.10 seed=2 ep=5 success=True steps=78
2026-03-05 00:59:09,342 trace.runner.sweep_runner INFO: intensity=0.10 seed=2 ep=6 success=True steps=70
2026-03-05 00:59:15,508 trace.runner.sweep_runner INFO: intensity=0.10 seed=2 ep=7 success=True steps=82
2026-03-05 00:59:21,524 trace.runner.sweep_runner INFO: intensity=0.10 seed=2 ep=8 success=True steps=82
2026-03-05 00:59:28,723 trace.runner.sweep_runner INFO: intensity=0.10 seed=2 ep=9 success=True steps=103
2026-03-05 00:59:36,263 trace.runner.sweep_runner INFO: intensity=0.10 seed=3 ep=0 success=True steps=110
2026-03-05 00:59:43,454 trace.runner.sweep_runner INFO: intensity=0.10 seed=3 ep=1 success=True steps=105
2026-03-05 00:59:49,669 trace.runner.sweep_runner INFO: intensity=0.10 seed=3 ep=2 success=True steps=86
2026-03-05 00:59:55,390 trace.runner.sweep_runner INFO: intensity=0.10 seed=3 ep=3 success=True steps=77
2026-03-05 01:00:00,872 trace.runner.sweep_runner INFO: intensity=0.10 seed=3 ep=4 success=True steps=72
2026-03-05 01:00:08,090 trace.runner.sweep_runner INFO: intensity=0.10 seed=3 ep=5 success=True steps=104
2026-03-05 01:00:13,616 trace.runner.sweep_runner INFO: intensity=0.10 seed=3 ep=6 success=True steps=73
2026-03-05 01:00:19,809 trace.runner.sweep_runner INFO: intensity=0.10 seed=3 ep=7 success=True steps=83
2026-03-05 01:00:25,936 trace.runner.sweep_runner INFO: intensity=0.10 seed=3 ep=8 success=True steps=82
2026-03-05 01:00:31,435 trace.runner.sweep_runner INFO: intensity=0.10 seed=3 ep=9 success=True steps=73
2026-03-05 01:00:37,245 trace.runner.sweep_runner INFO: intensity=0.10 seed=4 ep=0 success=True steps=76
2026-03-05 01:00:44,419 trace.runner.sweep_runner INFO: intensity=0.10 seed=4 ep=1 success=True steps=104
2026-03-05 01:00:51,835 trace.runner.sweep_runner INFO: intensity=0.10 seed=4 ep=2 success=True steps=109
2026-03-05 01:00:57,637 trace.runner.sweep_runner INFO: intensity=0.10 seed=4 ep=3 success=True steps=76
2026-03-05 01:01:03,205 trace.runner.sweep_runner INFO: intensity=0.10 seed=4 ep=4 success=True steps=74
2026-03-05 01:01:13,474 trace.runner.sweep_runner INFO: intensity=0.10 seed=4 ep=5 success=True steps=152
2026-03-05 01:01:19,028 trace.runner.sweep_runner INFO: intensity=0.10 seed=4 ep=6 success=True steps=73
2026-03-05 01:01:24,716 trace.runner.sweep_runner INFO: intensity=0.10 seed=4 ep=7 success=True steps=75
2026-03-05 01:01:30,860 trace.runner.sweep_runner INFO: intensity=0.10 seed=4 ep=8 success=True steps=82
2026-03-05 01:01:36,413 trace.runner.sweep_runner INFO: intensity=0.10 seed=4 ep=9 success=True steps=72
2026-03-05 01:01:44,950 trace.runner.sweep_runner INFO: intensity=0.20 seed=0 ep=0 success=True steps=121
2026-03-05 01:01:52,186 trace.runner.sweep_runner INFO: intensity=0.20 seed=0 ep=1 success=True steps=104
2026-03-05 01:01:58,164 trace.runner.sweep_runner INFO: intensity=0.20 seed=0 ep=2 success=True steps=83
2026-03-05 01:02:03,918 trace.runner.sweep_runner INFO: intensity=0.20 seed=0 ep=3 success=True steps=76
2026-03-05 01:02:09,412 trace.runner.sweep_runner INFO: intensity=0.20 seed=0 ep=4 success=True steps=73
2026-03-05 01:02:14,854 trace.runner.sweep_runner INFO: intensity=0.20 seed=0 ep=5 success=True steps=72
2026-03-05 01:02:20,300 trace.runner.sweep_runner INFO: intensity=0.20 seed=0 ep=6 success=True steps=72
2026-03-05 01:02:26,402 trace.runner.sweep_runner INFO: intensity=0.20 seed=0 ep=7 success=True steps=82
2026-03-05 01:02:32,363 trace.runner.sweep_runner INFO: intensity=0.20 seed=0 ep=8 success=True steps=80
2026-03-05 01:02:39,868 trace.runner.sweep_runner INFO: intensity=0.20 seed=0 ep=9 success=True steps=109
2026-03-05 01:02:45,596 trace.runner.sweep_runner INFO: intensity=0.20 seed=1 ep=0 success=True steps=77
2026-03-05 01:02:52,955 trace.runner.sweep_runner INFO: intensity=0.20 seed=1 ep=1 success=True steps=106
2026-03-05 01:03:00,468 trace.runner.sweep_runner INFO: intensity=0.20 seed=1 ep=2 success=True steps=110
2026-03-05 01:03:06,153 trace.runner.sweep_runner INFO: intensity=0.20 seed=1 ep=3 success=True steps=76
2026-03-05 01:03:11,685 trace.runner.sweep_runner INFO: intensity=0.20 seed=1 ep=4 success=True steps=75
2026-03-05 01:03:17,362 trace.runner.sweep_runner INFO: intensity=0.20 seed=1 ep=5 success=True steps=75
2026-03-05 01:03:22,666 trace.runner.sweep_runner INFO: intensity=0.20 seed=1 ep=6 success=True steps=68
2026-03-05 01:03:28,603 trace.runner.sweep_runner INFO: intensity=0.20 seed=1 ep=7 success=True steps=78
2026-03-05 01:03:34,656 trace.runner.sweep_runner INFO: intensity=0.20 seed=1 ep=8 success=True steps=80
2026-03-05 01:03:40,437 trace.runner.sweep_runner INFO: intensity=0.20 seed=1 ep=9 success=True steps=78
2026-03-05 01:03:46,123 trace.runner.sweep_runner INFO: intensity=0.20 seed=2 ep=0 success=True steps=76
2026-03-05 01:03:53,491 trace.runner.sweep_runner INFO: intensity=0.20 seed=2 ep=1 success=True steps=106
2026-03-05 01:03:59,095 trace.runner.sweep_runner INFO: intensity=0.20 seed=2 ep=2 success=True steps=76
2026-03-05 01:04:04,860 trace.runner.sweep_runner INFO: intensity=0.20 seed=2 ep=3 success=True steps=76
2026-03-05 01:04:10,433 trace.runner.sweep_runner INFO: intensity=0.20 seed=2 ep=4 success=True steps=75
2026-03-05 01:04:16,014 trace.runner.sweep_runner INFO: intensity=0.20 seed=2 ep=5 success=True steps=75
2026-03-05 01:04:21,577 trace.runner.sweep_runner INFO: intensity=0.20 seed=2 ep=6 success=True steps=71
2026-03-05 01:04:27,504 trace.runner.sweep_runner INFO: intensity=0.20 seed=2 ep=7 success=True steps=80
2026-03-05 01:04:33,698 trace.runner.sweep_runner INFO: intensity=0.20 seed=2 ep=8 success=True steps=82
2026-03-05 01:04:39,402 trace.runner.sweep_runner INFO: intensity=0.20 seed=2 ep=9 success=True steps=76
2026-03-05 01:04:46,987 trace.runner.sweep_runner INFO: intensity=0.20 seed=3 ep=0 success=True steps=110
2026-03-05 01:04:54,565 trace.runner.sweep_runner INFO: intensity=0.20 seed=3 ep=1 success=True steps=109
2026-03-05 01:05:00,511 trace.runner.sweep_runner INFO: intensity=0.20 seed=3 ep=2 success=True steps=84
2026-03-05 01:05:09,709 trace.runner.sweep_runner INFO: intensity=0.20 seed=3 ep=3 success=True steps=137
2026-03-05 01:05:15,311 trace.runner.sweep_runner INFO: intensity=0.20 seed=3 ep=4 success=True steps=75
2026-03-05 01:05:21,075 trace.runner.sweep_runner INFO: intensity=0.20 seed=3 ep=5 success=True steps=78
2026-03-05 01:05:26,583 trace.runner.sweep_runner INFO: intensity=0.20 seed=3 ep=6 success=True steps=71
2026-03-05 01:05:32,707 trace.runner.sweep_runner INFO: intensity=0.20 seed=3 ep=7 success=True steps=84
2026-03-05 01:05:38,603 trace.runner.sweep_runner INFO: intensity=0.20 seed=3 ep=8 success=True steps=79
2026-03-05 01:05:44,075 trace.runner.sweep_runner INFO: intensity=0.20 seed=3 ep=9 success=True steps=72
2026-03-05 01:05:49,887 trace.runner.sweep_runner INFO: intensity=0.20 seed=4 ep=0 success=True steps=77
2026-03-05 01:05:57,681 trace.runner.sweep_runner INFO: intensity=0.20 seed=4 ep=1 success=True steps=112
2026-03-05 01:06:05,126 trace.runner.sweep_runner INFO: intensity=0.20 seed=4 ep=2 success=True steps=108
2026-03-05 01:06:10,896 trace.runner.sweep_runner INFO: intensity=0.20 seed=4 ep=3 success=True steps=78
2026-03-05 01:06:16,336 trace.runner.sweep_runner INFO: intensity=0.20 seed=4 ep=4 success=True steps=72
2026-03-05 01:06:22,063 trace.runner.sweep_runner INFO: intensity=0.20 seed=4 ep=5 success=True steps=78
2026-03-05 01:06:27,650 trace.runner.sweep_runner INFO: intensity=0.20 seed=4 ep=6 success=True steps=74
2026-03-05 01:06:33,211 trace.runner.sweep_runner INFO: intensity=0.20 seed=4 ep=7 success=True steps=75
2026-03-05 01:06:39,060 trace.runner.sweep_runner INFO: intensity=0.20 seed=4 ep=8 success=True steps=78
2026-03-05 01:06:44,877 trace.runner.sweep_runner INFO: intensity=0.20 seed=4 ep=9 success=True steps=77
2026-03-05 01:06:50,326 trace.runner.sweep_runner INFO: intensity=0.30 seed=0 ep=0 success=True steps=72
2026-03-05 01:06:59,285 trace.runner.sweep_runner INFO: intensity=0.30 seed=0 ep=1 success=True steps=135
2026-03-05 01:07:05,207 trace.runner.sweep_runner INFO: intensity=0.30 seed=0 ep=2 success=True steps=82
2026-03-05 01:07:10,832 trace.runner.sweep_runner INFO: intensity=0.30 seed=0 ep=3 success=True steps=75
2026-03-05 01:07:16,568 trace.runner.sweep_runner INFO: intensity=0.30 seed=0 ep=4 success=True steps=77
2026-03-05 01:07:22,364 trace.runner.sweep_runner INFO: intensity=0.30 seed=0 ep=5 success=True steps=79
2026-03-05 01:07:27,961 trace.runner.sweep_runner INFO: intensity=0.30 seed=0 ep=6 success=True steps=75
2026-03-05 01:07:34,260 trace.runner.sweep_runner INFO: intensity=0.30 seed=0 ep=7 success=True steps=85
2026-03-05 01:07:40,150 trace.runner.sweep_runner INFO: intensity=0.30 seed=0 ep=8 success=True steps=79
2026-03-05 01:07:47,280 trace.runner.sweep_runner INFO: intensity=0.30 seed=0 ep=9 success=True steps=101
2026-03-05 01:07:53,052 trace.runner.sweep_runner INFO: intensity=0.30 seed=1 ep=0 success=True steps=79
2026-03-05 01:07:58,592 trace.runner.sweep_runner INFO: intensity=0.30 seed=1 ep=1 success=True steps=75
2026-03-05 01:08:04,256 trace.runner.sweep_runner INFO: intensity=0.30 seed=1 ep=2 success=True steps=80
2026-03-05 01:08:09,850 trace.runner.sweep_runner INFO: intensity=0.30 seed=1 ep=3 success=True steps=75
2026-03-05 01:08:15,499 trace.runner.sweep_runner INFO: intensity=0.30 seed=1 ep=4 success=True steps=75
2026-03-05 01:08:21,253 trace.runner.sweep_runner INFO: intensity=0.30 seed=1 ep=5 success=True steps=76
2026-03-05 01:08:26,818 trace.runner.sweep_runner INFO: intensity=0.30 seed=1 ep=6 success=True steps=72
2026-03-05 01:08:32,994 trace.runner.sweep_runner INFO: intensity=0.30 seed=1 ep=7 success=True steps=81
2026-03-05 01:08:38,717 trace.runner.sweep_runner INFO: intensity=0.30 seed=1 ep=8 success=True steps=77
2026-03-05 01:08:44,521 trace.runner.sweep_runner INFO: intensity=0.30 seed=1 ep=9 success=True steps=77
2026-03-05 01:08:50,252 trace.runner.sweep_runner INFO: intensity=0.30 seed=2 ep=0 success=True steps=77
2026-03-05 01:08:57,840 trace.runner.sweep_runner INFO: intensity=0.30 seed=2 ep=1 success=True steps=109
2026-03-05 01:09:03,121 trace.runner.sweep_runner INFO: intensity=0.30 seed=2 ep=2 success=True steps=72
2026-03-05 01:09:10,956 trace.runner.sweep_runner INFO: intensity=0.30 seed=2 ep=3 success=True steps=112
2026-03-05 01:09:16,590 trace.runner.sweep_runner INFO: intensity=0.30 seed=2 ep=4 success=True steps=74
2026-03-05 01:09:22,482 trace.runner.sweep_runner INFO: intensity=0.30 seed=2 ep=5 success=True steps=77
2026-03-05 01:09:28,294 trace.runner.sweep_runner INFO: intensity=0.30 seed=2 ep=6 success=True steps=77
2026-03-05 01:09:34,520 trace.runner.sweep_runner INFO: intensity=0.30 seed=2 ep=7 success=True steps=84
2026-03-05 01:09:40,268 trace.runner.sweep_runner INFO: intensity=0.30 seed=2 ep=8 success=True steps=77
2026-03-05 01:09:45,910 trace.runner.sweep_runner INFO: intensity=0.30 seed=2 ep=9 success=True steps=75
2026-03-05 01:09:53,699 trace.runner.sweep_runner INFO: intensity=0.30 seed=3 ep=0 success=True steps=112
2026-03-05 01:10:01,363 trace.runner.sweep_runner INFO: intensity=0.30 seed=3 ep=1 success=True steps=111
2026-03-05 01:10:07,608 trace.runner.sweep_runner INFO: intensity=0.30 seed=3 ep=2 success=True steps=87
2026-03-05 01:10:13,346 trace.runner.sweep_runner INFO: intensity=0.30 seed=3 ep=3 success=True steps=76
2026-03-05 01:10:18,888 trace.runner.sweep_runner INFO: intensity=0.30 seed=3 ep=4 success=True steps=75
2026-03-05 01:10:24,380 trace.runner.sweep_runner INFO: intensity=0.30 seed=3 ep=5 success=True steps=74
2026-03-05 01:10:29,889 trace.runner.sweep_runner INFO: intensity=0.30 seed=3 ep=6 success=True steps=74
2026-03-05 01:10:35,868 trace.runner.sweep_runner INFO: intensity=0.30 seed=3 ep=7 success=True steps=80
2026-03-05 01:10:42,113 trace.runner.sweep_runner INFO: intensity=0.30 seed=3 ep=8 success=True steps=85
2026-03-05 01:10:47,796 trace.runner.sweep_runner INFO: intensity=0.30 seed=3 ep=9 success=True steps=75
2026-03-05 01:10:53,553 trace.runner.sweep_runner INFO: intensity=0.30 seed=4 ep=0 success=True steps=76
2026-03-05 01:11:00,956 trace.runner.sweep_runner INFO: intensity=0.30 seed=4 ep=1 success=True steps=106
2026-03-05 01:11:06,708 trace.runner.sweep_runner INFO: intensity=0.30 seed=4 ep=2 success=True steps=80
2026-03-05 01:11:12,542 trace.runner.sweep_runner INFO: intensity=0.30 seed=4 ep=3 success=True steps=78
2026-03-05 01:11:18,124 trace.runner.sweep_runner INFO: intensity=0.30 seed=4 ep=4 success=True steps=74
2026-03-05 01:11:23,643 trace.runner.sweep_runner INFO: intensity=0.30 seed=4 ep=5 success=True steps=75
2026-03-05 01:11:32,314 trace.runner.sweep_runner INFO: intensity=0.30 seed=4 ep=6 success=True steps=124
2026-03-05 01:11:38,314 trace.runner.sweep_runner INFO: intensity=0.30 seed=4 ep=7 success=True steps=79
2026-03-05 01:11:44,109 trace.runner.sweep_runner INFO: intensity=0.30 seed=4 ep=8 success=True steps=78
2026-03-05 01:11:49,746 trace.runner.sweep_runner INFO: intensity=0.30 seed=4 ep=9 success=True steps=75
2026-03-05 01:11:55,725 trace.runner.sweep_runner INFO: intensity=0.50 seed=0 ep=0 success=True steps=80
2026-03-05 01:12:01,274 trace.runner.sweep_runner INFO: intensity=0.50 seed=0 ep=1 success=True steps=75
2026-03-05 01:12:07,347 trace.runner.sweep_runner INFO: intensity=0.50 seed=0 ep=2 success=True steps=84
2026-03-05 01:12:13,161 trace.runner.sweep_runner INFO: intensity=0.50 seed=0 ep=3 success=True steps=79
2026-03-05 01:12:18,826 trace.runner.sweep_runner INFO: intensity=0.50 seed=0 ep=4 success=True steps=75
2026-03-05 01:12:24,379 trace.runner.sweep_runner INFO: intensity=0.50 seed=0 ep=5 success=True steps=75
2026-03-05 01:12:30,338 trace.runner.sweep_runner INFO: intensity=0.50 seed=0 ep=6 success=True steps=80
2026-03-05 01:12:36,504 trace.runner.sweep_runner INFO: intensity=0.50 seed=0 ep=7 success=True steps=84
2026-03-05 01:12:42,018 trace.runner.sweep_runner INFO: intensity=0.50 seed=0 ep=8 success=True steps=73
2026-03-05 01:12:47,771 trace.runner.sweep_runner INFO: intensity=0.50 seed=0 ep=9 success=True steps=78
2026-03-05 01:12:53,547 trace.runner.sweep_runner INFO: intensity=0.50 seed=1 ep=0 success=True steps=77
2026-03-05 01:13:00,970 trace.runner.sweep_runner INFO: intensity=0.50 seed=1 ep=1 success=True steps=106
2026-03-05 01:13:08,897 trace.runner.sweep_runner INFO: intensity=0.50 seed=1 ep=2 success=True steps=119
2026-03-05 01:13:14,807 trace.runner.sweep_runner INFO: intensity=0.50 seed=1 ep=3 success=True steps=80
2026-03-05 01:13:20,397 trace.runner.sweep_runner INFO: intensity=0.50 seed=1 ep=4 success=True steps=74
2026-03-05 01:13:26,122 trace.runner.sweep_runner INFO: intensity=0.50 seed=1 ep=5 success=True steps=76
2026-03-05 01:13:31,617 trace.runner.sweep_runner INFO: intensity=0.50 seed=1 ep=6 success=True steps=72
2026-03-05 01:13:37,765 trace.runner.sweep_runner INFO: intensity=0.50 seed=1 ep=7 success=True steps=80
2026-03-05 01:13:44,287 trace.runner.sweep_runner INFO: intensity=0.50 seed=1 ep=8 success=True steps=84
2026-03-05 01:13:52,031 trace.runner.sweep_runner INFO: intensity=0.50 seed=1 ep=9 success=True steps=110
2026-03-05 01:13:57,805 trace.runner.sweep_runner INFO: intensity=0.50 seed=2 ep=0 success=True steps=77
2026-03-05 01:14:03,493 trace.runner.sweep_runner INFO: intensity=0.50 seed=2 ep=1 success=True steps=76
2026-03-05 01:14:09,462 trace.runner.sweep_runner INFO: intensity=0.50 seed=2 ep=2 success=True steps=85
2026-03-05 01:14:15,236 trace.runner.sweep_runner INFO: intensity=0.50 seed=2 ep=3 success=True steps=76
2026-03-05 01:14:20,783 trace.runner.sweep_runner INFO: intensity=0.50 seed=2 ep=4 success=True steps=74
2026-03-05 01:14:26,769 trace.runner.sweep_runner INFO: intensity=0.50 seed=2 ep=5 success=True steps=80
2026-03-05 01:14:32,849 trace.runner.sweep_runner INFO: intensity=0.50 seed=2 ep=6 success=True steps=82
2026-03-05 01:14:38,812 trace.runner.sweep_runner INFO: intensity=0.50 seed=2 ep=7 success=True steps=79
2026-03-05 01:14:44,713 trace.runner.sweep_runner INFO: intensity=0.50 seed=2 ep=8 success=True steps=78
2026-03-05 01:14:50,326 trace.runner.sweep_runner INFO: intensity=0.50 seed=2 ep=9 success=True steps=75
2026-03-05 01:14:58,224 trace.runner.sweep_runner INFO: intensity=0.50 seed=3 ep=0 success=True steps=115
2026-03-05 01:15:05,839 trace.runner.sweep_runner INFO: intensity=0.50 seed=3 ep=1 success=True steps=110
2026-03-05 01:15:11,773 trace.runner.sweep_runner INFO: intensity=0.50 seed=3 ep=2 success=True steps=84
2026-03-05 01:15:17,666 trace.runner.sweep_runner INFO: intensity=0.50 seed=3 ep=3 success=True steps=78
2026-03-05 01:15:23,330 trace.runner.sweep_runner INFO: intensity=0.50 seed=3 ep=4 success=True steps=75
2026-03-05 01:15:30,476 trace.runner.sweep_runner INFO: intensity=0.50 seed=3 ep=5 success=True steps=103
2026-03-05 01:15:36,375 trace.runner.sweep_runner INFO: intensity=0.50 seed=3 ep=6 success=True steps=78
2026-03-05 01:15:42,878 trace.runner.sweep_runner INFO: intensity=0.50 seed=3 ep=7 success=True steps=85
2026-03-05 01:15:48,899 trace.runner.sweep_runner INFO: intensity=0.50 seed=3 ep=8 success=True steps=80
2026-03-05 01:15:55,159 trace.runner.sweep_runner INFO: intensity=0.50 seed=3 ep=9 success=True steps=84
2026-03-05 01:16:00,835 trace.runner.sweep_runner INFO: intensity=0.50 seed=4 ep=0 success=True steps=76
2026-03-05 01:16:06,382 trace.runner.sweep_runner INFO: intensity=0.50 seed=4 ep=1 success=True steps=75
2026-03-05 01:16:12,066 trace.runner.sweep_runner INFO: intensity=0.50 seed=4 ep=2 success=True steps=77
2026-03-05 01:16:17,406 trace.runner.sweep_runner INFO: intensity=0.50 seed=4 ep=3 success=True steps=70
2026-03-05 01:16:29,346 trace.runner.sweep_runner INFO: intensity=0.50 seed=4 ep=4 success=True steps=179
2026-03-05 01:16:35,245 trace.runner.sweep_runner INFO: intensity=0.50 seed=4 ep=5 success=True steps=80
2026-03-05 01:16:40,621 trace.runner.sweep_runner INFO: intensity=0.50 seed=4 ep=6 success=True steps=69
2026-03-05 01:16:46,526 trace.runner.sweep_runner INFO: intensity=0.50 seed=4 ep=7 success=True steps=78
2026-03-05 01:16:52,676 trace.runner.sweep_runner INFO: intensity=0.50 seed=4 ep=8 success=True steps=81
2026-03-05 01:16:58,775 trace.runner.sweep_runner INFO: intensity=0.50 seed=4 ep=9 success=True steps=79
2026-03-05 01:17:04,746 trace.runner.sweep_runner INFO: intensity=0.70 seed=0 ep=0 success=True steps=79
2026-03-05 01:17:10,473 trace.runner.sweep_runner INFO: intensity=0.70 seed=0 ep=1 success=True steps=77
2026-03-05 01:17:16,879 trace.runner.sweep_runner INFO: intensity=0.70 seed=0 ep=2 success=True steps=90
2026-03-05 01:17:23,176 trace.runner.sweep_runner INFO: intensity=0.70 seed=0 ep=3 success=True steps=83
2026-03-05 01:17:29,222 trace.runner.sweep_runner INFO: intensity=0.70 seed=0 ep=4 success=True steps=80
2026-03-05 01:17:34,532 trace.runner.sweep_runner INFO: intensity=0.70 seed=0 ep=5 success=True steps=70
2026-03-05 01:17:40,369 trace.runner.sweep_runner INFO: intensity=0.70 seed=0 ep=6 success=True steps=76
2026-03-05 01:17:46,203 trace.runner.sweep_runner INFO: intensity=0.70 seed=0 ep=7 success=True steps=80
2026-03-05 01:17:52,041 trace.runner.sweep_runner INFO: intensity=0.70 seed=0 ep=8 success=True steps=77
2026-03-05 01:17:57,574 trace.runner.sweep_runner INFO: intensity=0.70 seed=0 ep=9 success=True steps=74
2026-03-05 01:18:03,599 trace.runner.sweep_runner INFO: intensity=0.70 seed=1 ep=0 success=True steps=79
2026-03-05 01:18:11,765 trace.runner.sweep_runner INFO: intensity=0.70 seed=1 ep=1 success=True steps=114
2026-03-05 01:18:17,740 trace.runner.sweep_runner INFO: intensity=0.70 seed=1 ep=2 success=True steps=80
2026-03-05 01:18:23,777 trace.runner.sweep_runner INFO: intensity=0.70 seed=1 ep=3 success=True steps=76
2026-03-05 01:18:29,791 trace.runner.sweep_runner INFO: intensity=0.70 seed=1 ep=4 success=True steps=77
2026-03-05 01:18:36,226 trace.runner.sweep_runner INFO: intensity=0.70 seed=1 ep=5 success=True steps=82
2026-03-05 01:18:41,982 trace.runner.sweep_runner INFO: intensity=0.70 seed=1 ep=6 success=True steps=73
2026-03-05 01:18:48,387 trace.runner.sweep_runner INFO: intensity=0.70 seed=1 ep=7 success=True steps=82
2026-03-05 01:18:54,871 trace.runner.sweep_runner INFO: intensity=0.70 seed=1 ep=8 success=True steps=85
2026-03-05 01:19:00,880 trace.runner.sweep_runner INFO: intensity=0.70 seed=1 ep=9 success=True steps=77
2026-03-05 01:19:06,953 trace.runner.sweep_runner INFO: intensity=0.70 seed=2 ep=0 success=True steps=77
2026-03-05 01:19:13,014 trace.runner.sweep_runner INFO: intensity=0.70 seed=2 ep=1 success=True steps=77
2026-03-05 01:19:18,675 trace.runner.sweep_runner INFO: intensity=0.70 seed=2 ep=2 success=True steps=77
2026-03-05 01:19:24,285 trace.runner.sweep_runner INFO: intensity=0.70 seed=2 ep=3 success=True steps=74
2026-03-05 01:19:29,838 trace.runner.sweep_runner INFO: intensity=0.70 seed=2 ep=4 success=True steps=74
2026-03-05 01:19:35,426 trace.runner.sweep_runner INFO: intensity=0.70 seed=2 ep=5 success=True steps=75
2026-03-05 01:19:41,255 trace.runner.sweep_runner INFO: intensity=0.70 seed=2 ep=6 success=True steps=77
2026-03-05 01:19:53,297 trace.runner.sweep_runner INFO: intensity=0.70 seed=2 ep=7 success=True steps=179
2026-03-05 01:19:59,316 trace.runner.sweep_runner INFO: intensity=0.70 seed=2 ep=8 success=True steps=81
2026-03-05 01:20:04,928 trace.runner.sweep_runner INFO: intensity=0.70 seed=2 ep=9 success=True steps=75
2026-03-05 01:20:12,416 trace.runner.sweep_runner INFO: intensity=0.70 seed=3 ep=0 success=True steps=107
2026-03-05 01:20:21,617 trace.runner.sweep_runner INFO: intensity=0.70 seed=3 ep=1 success=True steps=136
2026-03-05 01:20:27,731 trace.runner.sweep_runner INFO: intensity=0.70 seed=3 ep=2 success=True steps=86
2026-03-05 01:20:33,602 trace.runner.sweep_runner INFO: intensity=0.70 seed=3 ep=3 success=True steps=77
2026-03-05 01:20:39,448 trace.runner.sweep_runner INFO: intensity=0.70 seed=3 ep=4 success=True steps=78
2026-03-05 01:20:46,974 trace.runner.sweep_runner INFO: intensity=0.70 seed=3 ep=5 success=True steps=108
2026-03-05 01:20:52,847 trace.runner.sweep_runner INFO: intensity=0.70 seed=3 ep=6 success=True steps=76
2026-03-05 01:21:07,532 trace.runner.sweep_runner INFO: intensity=0.70 seed=3 ep=7 success=False steps=220
2026-03-05 01:21:13,733 trace.runner.sweep_runner INFO: intensity=0.70 seed=3 ep=8 success=True steps=82
2026-03-05 01:21:19,744 trace.runner.sweep_runner INFO: intensity=0.70 seed=3 ep=9 success=True steps=80
2026-03-05 01:21:25,678 trace.runner.sweep_runner INFO: intensity=0.70 seed=4 ep=0 success=True steps=78
2026-03-05 01:21:33,106 trace.runner.sweep_runner INFO: intensity=0.70 seed=4 ep=1 success=True steps=106
2026-03-05 01:21:39,118 trace.runner.sweep_runner INFO: intensity=0.70 seed=4 ep=2 success=True steps=82
2026-03-05 01:21:44,755 trace.runner.sweep_runner INFO: intensity=0.70 seed=4 ep=3 success=True steps=75
2026-03-05 01:21:50,549 trace.runner.sweep_runner INFO: intensity=0.70 seed=4 ep=4 success=True steps=76
2026-03-05 01:21:56,396 trace.runner.sweep_runner INFO: intensity=0.70 seed=4 ep=5 success=True steps=78
2026-03-05 01:22:02,317 trace.runner.sweep_runner INFO: intensity=0.70 seed=4 ep=6 success=True steps=78
2026-03-05 01:22:08,289 trace.runner.sweep_runner INFO: intensity=0.70 seed=4 ep=7 success=True steps=78
2026-03-05 01:22:14,201 trace.runner.sweep_runner INFO: intensity=0.70 seed=4 ep=8 success=True steps=80
2026-03-05 01:22:19,912 trace.runner.sweep_runner INFO: intensity=0.70 seed=4 ep=9 success=True steps=74
2026-03-05 01:22:25,699 trace.runner.sweep_runner INFO: intensity=1.00 seed=0 ep=0 success=True steps=76
2026-03-05 01:22:39,639 trace.runner.sweep_runner INFO: intensity=1.00 seed=0 ep=1 success=False steps=220
2026-03-05 01:22:45,613 trace.runner.sweep_runner INFO: intensity=1.00 seed=0 ep=2 success=True steps=82
2026-03-05 01:22:51,584 trace.runner.sweep_runner INFO: intensity=1.00 seed=0 ep=3 success=True steps=80
2026-03-05 01:22:57,202 trace.runner.sweep_runner INFO: intensity=1.00 seed=0 ep=4 success=True steps=75
2026-03-05 01:23:02,958 trace.runner.sweep_runner INFO: intensity=1.00 seed=0 ep=5 success=True steps=78
2026-03-05 01:23:09,110 trace.runner.sweep_runner INFO: intensity=1.00 seed=0 ep=6 success=True steps=82
2026-03-05 01:23:17,392 trace.runner.sweep_runner INFO: intensity=1.00 seed=0 ep=7 success=True steps=116
2026-03-05 01:23:23,395 trace.runner.sweep_runner INFO: intensity=1.00 seed=0 ep=8 success=True steps=82
2026-03-05 01:23:29,076 trace.runner.sweep_runner INFO: intensity=1.00 seed=0 ep=9 success=True steps=73
2026-03-05 01:23:35,425 trace.runner.sweep_runner INFO: intensity=1.00 seed=1 ep=0 success=True steps=81
2026-03-05 01:23:41,480 trace.runner.sweep_runner INFO: intensity=1.00 seed=1 ep=1 success=True steps=81
2026-03-05 01:23:47,797 trace.runner.sweep_runner INFO: intensity=1.00 seed=1 ep=2 success=True steps=86
2026-03-05 01:23:53,924 trace.runner.sweep_runner INFO: intensity=1.00 seed=1 ep=3 success=True steps=83
2026-03-05 01:23:59,703 trace.runner.sweep_runner INFO: intensity=1.00 seed=1 ep=4 success=True steps=76
2026-03-05 01:24:05,582 trace.runner.sweep_runner INFO: intensity=1.00 seed=1 ep=5 success=True steps=80
2026-03-05 01:24:11,192 trace.runner.sweep_runner INFO: intensity=1.00 seed=1 ep=6 success=True steps=74
2026-03-05 01:24:17,352 trace.runner.sweep_runner INFO: intensity=1.00 seed=1 ep=7 success=True steps=82
2026-03-05 01:24:23,519 trace.runner.sweep_runner INFO: intensity=1.00 seed=1 ep=8 success=True steps=85
2026-03-05 01:24:29,396 trace.runner.sweep_runner INFO: intensity=1.00 seed=1 ep=9 success=True steps=80
2026-03-05 01:24:38,712 trace.runner.sweep_runner INFO: intensity=1.00 seed=2 ep=0 success=True steps=138
2026-03-05 01:24:44,663 trace.runner.sweep_runner INFO: intensity=1.00 seed=2 ep=1 success=True steps=80
2026-03-05 01:24:58,321 trace.runner.sweep_runner INFO: intensity=1.00 seed=2 ep=2 success=False steps=220
2026-03-05 01:25:04,255 trace.runner.sweep_runner INFO: intensity=1.00 seed=2 ep=3 success=True steps=79
2026-03-05 01:25:10,125 trace.runner.sweep_runner INFO: intensity=1.00 seed=2 ep=4 success=True steps=78
2026-03-05 01:25:15,878 trace.runner.sweep_runner INFO: intensity=1.00 seed=2 ep=5 success=True steps=76
2026-03-05 01:25:22,139 trace.runner.sweep_runner INFO: intensity=1.00 seed=2 ep=6 success=True steps=83
2026-03-05 01:25:28,158 trace.runner.sweep_runner INFO: intensity=1.00 seed=2 ep=7 success=True steps=81
2026-03-05 01:25:33,893 trace.runner.sweep_runner INFO: intensity=1.00 seed=2 ep=8 success=True steps=76
2026-03-05 01:25:40,000 trace.runner.sweep_runner INFO: intensity=1.00 seed=2 ep=9 success=True steps=82
2026-03-05 01:25:46,063 trace.runner.sweep_runner INFO: intensity=1.00 seed=3 ep=0 success=True steps=82
2026-03-05 01:25:52,545 trace.runner.sweep_runner INFO: intensity=1.00 seed=3 ep=1 success=True steps=89
2026-03-05 01:26:02,286 trace.runner.sweep_runner INFO: intensity=1.00 seed=3 ep=2 success=True steps=145
2026-03-05 01:26:16,346 trace.runner.sweep_runner INFO: intensity=1.00 seed=3 ep=3 success=False steps=220
2026-03-05 01:26:23,287 trace.runner.sweep_runner INFO: intensity=1.00 seed=3 ep=4 success=True steps=91
2026-03-05 01:26:29,401 trace.runner.sweep_runner INFO: intensity=1.00 seed=3 ep=5 success=True steps=82
2026-03-05 01:26:35,575 trace.runner.sweep_runner INFO: intensity=1.00 seed=3 ep=6 success=True steps=81
2026-03-05 01:26:41,883 trace.runner.sweep_runner INFO: intensity=1.00 seed=3 ep=7 success=True steps=85
2026-03-05 01:26:48,367 trace.runner.sweep_runner INFO: intensity=1.00 seed=3 ep=8 success=True steps=88
2026-03-05 01:26:54,310 trace.runner.sweep_runner INFO: intensity=1.00 seed=3 ep=9 success=True steps=79
2026-03-05 01:27:04,362 trace.runner.sweep_runner INFO: intensity=1.00 seed=4 ep=0 success=True steps=148
2026-03-05 01:27:12,844 trace.runner.sweep_runner INFO: intensity=1.00 seed=4 ep=1 success=True steps=125
2026-03-05 01:27:26,342 trace.runner.sweep_runner INFO: intensity=1.00 seed=4 ep=2 success=True steps=209
2026-03-05 01:27:32,493 trace.runner.sweep_runner INFO: intensity=1.00 seed=4 ep=3 success=True steps=82
2026-03-05 01:27:38,382 trace.runner.sweep_runner INFO: intensity=1.00 seed=4 ep=4 success=True steps=79
2026-03-05 01:27:44,266 trace.runner.sweep_runner INFO: intensity=1.00 seed=4 ep=5 success=True steps=80
2026-03-05 01:27:50,457 trace.runner.sweep_runner INFO: intensity=1.00 seed=4 ep=6 success=True steps=82
2026-03-05 01:27:57,623 trace.runner.sweep_runner INFO: intensity=1.00 seed=4 ep=7 success=True steps=97
2026-03-05 01:28:03,966 trace.runner.sweep_runner INFO: intensity=1.00 seed=4 ep=8 success=True steps=88
2026-03-05 01:28:09,990 trace.runner.sweep_runner INFO: intensity=1.00 seed=4 ep=9 success=True steps=80
2026-03-05 01:28:09,996 __main__ INFO:   baseline=100%, max_degradation=6%, breakpoint=none
2026-03-05 01:28:09,996 __main__ INFO: Running sweep 8/9: BrightnessShiftStressor
2026-03-05 01:28:15,758 trace.runner.sweep_runner INFO: intensity=0.00 seed=0 ep=0 success=True steps=77
2026-03-05 01:28:23,304 trace.runner.sweep_runner INFO: intensity=0.00 seed=0 ep=1 success=True steps=108
2026-03-05 01:28:29,400 trace.runner.sweep_runner INFO: intensity=0.00 seed=0 ep=2 success=True steps=83
2026-03-05 01:28:35,159 trace.runner.sweep_runner INFO: intensity=0.00 seed=0 ep=3 success=True steps=76
2026-03-05 01:28:40,915 trace.runner.sweep_runner INFO: intensity=0.00 seed=0 ep=4 success=True steps=76
2026-03-05 01:28:47,104 trace.runner.sweep_runner INFO: intensity=0.00 seed=0 ep=5 success=True steps=82
2026-03-05 01:28:52,471 trace.runner.sweep_runner INFO: intensity=0.00 seed=0 ep=6 success=True steps=69
2026-03-05 01:28:58,250 trace.runner.sweep_runner INFO: intensity=0.00 seed=0 ep=7 success=True steps=76
2026-03-05 01:29:04,333 trace.runner.sweep_runner INFO: intensity=0.00 seed=0 ep=8 success=True steps=81
2026-03-05 01:29:10,169 trace.runner.sweep_runner INFO: intensity=0.00 seed=0 ep=9 success=True steps=78
2026-03-05 01:29:16,085 trace.runner.sweep_runner INFO: intensity=0.00 seed=1 ep=0 success=True steps=79
2026-03-05 01:29:23,350 trace.runner.sweep_runner INFO: intensity=0.00 seed=1 ep=1 success=True steps=103
2026-03-05 01:29:28,789 trace.runner.sweep_runner INFO: intensity=0.00 seed=1 ep=2 success=True steps=74
2026-03-05 01:29:34,722 trace.runner.sweep_runner INFO: intensity=0.00 seed=1 ep=3 success=True steps=78
2026-03-05 01:29:40,651 trace.runner.sweep_runner INFO: intensity=0.00 seed=1 ep=4 success=True steps=77
2026-03-05 01:29:46,191 trace.runner.sweep_runner INFO: intensity=0.00 seed=1 ep=5 success=True steps=74
2026-03-05 01:29:51,943 trace.runner.sweep_runner INFO: intensity=0.00 seed=1 ep=6 success=True steps=73
2026-03-05 01:29:57,857 trace.runner.sweep_runner INFO: intensity=0.00 seed=1 ep=7 success=True steps=77
2026-03-05 01:30:03,751 trace.runner.sweep_runner INFO: intensity=0.00 seed=1 ep=8 success=True steps=79
2026-03-05 01:30:09,486 trace.runner.sweep_runner INFO: intensity=0.00 seed=1 ep=9 success=True steps=76
2026-03-05 01:30:15,408 trace.runner.sweep_runner INFO: intensity=0.00 seed=2 ep=0 success=True steps=78
2026-03-05 01:30:22,408 trace.runner.sweep_runner INFO: intensity=0.00 seed=2 ep=1 success=True steps=99
2026-03-05 01:30:28,010 trace.runner.sweep_runner INFO: intensity=0.00 seed=2 ep=2 success=True steps=76
2026-03-05 01:30:33,787 trace.runner.sweep_runner INFO: intensity=0.00 seed=2 ep=3 success=True steps=76
2026-03-05 01:30:39,469 trace.runner.sweep_runner INFO: intensity=0.00 seed=2 ep=4 success=True steps=74
2026-03-05 01:30:45,113 trace.runner.sweep_runner INFO: intensity=0.00 seed=2 ep=5 success=True steps=72
2026-03-05 01:30:50,590 trace.runner.sweep_runner INFO: intensity=0.00 seed=2 ep=6 success=True steps=71
2026-03-05 01:30:56,561 trace.runner.sweep_runner INFO: intensity=0.00 seed=2 ep=7 success=True steps=80
2026-03-05 01:31:02,872 trace.runner.sweep_runner INFO: intensity=0.00 seed=2 ep=8 success=True steps=85
2026-03-05 01:31:08,468 trace.runner.sweep_runner INFO: intensity=0.00 seed=2 ep=9 success=True steps=74
2026-03-05 01:31:14,220 trace.runner.sweep_runner INFO: intensity=0.00 seed=3 ep=0 success=True steps=77
2026-03-05 01:31:21,849 trace.runner.sweep_runner INFO: intensity=0.00 seed=3 ep=1 success=True steps=109
2026-03-05 01:31:28,247 trace.runner.sweep_runner INFO: intensity=0.00 seed=3 ep=2 success=True steps=88
2026-03-05 01:31:34,100 trace.runner.sweep_runner INFO: intensity=0.00 seed=3 ep=3 success=True steps=76
2026-03-05 01:31:39,547 trace.runner.sweep_runner INFO: intensity=0.00 seed=3 ep=4 success=True steps=71
2026-03-05 01:31:45,011 trace.runner.sweep_runner INFO: intensity=0.00 seed=3 ep=5 success=True steps=73
2026-03-05 01:31:50,784 trace.runner.sweep_runner INFO: intensity=0.00 seed=3 ep=6 success=True steps=74
2026-03-05 01:31:57,003 trace.runner.sweep_runner INFO: intensity=0.00 seed=3 ep=7 success=True steps=82
2026-03-05 01:32:03,016 trace.runner.sweep_runner INFO: intensity=0.00 seed=3 ep=8 success=True steps=79
2026-03-05 01:32:08,662 trace.runner.sweep_runner INFO: intensity=0.00 seed=3 ep=9 success=True steps=73
2026-03-05 01:32:14,598 trace.runner.sweep_runner INFO: intensity=0.00 seed=4 ep=0 success=True steps=78
2026-03-05 01:32:20,408 trace.runner.sweep_runner INFO: intensity=0.00 seed=4 ep=1 success=True steps=79
2026-03-05 01:32:26,132 trace.runner.sweep_runner INFO: intensity=0.00 seed=4 ep=2 success=True steps=77
2026-03-05 01:32:31,958 trace.runner.sweep_runner INFO: intensity=0.00 seed=4 ep=3 success=True steps=76
2026-03-05 01:32:37,483 trace.runner.sweep_runner INFO: intensity=0.00 seed=4 ep=4 success=True steps=73
2026-03-05 01:32:43,275 trace.runner.sweep_runner INFO: intensity=0.00 seed=4 ep=5 success=True steps=77
2026-03-05 01:32:48,626 trace.runner.sweep_runner INFO: intensity=0.00 seed=4 ep=6 success=True steps=67
2026-03-05 01:32:54,476 trace.runner.sweep_runner INFO: intensity=0.00 seed=4 ep=7 success=True steps=77
2026-03-05 01:33:00,377 trace.runner.sweep_runner INFO: intensity=0.00 seed=4 ep=8 success=True steps=80
2026-03-05 01:33:06,154 trace.runner.sweep_runner INFO: intensity=0.00 seed=4 ep=9 success=True steps=74
2026-03-05 01:33:11,694 trace.runner.sweep_runner INFO: intensity=0.10 seed=0 ep=0 success=True steps=72
2026-03-05 01:33:17,474 trace.runner.sweep_runner INFO: intensity=0.10 seed=0 ep=1 success=True steps=76
2026-03-05 01:33:23,543 trace.runner.sweep_runner INFO: intensity=0.10 seed=0 ep=2 success=True steps=83
2026-03-05 01:33:29,428 trace.runner.sweep_runner INFO: intensity=0.10 seed=0 ep=3 success=True steps=77
2026-03-05 01:33:35,050 trace.runner.sweep_runner INFO: intensity=0.10 seed=0 ep=4 success=True steps=75
2026-03-05 01:33:41,038 trace.runner.sweep_runner INFO: intensity=0.10 seed=0 ep=5 success=True steps=78
2026-03-05 01:33:46,520 trace.runner.sweep_runner INFO: intensity=0.10 seed=0 ep=6 success=True steps=70
2026-03-05 01:33:52,731 trace.runner.sweep_runner INFO: intensity=0.10 seed=0 ep=7 success=True steps=80
2026-03-05 01:33:59,081 trace.runner.sweep_runner INFO: intensity=0.10 seed=0 ep=8 success=True steps=84
2026-03-05 01:34:06,492 trace.runner.sweep_runner INFO: intensity=0.10 seed=0 ep=9 success=True steps=105
2026-03-05 01:34:12,347 trace.runner.sweep_runner INFO: intensity=0.10 seed=1 ep=0 success=True steps=79
2026-03-05 01:34:19,605 trace.runner.sweep_runner INFO: intensity=0.10 seed=1 ep=1 success=True steps=103
2026-03-05 01:34:25,094 trace.runner.sweep_runner INFO: intensity=0.10 seed=1 ep=2 success=True steps=72
2026-03-05 01:34:31,052 trace.runner.sweep_runner INFO: intensity=0.10 seed=1 ep=3 success=True steps=75
2026-03-05 01:34:36,991 trace.runner.sweep_runner INFO: intensity=0.10 seed=1 ep=4 success=True steps=78
2026-03-05 01:34:42,926 trace.runner.sweep_runner INFO: intensity=0.10 seed=1 ep=5 success=True steps=78
2026-03-05 01:34:48,760 trace.runner.sweep_runner INFO: intensity=0.10 seed=1 ep=6 success=True steps=74
2026-03-05 01:34:58,750 trace.runner.sweep_runner INFO: intensity=0.10 seed=1 ep=7 success=True steps=142
2026-03-05 01:35:04,994 trace.runner.sweep_runner INFO: intensity=0.10 seed=1 ep=8 success=True steps=79
2026-03-05 01:35:11,128 trace.runner.sweep_runner INFO: intensity=0.10 seed=1 ep=9 success=True steps=77
2026-03-05 01:35:17,173 trace.runner.sweep_runner INFO: intensity=0.10 seed=2 ep=0 success=True steps=80
2026-03-05 01:35:22,811 trace.runner.sweep_runner INFO: intensity=0.10 seed=2 ep=1 success=True steps=75
2026-03-05 01:35:28,456 trace.runner.sweep_runner INFO: intensity=0.10 seed=2 ep=2 success=True steps=77
2026-03-05 01:35:34,433 trace.runner.sweep_runner INFO: intensity=0.10 seed=2 ep=3 success=True steps=78
2026-03-05 01:35:40,026 trace.runner.sweep_runner INFO: intensity=0.10 seed=2 ep=4 success=True steps=71
2026-03-05 01:35:45,619 trace.runner.sweep_runner INFO: intensity=0.10 seed=2 ep=5 success=True steps=74
2026-03-05 01:35:51,425 trace.runner.sweep_runner INFO: intensity=0.10 seed=2 ep=6 success=True steps=75
2026-03-05 01:35:57,982 trace.runner.sweep_runner INFO: intensity=0.10 seed=2 ep=7 success=True steps=86
2026-03-05 01:36:04,714 trace.runner.sweep_runner INFO: intensity=0.10 seed=2 ep=8 success=True steps=90
2026-03-05 01:36:10,394 trace.runner.sweep_runner INFO: intensity=0.10 seed=2 ep=9 success=True steps=74
2026-03-05 01:36:16,234 trace.runner.sweep_runner INFO: intensity=0.10 seed=3 ep=0 success=True steps=77
2026-03-05 01:36:24,083 trace.runner.sweep_runner INFO: intensity=0.10 seed=3 ep=1 success=True steps=111
2026-03-05 01:36:30,236 trace.runner.sweep_runner INFO: intensity=0.10 seed=3 ep=2 success=True steps=84
2026-03-05 01:36:36,161 trace.runner.sweep_runner INFO: intensity=0.10 seed=3 ep=3 success=True steps=79
2026-03-05 01:36:41,876 trace.runner.sweep_runner INFO: intensity=0.10 seed=3 ep=4 success=True steps=75
2026-03-05 01:36:47,466 trace.runner.sweep_runner INFO: intensity=0.10 seed=3 ep=5 success=True steps=74
2026-03-05 01:36:53,163 trace.runner.sweep_runner INFO: intensity=0.10 seed=3 ep=6 success=True steps=72
2026-03-05 01:36:59,520 trace.runner.sweep_runner INFO: intensity=0.10 seed=3 ep=7 success=True steps=84
2026-03-05 01:37:05,750 trace.runner.sweep_runner INFO: intensity=0.10 seed=3 ep=8 success=True steps=81
2026-03-05 01:37:11,263 trace.runner.sweep_runner INFO: intensity=0.10 seed=3 ep=9 success=True steps=72
2026-03-05 01:37:17,159 trace.runner.sweep_runner INFO: intensity=0.10 seed=4 ep=0 success=True steps=78
2026-03-05 01:37:22,762 trace.runner.sweep_runner INFO: intensity=0.10 seed=4 ep=1 success=True steps=75
2026-03-05 01:37:28,785 trace.runner.sweep_runner INFO: intensity=0.10 seed=4 ep=2 success=True steps=81
2026-03-05 01:37:34,733 trace.runner.sweep_runner INFO: intensity=0.10 seed=4 ep=3 success=True steps=78
2026-03-05 01:37:40,405 trace.runner.sweep_runner INFO: intensity=0.10 seed=4 ep=4 success=True steps=75
2026-03-05 01:37:46,037 trace.runner.sweep_runner INFO: intensity=0.10 seed=4 ep=5 success=True steps=75
2026-03-05 01:37:51,415 trace.runner.sweep_runner INFO: intensity=0.10 seed=4 ep=6 success=True steps=67
2026-03-05 01:37:57,382 trace.runner.sweep_runner INFO: intensity=0.10 seed=4 ep=7 success=True steps=80
2026-03-05 01:38:03,622 trace.runner.sweep_runner INFO: intensity=0.10 seed=4 ep=8 success=True steps=84
2026-03-05 01:38:09,385 trace.runner.sweep_runner INFO: intensity=0.10 seed=4 ep=9 success=True steps=76
2026-03-05 01:38:14,921 trace.runner.sweep_runner INFO: intensity=0.20 seed=0 ep=0 success=True steps=72
2026-03-05 01:38:22,464 trace.runner.sweep_runner INFO: intensity=0.20 seed=0 ep=1 success=True steps=107
2026-03-05 01:38:28,637 trace.runner.sweep_runner INFO: intensity=0.20 seed=0 ep=2 success=True steps=83
2026-03-05 01:38:34,229 trace.runner.sweep_runner INFO: intensity=0.20 seed=0 ep=3 success=True steps=73
2026-03-05 01:38:40,090 trace.runner.sweep_runner INFO: intensity=0.20 seed=0 ep=4 success=True steps=77
2026-03-05 01:38:46,119 trace.runner.sweep_runner INFO: intensity=0.20 seed=0 ep=5 success=True steps=78
2026-03-05 01:38:51,607 trace.runner.sweep_runner INFO: intensity=0.20 seed=0 ep=6 success=True steps=71
2026-03-05 01:38:57,667 trace.runner.sweep_runner INFO: intensity=0.20 seed=0 ep=7 success=True steps=80
2026-03-05 01:39:03,668 trace.runner.sweep_runner INFO: intensity=0.20 seed=0 ep=8 success=True steps=80
2026-03-05 01:39:11,172 trace.runner.sweep_runner INFO: intensity=0.20 seed=0 ep=9 success=True steps=106
2026-03-05 01:39:17,057 trace.runner.sweep_runner INFO: intensity=0.20 seed=1 ep=0 success=True steps=79
2026-03-05 01:39:24,353 trace.runner.sweep_runner INFO: intensity=0.20 seed=1 ep=1 success=True steps=103
2026-03-05 01:39:29,686 trace.runner.sweep_runner INFO: intensity=0.20 seed=1 ep=2 success=True steps=72
2026-03-05 01:39:35,361 trace.runner.sweep_runner INFO: intensity=0.20 seed=1 ep=3 success=True steps=75
2026-03-05 01:39:41,117 trace.runner.sweep_runner INFO: intensity=0.20 seed=1 ep=4 success=True steps=74
2026-03-05 01:39:46,779 trace.runner.sweep_runner INFO: intensity=0.20 seed=1 ep=5 success=True steps=75
2026-03-05 01:39:52,660 trace.runner.sweep_runner INFO: intensity=0.20 seed=1 ep=6 success=True steps=76
2026-03-05 01:39:58,937 trace.runner.sweep_runner INFO: intensity=0.20 seed=1 ep=7 success=True steps=82
2026-03-05 01:40:04,953 trace.runner.sweep_runner INFO: intensity=0.20 seed=1 ep=8 success=True steps=79
2026-03-05 01:40:10,677 trace.runner.sweep_runner INFO: intensity=0.20 seed=1 ep=9 success=True steps=75
2026-03-05 01:40:16,707 trace.runner.sweep_runner INFO: intensity=0.20 seed=2 ep=0 success=True steps=80
2026-03-05 01:40:24,235 trace.runner.sweep_runner INFO: intensity=0.20 seed=2 ep=1 success=True steps=107
2026-03-05 01:40:29,955 trace.runner.sweep_runner INFO: intensity=0.20 seed=2 ep=2 success=True steps=76
2026-03-05 01:40:35,984 trace.runner.sweep_runner INFO: intensity=0.20 seed=2 ep=3 success=True steps=76
2026-03-05 01:40:41,994 trace.runner.sweep_runner INFO: intensity=0.20 seed=2 ep=4 success=True steps=74
2026-03-05 01:40:47,662 trace.runner.sweep_runner INFO: intensity=0.20 seed=2 ep=5 success=True steps=69
2026-03-05 01:40:53,826 trace.runner.sweep_runner INFO: intensity=0.20 seed=2 ep=6 success=True steps=76
2026-03-05 01:41:00,482 trace.runner.sweep_runner INFO: intensity=0.20 seed=2 ep=7 success=True steps=83
2026-03-05 01:41:07,142 trace.runner.sweep_runner INFO: intensity=0.20 seed=2 ep=8 success=True steps=83
2026-03-05 01:41:13,392 trace.runner.sweep_runner INFO: intensity=0.20 seed=2 ep=9 success=True steps=77
2026-03-05 01:41:21,466 trace.runner.sweep_runner INFO: intensity=0.20 seed=3 ep=0 success=True steps=110
2026-03-05 01:41:29,093 trace.runner.sweep_runner INFO: intensity=0.20 seed=3 ep=1 success=True steps=104
2026-03-05 01:41:35,539 trace.runner.sweep_runner INFO: intensity=0.20 seed=3 ep=2 success=True steps=85
2026-03-05 01:41:41,772 trace.runner.sweep_runner INFO: intensity=0.20 seed=3 ep=3 success=True steps=78
2026-03-05 01:41:47,663 trace.runner.sweep_runner INFO: intensity=0.20 seed=3 ep=4 success=True steps=75
2026-03-05 01:41:55,364 trace.runner.sweep_runner INFO: intensity=0.20 seed=3 ep=5 success=True steps=104
2026-03-05 01:42:01,101 trace.runner.sweep_runner INFO: intensity=0.20 seed=3 ep=6 success=True steps=70
2026-03-05 01:42:07,391 trace.runner.sweep_runner INFO: intensity=0.20 seed=3 ep=7 success=True steps=78
2026-03-05 01:42:13,889 trace.runner.sweep_runner INFO: intensity=0.20 seed=3 ep=8 success=True steps=82
2026-03-05 01:42:19,737 trace.runner.sweep_runner INFO: intensity=0.20 seed=3 ep=9 success=True steps=72
2026-03-05 01:42:26,002 trace.runner.sweep_runner INFO: intensity=0.20 seed=4 ep=0 success=True steps=79
2026-03-05 01:42:31,796 trace.runner.sweep_runner INFO: intensity=0.20 seed=4 ep=1 success=True steps=73
2026-03-05 01:42:38,750 trace.runner.sweep_runner INFO: intensity=0.20 seed=4 ep=2 success=True steps=96
2026-03-05 01:42:44,643 trace.runner.sweep_runner INFO: intensity=0.20 seed=4 ep=3 success=True steps=77
2026-03-05 01:42:50,518 trace.runner.sweep_runner INFO: intensity=0.20 seed=4 ep=4 success=True steps=76
2026-03-05 01:42:56,384 trace.runner.sweep_runner INFO: intensity=0.20 seed=4 ep=5 success=True steps=78
2026-03-05 01:43:02,127 trace.runner.sweep_runner INFO: intensity=0.20 seed=4 ep=6 success=True steps=74
2026-03-05 01:43:08,060 trace.runner.sweep_runner INFO: intensity=0.20 seed=4 ep=7 success=True steps=78
2026-03-05 01:43:14,132 trace.runner.sweep_runner INFO: intensity=0.20 seed=4 ep=8 success=True steps=80
2026-03-05 01:43:19,760 trace.runner.sweep_runner INFO: intensity=0.20 seed=4 ep=9 success=True steps=73
2026-03-05 01:43:25,294 trace.runner.sweep_runner INFO: intensity=0.30 seed=0 ep=0 success=True steps=72
2026-03-05 01:43:32,773 trace.runner.sweep_runner INFO: intensity=0.30 seed=0 ep=1 success=True steps=106
2026-03-05 01:43:38,890 trace.runner.sweep_runner INFO: intensity=0.30 seed=0 ep=2 success=True steps=81
2026-03-05 01:43:44,919 trace.runner.sweep_runner INFO: intensity=0.30 seed=0 ep=3 success=True steps=78
2026-03-05 01:43:50,546 trace.runner.sweep_runner INFO: intensity=0.30 seed=0 ep=4 success=True steps=74
2026-03-05 01:43:56,346 trace.runner.sweep_runner INFO: intensity=0.30 seed=0 ep=5 success=True steps=76
2026-03-05 01:44:01,925 trace.runner.sweep_runner INFO: intensity=0.30 seed=0 ep=6 success=True steps=72
2026-03-05 01:44:07,943 trace.runner.sweep_runner INFO: intensity=0.30 seed=0 ep=7 success=True steps=79
2026-03-05 01:44:13,907 trace.runner.sweep_runner INFO: intensity=0.30 seed=0 ep=8 success=True steps=77
2026-03-05 01:44:21,639 trace.runner.sweep_runner INFO: intensity=0.30 seed=0 ep=9 success=True steps=109
2026-03-05 01:44:27,474 trace.runner.sweep_runner INFO: intensity=0.30 seed=1 ep=0 success=True steps=77
2026-03-05 01:44:35,021 trace.runner.sweep_runner INFO: intensity=0.30 seed=1 ep=1 success=True steps=106
2026-03-05 01:44:40,470 trace.runner.sweep_runner INFO: intensity=0.30 seed=1 ep=2 success=True steps=74
2026-03-05 01:44:46,221 trace.runner.sweep_runner INFO: intensity=0.30 seed=1 ep=3 success=True steps=75
2026-03-05 01:44:51,935 trace.runner.sweep_runner INFO: intensity=0.30 seed=1 ep=4 success=True steps=74
2026-03-05 01:44:57,757 trace.runner.sweep_runner INFO: intensity=0.30 seed=1 ep=5 success=True steps=76
2026-03-05 01:45:03,433 trace.runner.sweep_runner INFO: intensity=0.30 seed=1 ep=6 success=True steps=74
2026-03-05 01:45:09,495 trace.runner.sweep_runner INFO: intensity=0.30 seed=1 ep=7 success=True steps=79
2026-03-05 01:45:15,621 trace.runner.sweep_runner INFO: intensity=0.30 seed=1 ep=8 success=True steps=80
2026-03-05 01:45:21,285 trace.runner.sweep_runner INFO: intensity=0.30 seed=1 ep=9 success=True steps=74
2026-03-05 01:45:26,997 trace.runner.sweep_runner INFO: intensity=0.30 seed=2 ep=0 success=True steps=75
2026-03-05 01:45:35,067 trace.runner.sweep_runner INFO: intensity=0.30 seed=2 ep=1 success=True steps=114
2026-03-05 01:45:41,015 trace.runner.sweep_runner INFO: intensity=0.30 seed=2 ep=2 success=True steps=83
2026-03-05 01:45:47,234 trace.runner.sweep_runner INFO: intensity=0.30 seed=2 ep=3 success=True steps=81
2026-03-05 01:45:52,856 trace.runner.sweep_runner INFO: intensity=0.30 seed=2 ep=4 success=True steps=72
2026-03-05 01:45:58,679 trace.runner.sweep_runner INFO: intensity=0.30 seed=2 ep=5 success=True steps=75
2026-03-05 01:46:04,238 trace.runner.sweep_runner INFO: intensity=0.30 seed=2 ep=6 success=True steps=72
2026-03-05 01:46:10,568 trace.runner.sweep_runner INFO: intensity=0.30 seed=2 ep=7 success=True steps=82
2026-03-05 01:46:16,713 trace.runner.sweep_runner INFO: intensity=0.30 seed=2 ep=8 success=True steps=81
2026-03-05 01:46:22,287 trace.runner.sweep_runner INFO: intensity=0.30 seed=2 ep=9 success=True steps=71
2026-03-05 01:46:29,931 trace.runner.sweep_runner INFO: intensity=0.30 seed=3 ep=0 success=True steps=108
2026-03-05 01:46:37,598 trace.runner.sweep_runner INFO: intensity=0.30 seed=3 ep=1 success=True steps=108
2026-03-05 01:46:44,016 trace.runner.sweep_runner INFO: intensity=0.30 seed=3 ep=2 success=True steps=88
2026-03-05 01:46:49,711 trace.runner.sweep_runner INFO: intensity=0.30 seed=3 ep=3 success=True steps=75
2026-03-05 01:46:55,397 trace.runner.sweep_runner INFO: intensity=0.30 seed=3 ep=4 success=True steps=75
2026-03-05 01:47:02,608 trace.runner.sweep_runner INFO: intensity=0.30 seed=3 ep=5 success=True steps=102
2026-03-05 01:47:08,255 trace.runner.sweep_runner INFO: intensity=0.30 seed=3 ep=6 success=True steps=74
2026-03-05 01:47:14,619 trace.runner.sweep_runner INFO: intensity=0.30 seed=3 ep=7 success=True steps=83
2026-03-05 01:47:20,519 trace.runner.sweep_runner INFO: intensity=0.30 seed=3 ep=8 success=True steps=78
2026-03-05 01:47:26,085 trace.runner.sweep_runner INFO: intensity=0.30 seed=3 ep=9 success=True steps=72
2026-03-05 01:47:32,021 trace.runner.sweep_runner INFO: intensity=0.30 seed=4 ep=0 success=True steps=78
2026-03-05 01:47:39,398 trace.runner.sweep_runner INFO: intensity=0.30 seed=4 ep=1 success=True steps=105
2026-03-05 01:47:46,891 trace.runner.sweep_runner INFO: intensity=0.30 seed=4 ep=2 success=True steps=106
2026-03-05 01:47:52,839 trace.runner.sweep_runner INFO: intensity=0.30 seed=4 ep=3 success=True steps=78
2026-03-05 01:47:58,618 trace.runner.sweep_runner INFO: intensity=0.30 seed=4 ep=4 success=True steps=75
2026-03-05 01:48:04,546 trace.runner.sweep_runner INFO: intensity=0.30 seed=4 ep=5 success=True steps=78
2026-03-05 01:48:10,048 trace.runner.sweep_runner INFO: intensity=0.30 seed=4 ep=6 success=True steps=70
2026-03-05 01:48:16,095 trace.runner.sweep_runner INFO: intensity=0.30 seed=4 ep=7 success=True steps=78
2026-03-05 01:48:22,099 trace.runner.sweep_runner INFO: intensity=0.30 seed=4 ep=8 success=True steps=78
2026-03-05 01:48:27,800 trace.runner.sweep_runner INFO: intensity=0.30 seed=4 ep=9 success=True steps=74
2026-03-05 01:48:33,590 trace.runner.sweep_runner INFO: intensity=0.50 seed=0 ep=0 success=True steps=72
2026-03-05 01:48:39,558 trace.runner.sweep_runner INFO: intensity=0.50 seed=0 ep=1 success=True steps=75
2026-03-05 01:48:46,325 trace.runner.sweep_runner INFO: intensity=0.50 seed=0 ep=2 success=True steps=86
2026-03-05 01:48:52,298 trace.runner.sweep_runner INFO: intensity=0.50 seed=0 ep=3 success=True steps=73
2026-03-05 01:48:57,975 trace.runner.sweep_runner INFO: intensity=0.50 seed=0 ep=4 success=True steps=73
2026-03-05 01:49:04,105 trace.runner.sweep_runner INFO: intensity=0.50 seed=0 ep=5 success=True steps=80
2026-03-05 01:49:09,649 trace.runner.sweep_runner INFO: intensity=0.50 seed=0 ep=6 success=True steps=70
2026-03-05 01:49:15,603 trace.runner.sweep_runner INFO: intensity=0.50 seed=0 ep=7 success=True steps=77
2026-03-05 01:49:21,649 trace.runner.sweep_runner INFO: intensity=0.50 seed=0 ep=8 success=True steps=78
2026-03-05 01:49:29,100 trace.runner.sweep_runner INFO: intensity=0.50 seed=0 ep=9 success=True steps=105
2026-03-05 01:49:34,899 trace.runner.sweep_runner INFO: intensity=0.50 seed=1 ep=0 success=True steps=76
2026-03-05 01:49:42,659 trace.runner.sweep_runner INFO: intensity=0.50 seed=1 ep=1 success=True steps=107
2026-03-05 01:49:48,168 trace.runner.sweep_runner INFO: intensity=0.50 seed=1 ep=2 success=True steps=74
2026-03-05 01:49:53,921 trace.runner.sweep_runner INFO: intensity=0.50 seed=1 ep=3 success=True steps=74
2026-03-05 01:49:59,629 trace.runner.sweep_runner INFO: intensity=0.50 seed=1 ep=4 success=True steps=73
2026-03-05 01:50:05,470 trace.runner.sweep_runner INFO: intensity=0.50 seed=1 ep=5 success=True steps=76
2026-03-05 01:50:11,022 trace.runner.sweep_runner INFO: intensity=0.50 seed=1 ep=6 success=True steps=71
2026-03-05 01:50:17,020 trace.runner.sweep_runner INFO: intensity=0.50 seed=1 ep=7 success=True steps=80
2026-03-05 01:50:22,985 trace.runner.sweep_runner INFO: intensity=0.50 seed=1 ep=8 success=True steps=79
2026-03-05 01:50:28,792 trace.runner.sweep_runner INFO: intensity=0.50 seed=1 ep=9 success=True steps=75
2026-03-05 01:50:34,763 trace.runner.sweep_runner INFO: intensity=0.50 seed=2 ep=0 success=True steps=77
2026-03-05 01:50:40,867 trace.runner.sweep_runner INFO: intensity=0.50 seed=2 ep=1 success=True steps=82
2026-03-05 01:50:46,410 trace.runner.sweep_runner INFO: intensity=0.50 seed=2 ep=2 success=True steps=75
2026-03-05 01:50:52,481 trace.runner.sweep_runner INFO: intensity=0.50 seed=2 ep=3 success=True steps=79
2026-03-05 01:50:58,164 trace.runner.sweep_runner INFO: intensity=0.50 seed=2 ep=4 success=True steps=74
2026-03-05 01:51:04,143 trace.runner.sweep_runner INFO: intensity=0.50 seed=2 ep=5 success=True steps=78
2026-03-05 01:51:09,732 trace.runner.sweep_runner INFO: intensity=0.50 seed=2 ep=6 success=True steps=71
2026-03-05 01:51:16,219 trace.runner.sweep_runner INFO: intensity=0.50 seed=2 ep=7 success=True steps=86
2026-03-05 01:51:22,454 trace.runner.sweep_runner INFO: intensity=0.50 seed=2 ep=8 success=True steps=84
2026-03-05 01:51:28,113 trace.runner.sweep_runner INFO: intensity=0.50 seed=2 ep=9 success=True steps=74
2026-03-05 01:51:34,043 trace.runner.sweep_runner INFO: intensity=0.50 seed=3 ep=0 success=True steps=79
2026-03-05 01:51:41,373 trace.runner.sweep_runner INFO: intensity=0.50 seed=3 ep=1 success=True steps=103
2026-03-05 01:51:47,517 trace.runner.sweep_runner INFO: intensity=0.50 seed=3 ep=2 success=True steps=84
2026-03-05 01:51:53,650 trace.runner.sweep_runner INFO: intensity=0.50 seed=3 ep=3 success=True steps=77
2026-03-05 01:51:59,576 trace.runner.sweep_runner INFO: intensity=0.50 seed=3 ep=4 success=True steps=76
2026-03-05 01:52:06,927 trace.runner.sweep_runner INFO: intensity=0.50 seed=3 ep=5 success=True steps=103
2026-03-05 01:52:12,567 trace.runner.sweep_runner INFO: intensity=0.50 seed=3 ep=6 success=True steps=73
2026-03-05 01:52:18,754 trace.runner.sweep_runner INFO: intensity=0.50 seed=3 ep=7 success=True steps=81
2026-03-05 01:52:24,446 trace.runner.sweep_runner INFO: intensity=0.50 seed=3 ep=8 success=True steps=75
2026-03-05 01:52:29,910 trace.runner.sweep_runner INFO: intensity=0.50 seed=3 ep=9 success=True steps=69
2026-03-05 01:52:35,969 trace.runner.sweep_runner INFO: intensity=0.50 seed=4 ep=0 success=True steps=78
2026-03-05 01:52:41,668 trace.runner.sweep_runner INFO: intensity=0.50 seed=4 ep=1 success=True steps=75
2026-03-05 01:52:49,204 trace.runner.sweep_runner INFO: intensity=0.50 seed=4 ep=2 success=True steps=106
2026-03-05 01:52:55,098 trace.runner.sweep_runner INFO: intensity=0.50 seed=4 ep=3 success=True steps=78
2026-03-05 01:53:01,038 trace.runner.sweep_runner INFO: intensity=0.50 seed=4 ep=4 success=True steps=77
2026-03-05 01:53:06,629 trace.runner.sweep_runner INFO: intensity=0.50 seed=4 ep=5 success=True steps=73
2026-03-05 01:53:12,194 trace.runner.sweep_runner INFO: intensity=0.50 seed=4 ep=6 success=True steps=72
2026-03-05 01:53:27,164 trace.runner.sweep_runner INFO: intensity=0.50 seed=4 ep=7 success=False steps=220
2026-03-05 01:53:33,358 trace.runner.sweep_runner INFO: intensity=0.50 seed=4 ep=8 success=True steps=78
2026-03-05 01:53:39,565 trace.runner.sweep_runner INFO: intensity=0.50 seed=4 ep=9 success=True steps=77
2026-03-05 01:53:45,315 trace.runner.sweep_runner INFO: intensity=0.70 seed=0 ep=0 success=True steps=69
2026-03-05 01:53:51,474 trace.runner.sweep_runner INFO: intensity=0.70 seed=0 ep=1 success=True steps=78
2026-03-05 01:53:58,049 trace.runner.sweep_runner INFO: intensity=0.70 seed=0 ep=2 success=True steps=82
2026-03-05 01:54:04,052 trace.runner.sweep_runner INFO: intensity=0.70 seed=0 ep=3 success=True steps=75
2026-03-05 01:54:10,185 trace.runner.sweep_runner INFO: intensity=0.70 seed=0 ep=4 success=True steps=76
2026-03-05 01:54:16,223 trace.runner.sweep_runner INFO: intensity=0.70 seed=0 ep=5 success=True steps=74
2026-03-05 01:54:21,737 trace.runner.sweep_runner INFO: intensity=0.70 seed=0 ep=6 success=True steps=70
2026-03-05 01:54:28,158 trace.runner.sweep_runner INFO: intensity=0.70 seed=0 ep=7 success=True steps=83
2026-03-05 01:54:34,027 trace.runner.sweep_runner INFO: intensity=0.70 seed=0 ep=8 success=True steps=76
2026-03-05 01:54:41,425 trace.runner.sweep_runner INFO: intensity=0.70 seed=0 ep=9 success=True steps=104
2026-03-05 01:54:47,619 trace.runner.sweep_runner INFO: intensity=0.70 seed=1 ep=0 success=True steps=81
2026-03-05 01:54:55,304 trace.runner.sweep_runner INFO: intensity=0.70 seed=1 ep=1 success=True steps=108
2026-03-05 01:55:01,105 trace.runner.sweep_runner INFO: intensity=0.70 seed=1 ep=2 success=True steps=77
2026-03-05 01:55:07,076 trace.runner.sweep_runner INFO: intensity=0.70 seed=1 ep=3 success=True steps=78
2026-03-05 01:55:12,729 trace.runner.sweep_runner INFO: intensity=0.70 seed=1 ep=4 success=True steps=74
2026-03-05 01:55:18,987 trace.runner.sweep_runner INFO: intensity=0.70 seed=1 ep=5 success=True steps=82
2026-03-05 01:55:24,664 trace.runner.sweep_runner INFO: intensity=0.70 seed=1 ep=6 success=True steps=73
2026-03-05 01:55:30,863 trace.runner.sweep_runner INFO: intensity=0.70 seed=1 ep=7 success=True steps=81
2026-03-05 01:55:36,794 trace.runner.sweep_runner INFO: intensity=0.70 seed=1 ep=8 success=True steps=78
2026-03-05 01:55:42,715 trace.runner.sweep_runner INFO: intensity=0.70 seed=1 ep=9 success=True steps=76
2026-03-05 01:55:48,401 trace.runner.sweep_runner INFO: intensity=0.70 seed=2 ep=0 success=True steps=74
2026-03-05 01:55:57,834 trace.runner.sweep_runner INFO: intensity=0.70 seed=2 ep=1 success=True steps=138
2026-03-05 01:56:03,341 trace.runner.sweep_runner INFO: intensity=0.70 seed=2 ep=2 success=True steps=75
2026-03-05 01:56:09,186 trace.runner.sweep_runner INFO: intensity=0.70 seed=2 ep=3 success=True steps=76
2026-03-05 01:56:14,854 trace.runner.sweep_runner INFO: intensity=0.70 seed=2 ep=4 success=True steps=74
2026-03-05 01:56:21,058 trace.runner.sweep_runner INFO: intensity=0.70 seed=2 ep=5 success=True steps=81
2026-03-05 01:56:26,378 trace.runner.sweep_runner INFO: intensity=0.70 seed=2 ep=6 success=True steps=69
2026-03-05 01:56:33,007 trace.runner.sweep_runner INFO: intensity=0.70 seed=2 ep=7 success=True steps=88
2026-03-05 01:56:39,186 trace.runner.sweep_runner INFO: intensity=0.70 seed=2 ep=8 success=True steps=82
2026-03-05 01:56:44,920 trace.runner.sweep_runner INFO: intensity=0.70 seed=2 ep=9 success=True steps=75
2026-03-05 01:56:50,978 trace.runner.sweep_runner INFO: intensity=0.70 seed=3 ep=0 success=True steps=80
2026-03-05 01:56:58,369 trace.runner.sweep_runner INFO: intensity=0.70 seed=3 ep=1 success=True steps=105
2026-03-05 01:57:04,647 trace.runner.sweep_runner INFO: intensity=0.70 seed=3 ep=2 success=True steps=84
2026-03-05 01:57:10,565 trace.runner.sweep_runner INFO: intensity=0.70 seed=3 ep=3 success=True steps=77
2026-03-05 01:57:16,412 trace.runner.sweep_runner INFO: intensity=0.70 seed=3 ep=4 success=True steps=76
2026-03-05 01:57:23,881 trace.runner.sweep_runner INFO: intensity=0.70 seed=3 ep=5 success=True steps=105
2026-03-05 01:57:29,711 trace.runner.sweep_runner INFO: intensity=0.70 seed=3 ep=6 success=True steps=74
2026-03-05 01:57:36,437 trace.runner.sweep_runner INFO: intensity=0.70 seed=3 ep=7 success=True steps=89
2026-03-05 01:57:42,809 trace.runner.sweep_runner INFO: intensity=0.70 seed=3 ep=8 success=True steps=82
2026-03-05 01:57:48,462 trace.runner.sweep_runner INFO: intensity=0.70 seed=3 ep=9 success=True steps=73
2026-03-05 01:57:54,333 trace.runner.sweep_runner INFO: intensity=0.70 seed=4 ep=0 success=True steps=77
2026-03-05 01:58:00,184 trace.runner.sweep_runner INFO: intensity=0.70 seed=4 ep=1 success=True steps=77
2026-03-05 01:58:05,774 trace.runner.sweep_runner INFO: intensity=0.70 seed=4 ep=2 success=True steps=73
2026-03-05 01:58:11,214 trace.runner.sweep_runner INFO: intensity=0.70 seed=4 ep=3 success=True steps=69
2026-03-05 01:58:17,291 trace.runner.sweep_runner INFO: intensity=0.70 seed=4 ep=4 success=True steps=76
2026-03-05 01:58:23,244 trace.runner.sweep_runner INFO: intensity=0.70 seed=4 ep=5 success=True steps=77
2026-03-05 01:58:29,042 trace.runner.sweep_runner INFO: intensity=0.70 seed=4 ep=6 success=True steps=74
2026-03-05 01:58:36,432 trace.runner.sweep_runner INFO: intensity=0.70 seed=4 ep=7 success=True steps=97
2026-03-05 01:58:42,738 trace.runner.sweep_runner INFO: intensity=0.70 seed=4 ep=8 success=True steps=83
2026-03-05 01:58:48,513 trace.runner.sweep_runner INFO: intensity=0.70 seed=4 ep=9 success=True steps=75
2026-03-05 01:58:56,934 trace.runner.sweep_runner INFO: intensity=1.00 seed=0 ep=0 success=True steps=115
2026-03-05 01:59:02,656 trace.runner.sweep_runner INFO: intensity=1.00 seed=0 ep=1 success=True steps=75
2026-03-05 01:59:08,832 trace.runner.sweep_runner INFO: intensity=1.00 seed=0 ep=2 success=True steps=84
2026-03-05 01:59:14,951 trace.runner.sweep_runner INFO: intensity=1.00 seed=0 ep=3 success=True steps=80
2026-03-05 01:59:20,700 trace.runner.sweep_runner INFO: intensity=1.00 seed=0 ep=4 success=True steps=74
2026-03-05 01:59:26,287 trace.runner.sweep_runner INFO: intensity=1.00 seed=0 ep=5 success=True steps=72
2026-03-05 01:59:31,786 trace.runner.sweep_runner INFO: intensity=1.00 seed=0 ep=6 success=True steps=69
2026-03-05 01:59:37,991 trace.runner.sweep_runner INFO: intensity=1.00 seed=0 ep=7 success=True steps=80
2026-03-05 01:59:43,922 trace.runner.sweep_runner INFO: intensity=1.00 seed=0 ep=8 success=True steps=78
2026-03-05 01:59:49,884 trace.runner.sweep_runner INFO: intensity=1.00 seed=0 ep=9 success=True steps=78
2026-03-05 01:59:56,191 trace.runner.sweep_runner INFO: intensity=1.00 seed=1 ep=0 success=True steps=83
2026-03-05 02:00:03,913 trace.runner.sweep_runner INFO: intensity=1.00 seed=1 ep=1 success=True steps=107
2026-03-05 02:00:09,504 trace.runner.sweep_runner INFO: intensity=1.00 seed=1 ep=2 success=True steps=75
2026-03-05 02:00:15,540 trace.runner.sweep_runner INFO: intensity=1.00 seed=1 ep=3 success=True steps=79
2026-03-05 02:00:21,452 trace.runner.sweep_runner INFO: intensity=1.00 seed=1 ep=4 success=True steps=76
2026-03-05 02:00:27,482 trace.runner.sweep_runner INFO: intensity=1.00 seed=1 ep=5 success=True steps=80
2026-03-05 02:00:33,249 trace.runner.sweep_runner INFO: intensity=1.00 seed=1 ep=6 success=True steps=75
2026-03-05 02:00:39,517 trace.runner.sweep_runner INFO: intensity=1.00 seed=1 ep=7 success=True steps=81
2026-03-05 02:00:45,528 trace.runner.sweep_runner INFO: intensity=1.00 seed=1 ep=8 success=True steps=80
2026-03-05 02:00:51,250 trace.runner.sweep_runner INFO: intensity=1.00 seed=1 ep=9 success=True steps=72
2026-03-05 02:00:56,880 trace.runner.sweep_runner INFO: intensity=1.00 seed=2 ep=0 success=True steps=72
2026-03-05 02:01:04,490 trace.runner.sweep_runner INFO: intensity=1.00 seed=2 ep=1 success=True steps=108
2026-03-05 02:01:10,180 trace.runner.sweep_runner INFO: intensity=1.00 seed=2 ep=2 success=True steps=77
2026-03-05 02:01:16,098 trace.runner.sweep_runner INFO: intensity=1.00 seed=2 ep=3 success=True steps=77
2026-03-05 02:01:21,799 trace.runner.sweep_runner INFO: intensity=1.00 seed=2 ep=4 success=True steps=73
2026-03-05 02:01:27,480 trace.runner.sweep_runner INFO: intensity=1.00 seed=2 ep=5 success=True steps=74
2026-03-05 02:01:32,884 trace.runner.sweep_runner INFO: intensity=1.00 seed=2 ep=6 success=True steps=70
2026-03-05 02:01:39,138 trace.runner.sweep_runner INFO: intensity=1.00 seed=2 ep=7 success=True steps=81
2026-03-05 02:01:45,519 trace.runner.sweep_runner INFO: intensity=1.00 seed=2 ep=8 success=True steps=82
2026-03-05 02:01:51,387 trace.runner.sweep_runner INFO: intensity=1.00 seed=2 ep=9 success=True steps=76
2026-03-05 02:01:59,180 trace.runner.sweep_runner INFO: intensity=1.00 seed=3 ep=0 success=True steps=109
2026-03-05 02:02:07,044 trace.runner.sweep_runner INFO: intensity=1.00 seed=3 ep=1 success=True steps=109
2026-03-05 02:02:13,320 trace.runner.sweep_runner INFO: intensity=1.00 seed=3 ep=2 success=True steps=84
2026-03-05 02:02:21,076 trace.runner.sweep_runner INFO: intensity=1.00 seed=3 ep=3 success=True steps=108
2026-03-05 02:02:26,802 trace.runner.sweep_runner INFO: intensity=1.00 seed=3 ep=4 success=True steps=74
2026-03-05 02:02:33,898 trace.runner.sweep_runner INFO: intensity=1.00 seed=3 ep=5 success=True steps=98
2026-03-05 02:02:39,624 trace.runner.sweep_runner INFO: intensity=1.00 seed=3 ep=6 success=True steps=72
2026-03-05 02:02:45,758 trace.runner.sweep_runner INFO: intensity=1.00 seed=3 ep=7 success=True steps=80
2026-03-05 02:02:51,850 trace.runner.sweep_runner INFO: intensity=1.00 seed=3 ep=8 success=True steps=79
2026-03-05 02:02:57,719 trace.runner.sweep_runner INFO: intensity=1.00 seed=3 ep=9 success=True steps=76
2026-03-05 02:03:03,625 trace.runner.sweep_runner INFO: intensity=1.00 seed=4 ep=0 success=True steps=78
2026-03-05 02:03:09,598 trace.runner.sweep_runner INFO: intensity=1.00 seed=4 ep=1 success=True steps=79
2026-03-05 02:03:15,484 trace.runner.sweep_runner INFO: intensity=1.00 seed=4 ep=2 success=True steps=80
2026-03-05 02:03:21,428 trace.runner.sweep_runner INFO: intensity=1.00 seed=4 ep=3 success=True steps=78
2026-03-05 02:03:27,091 trace.runner.sweep_runner INFO: intensity=1.00 seed=4 ep=4 success=True steps=75
2026-03-05 02:03:33,053 trace.runner.sweep_runner INFO: intensity=1.00 seed=4 ep=5 success=True steps=79
2026-03-05 02:03:43,946 trace.runner.sweep_runner INFO: intensity=1.00 seed=4 ep=6 success=True steps=156
2026-03-05 02:03:49,995 trace.runner.sweep_runner INFO: intensity=1.00 seed=4 ep=7 success=True steps=79
2026-03-05 02:03:55,984 trace.runner.sweep_runner INFO: intensity=1.00 seed=4 ep=8 success=True steps=79
2026-03-05 02:04:01,859 trace.runner.sweep_runner INFO: intensity=1.00 seed=4 ep=9 success=True steps=76
2026-03-05 02:04:01,861 __main__ INFO:   baseline=100%, max_degradation=2%, breakpoint=none
2026-03-05 02:04:01,862 __main__ INFO: Running sweep 9/9: ResolutionStressor
2026-03-05 02:04:07,445 trace.runner.sweep_runner INFO: intensity=0.00 seed=0 ep=0 success=True steps=72
2026-03-05 02:04:14,864 trace.runner.sweep_runner INFO: intensity=0.00 seed=0 ep=1 success=True steps=105
2026-03-05 02:04:20,955 trace.runner.sweep_runner INFO: intensity=0.00 seed=0 ep=2 success=True steps=83
2026-03-05 02:04:27,082 trace.runner.sweep_runner INFO: intensity=0.00 seed=0 ep=3 success=True steps=80
2026-03-05 02:04:32,803 trace.runner.sweep_runner INFO: intensity=0.00 seed=0 ep=4 success=True steps=75
2026-03-05 02:04:38,156 trace.runner.sweep_runner INFO: intensity=0.00 seed=0 ep=5 success=True steps=70
2026-03-05 02:04:43,677 trace.runner.sweep_runner INFO: intensity=0.00 seed=0 ep=6 success=True steps=71
2026-03-05 02:04:50,363 trace.runner.sweep_runner INFO: intensity=0.00 seed=0 ep=7 success=True steps=87
2026-03-05 02:04:56,574 trace.runner.sweep_runner INFO: intensity=0.00 seed=0 ep=8 success=True steps=81
2026-03-05 02:05:04,265 trace.runner.sweep_runner INFO: intensity=0.00 seed=0 ep=9 success=True steps=108
2026-03-05 02:05:10,388 trace.runner.sweep_runner INFO: intensity=0.00 seed=1 ep=0 success=True steps=81
2026-03-05 02:05:18,266 trace.runner.sweep_runner INFO: intensity=0.00 seed=1 ep=1 success=True steps=112
2026-03-05 02:05:24,109 trace.runner.sweep_runner INFO: intensity=0.00 seed=1 ep=2 success=True steps=80
2026-03-05 02:05:30,111 trace.runner.sweep_runner INFO: intensity=0.00 seed=1 ep=3 success=True steps=78
2026-03-05 02:05:35,810 trace.runner.sweep_runner INFO: intensity=0.00 seed=1 ep=4 success=True steps=75
2026-03-05 02:05:41,641 trace.runner.sweep_runner INFO: intensity=0.00 seed=1 ep=5 success=True steps=76
2026-03-05 02:05:47,260 trace.runner.sweep_runner INFO: intensity=0.00 seed=1 ep=6 success=True steps=73
2026-03-05 02:05:53,636 trace.runner.sweep_runner INFO: intensity=0.00 seed=1 ep=7 success=True steps=84
2026-03-05 02:05:59,997 trace.runner.sweep_runner INFO: intensity=0.00 seed=1 ep=8 success=True steps=84
2026-03-05 02:06:05,477 trace.runner.sweep_runner INFO: intensity=0.00 seed=1 ep=9 success=True steps=70
2026-03-05 02:06:11,389 trace.runner.sweep_runner INFO: intensity=0.00 seed=2 ep=0 success=True steps=77
2026-03-05 02:06:22,422 trace.runner.sweep_runner INFO: intensity=0.00 seed=2 ep=1 success=True steps=165
2026-03-05 02:06:30,143 trace.runner.sweep_runner INFO: intensity=0.00 seed=2 ep=2 success=True steps=111
2026-03-05 02:06:35,749 trace.runner.sweep_runner INFO: intensity=0.00 seed=2 ep=3 success=True steps=71
2026-03-05 02:06:41,448 trace.runner.sweep_runner INFO: intensity=0.00 seed=2 ep=4 success=True steps=74
2026-03-05 02:06:47,096 trace.runner.sweep_runner INFO: intensity=0.00 seed=2 ep=5 success=True steps=74
2026-03-05 02:06:52,762 trace.runner.sweep_runner INFO: intensity=0.00 seed=2 ep=6 success=True steps=73
2026-03-05 02:06:59,131 trace.runner.sweep_runner INFO: intensity=0.00 seed=2 ep=7 success=True steps=83
2026-03-05 02:07:05,177 trace.runner.sweep_runner INFO: intensity=0.00 seed=2 ep=8 success=True steps=80
2026-03-05 02:07:11,205 trace.runner.sweep_runner INFO: intensity=0.00 seed=2 ep=9 success=True steps=79
2026-03-05 02:07:17,412 trace.runner.sweep_runner INFO: intensity=0.00 seed=3 ep=0 success=True steps=82
2026-03-05 02:07:25,457 trace.runner.sweep_runner INFO: intensity=0.00 seed=3 ep=1 success=True steps=114
2026-03-05 02:07:31,803 trace.runner.sweep_runner INFO: intensity=0.00 seed=3 ep=2 success=True steps=88
2026-03-05 02:07:37,589 trace.runner.sweep_runner INFO: intensity=0.00 seed=3 ep=3 success=True steps=75
2026-03-05 02:07:43,270 trace.runner.sweep_runner INFO: intensity=0.00 seed=3 ep=4 success=True steps=73
2026-03-05 02:07:48,648 trace.runner.sweep_runner INFO: intensity=0.00 seed=3 ep=5 success=True steps=70
2026-03-05 02:07:54,755 trace.runner.sweep_runner INFO: intensity=0.00 seed=3 ep=6 success=True steps=78
2026-03-05 02:08:00,854 trace.runner.sweep_runner INFO: intensity=0.00 seed=3 ep=7 success=True steps=80
2026-03-05 02:08:06,798 trace.runner.sweep_runner INFO: intensity=0.00 seed=3 ep=8 success=True steps=78
2026-03-05 02:08:12,393 trace.runner.sweep_runner INFO: intensity=0.00 seed=3 ep=9 success=True steps=72
2026-03-05 02:08:18,303 trace.runner.sweep_runner INFO: intensity=0.00 seed=4 ep=0 success=True steps=77
2026-03-05 02:08:25,910 trace.runner.sweep_runner INFO: intensity=0.00 seed=4 ep=1 success=True steps=107
2026-03-05 02:08:33,509 trace.runner.sweep_runner INFO: intensity=0.00 seed=4 ep=2 success=True steps=108
2026-03-05 02:08:39,450 trace.runner.sweep_runner INFO: intensity=0.00 seed=4 ep=3 success=True steps=78
2026-03-05 02:08:45,494 trace.runner.sweep_runner INFO: intensity=0.00 seed=4 ep=4 success=True steps=79
2026-03-05 02:08:51,167 trace.runner.sweep_runner INFO: intensity=0.00 seed=4 ep=5 success=True steps=75
2026-03-05 02:08:56,712 trace.runner.sweep_runner INFO: intensity=0.00 seed=4 ep=6 success=True steps=70
2026-03-05 02:09:02,672 trace.runner.sweep_runner INFO: intensity=0.00 seed=4 ep=7 success=True steps=77
2026-03-05 02:09:08,833 trace.runner.sweep_runner INFO: intensity=0.00 seed=4 ep=8 success=True steps=81
2026-03-05 02:09:14,480 trace.runner.sweep_runner INFO: intensity=0.00 seed=4 ep=9 success=True steps=73
2026-03-05 02:09:20,163 trace.runner.sweep_runner INFO: intensity=0.10 seed=0 ep=0 success=True steps=72
2026-03-05 02:09:26,005 trace.runner.sweep_runner INFO: intensity=0.10 seed=0 ep=1 success=True steps=77
2026-03-05 02:09:31,993 trace.runner.sweep_runner INFO: intensity=0.10 seed=0 ep=2 success=True steps=80
2026-03-05 02:09:38,022 trace.runner.sweep_runner INFO: intensity=0.10 seed=0 ep=3 success=True steps=77
2026-03-05 02:09:43,690 trace.runner.sweep_runner INFO: intensity=0.10 seed=0 ep=4 success=True steps=75
2026-03-05 02:09:49,313 trace.runner.sweep_runner INFO: intensity=0.10 seed=0 ep=5 success=True steps=73
2026-03-05 02:09:54,984 trace.runner.sweep_runner INFO: intensity=0.10 seed=0 ep=6 success=True steps=74
2026-03-05 02:10:01,284 trace.runner.sweep_runner INFO: intensity=0.10 seed=0 ep=7 success=True steps=82
2026-03-05 02:10:07,223 trace.runner.sweep_runner INFO: intensity=0.10 seed=0 ep=8 success=True steps=77
2026-03-05 02:10:13,118 trace.runner.sweep_runner INFO: intensity=0.10 seed=0 ep=9 success=True steps=77
2026-03-05 02:10:19,083 trace.runner.sweep_runner INFO: intensity=0.10 seed=1 ep=0 success=True steps=79
2026-03-05 02:10:26,762 trace.runner.sweep_runner INFO: intensity=0.10 seed=1 ep=1 success=True steps=108
2026-03-05 02:10:32,259 trace.runner.sweep_runner INFO: intensity=0.10 seed=1 ep=2 success=True steps=74
2026-03-05 02:10:37,916 trace.runner.sweep_runner INFO: intensity=0.10 seed=1 ep=3 success=True steps=74
2026-03-05 02:10:43,601 trace.runner.sweep_runner INFO: intensity=0.10 seed=1 ep=4 success=True steps=73
2026-03-05 02:10:49,944 trace.runner.sweep_runner INFO: intensity=0.10 seed=1 ep=5 success=True steps=85
2026-03-05 02:10:55,845 trace.runner.sweep_runner INFO: intensity=0.10 seed=1 ep=6 success=True steps=77
2026-03-05 02:11:02,482 trace.runner.sweep_runner INFO: intensity=0.10 seed=1 ep=7 success=True steps=86
2026-03-05 02:11:08,853 trace.runner.sweep_runner INFO: intensity=0.10 seed=1 ep=8 success=True steps=85
2026-03-05 02:11:14,853 trace.runner.sweep_runner INFO: intensity=0.10 seed=1 ep=9 success=True steps=76
2026-03-05 02:11:20,855 trace.runner.sweep_runner INFO: intensity=0.10 seed=2 ep=0 success=True steps=78
2026-03-05 02:11:28,620 trace.runner.sweep_runner INFO: intensity=0.10 seed=2 ep=1 success=True steps=110
2026-03-05 02:11:34,456 trace.runner.sweep_runner INFO: intensity=0.10 seed=2 ep=2 success=True steps=77
2026-03-05 02:11:40,397 trace.runner.sweep_runner INFO: intensity=0.10 seed=2 ep=3 success=True steps=77
2026-03-05 02:11:46,206 trace.runner.sweep_runner INFO: intensity=0.10 seed=2 ep=4 success=True steps=75
2026-03-05 02:11:51,884 trace.runner.sweep_runner INFO: intensity=0.10 seed=2 ep=5 success=True steps=73
2026-03-05 02:11:57,632 trace.runner.sweep_runner INFO: intensity=0.10 seed=2 ep=6 success=True steps=75
2026-03-05 02:12:03,981 trace.runner.sweep_runner INFO: intensity=0.10 seed=2 ep=7 success=True steps=81
2026-03-05 02:12:10,250 trace.runner.sweep_runner INFO: intensity=0.10 seed=2 ep=8 success=True steps=81
2026-03-05 02:12:15,938 trace.runner.sweep_runner INFO: intensity=0.10 seed=2 ep=9 success=True steps=73
2026-03-05 02:12:22,224 trace.runner.sweep_runner INFO: intensity=0.10 seed=3 ep=0 success=True steps=83
2026-03-05 02:12:30,194 trace.runner.sweep_runner INFO: intensity=0.10 seed=3 ep=1 success=True steps=112
2026-03-05 02:12:36,425 trace.runner.sweep_runner INFO: intensity=0.10 seed=3 ep=2 success=True steps=84
2026-03-05 02:12:42,521 trace.runner.sweep_runner INFO: intensity=0.10 seed=3 ep=3 success=True steps=80
2026-03-05 02:12:48,186 trace.runner.sweep_runner INFO: intensity=0.10 seed=3 ep=4 success=True steps=72
2026-03-05 02:12:53,715 trace.runner.sweep_runner INFO: intensity=0.10 seed=3 ep=5 success=True steps=72
2026-03-05 02:12:59,210 trace.runner.sweep_runner INFO: intensity=0.10 seed=3 ep=6 success=True steps=70
2026-03-05 02:13:05,657 trace.runner.sweep_runner INFO: intensity=0.10 seed=3 ep=7 success=True steps=85
2026-03-05 02:13:12,031 trace.runner.sweep_runner INFO: intensity=0.10 seed=3 ep=8 success=True steps=83
2026-03-05 02:13:17,838 trace.runner.sweep_runner INFO: intensity=0.10 seed=3 ep=9 success=True steps=73
2026-03-05 02:13:23,716 trace.runner.sweep_runner INFO: intensity=0.10 seed=4 ep=0 success=True steps=77
2026-03-05 02:13:29,620 trace.runner.sweep_runner INFO: intensity=0.10 seed=4 ep=1 success=True steps=78
2026-03-05 02:13:36,996 trace.runner.sweep_runner INFO: intensity=0.10 seed=4 ep=2 success=True steps=105
2026-03-05 02:13:42,893 trace.runner.sweep_runner INFO: intensity=0.10 seed=4 ep=3 success=True steps=76
2026-03-05 02:13:48,850 trace.runner.sweep_runner INFO: intensity=0.10 seed=4 ep=4 success=True steps=78
2026-03-05 02:13:54,803 trace.runner.sweep_runner INFO: intensity=0.10 seed=4 ep=5 success=True steps=79
2026-03-05 02:14:00,280 trace.runner.sweep_runner INFO: intensity=0.10 seed=4 ep=6 success=True steps=69
2026-03-05 02:14:06,243 trace.runner.sweep_runner INFO: intensity=0.10 seed=4 ep=7 success=True steps=76
2026-03-05 02:14:12,509 trace.runner.sweep_runner INFO: intensity=0.10 seed=4 ep=8 success=True steps=84
2026-03-05 02:14:18,263 trace.runner.sweep_runner INFO: intensity=0.10 seed=4 ep=9 success=True steps=75
2026-03-05 02:14:24,443 trace.runner.sweep_runner INFO: intensity=0.20 seed=0 ep=0 success=True steps=72
2026-03-05 02:14:30,898 trace.runner.sweep_runner INFO: intensity=0.20 seed=0 ep=1 success=True steps=76
2026-03-05 02:14:37,344 trace.runner.sweep_runner INFO: intensity=0.20 seed=0 ep=2 success=True steps=77
2026-03-05 02:14:43,988 trace.runner.sweep_runner INFO: intensity=0.20 seed=0 ep=3 success=True steps=79
2026-03-05 02:14:50,488 trace.runner.sweep_runner INFO: intensity=0.20 seed=0 ep=4 success=True steps=76
2026-03-05 02:14:57,018 trace.runner.sweep_runner INFO: intensity=0.20 seed=0 ep=5 success=True steps=77
2026-03-05 02:15:03,385 trace.runner.sweep_runner INFO: intensity=0.20 seed=0 ep=6 success=True steps=74
2026-03-05 02:15:10,474 trace.runner.sweep_runner INFO: intensity=0.20 seed=0 ep=7 success=True steps=84
2026-03-05 02:15:16,860 trace.runner.sweep_runner INFO: intensity=0.20 seed=0 ep=8 success=True steps=75
2026-03-05 02:15:22,832 trace.runner.sweep_runner INFO: intensity=0.20 seed=0 ep=9 success=True steps=70
2026-03-05 02:15:29,405 trace.runner.sweep_runner INFO: intensity=0.20 seed=1 ep=0 success=True steps=78
2026-03-05 02:15:36,010 trace.runner.sweep_runner INFO: intensity=0.20 seed=1 ep=1 success=True steps=78
2026-03-05 02:15:44,600 trace.runner.sweep_runner INFO: intensity=0.20 seed=1 ep=2 success=True steps=108
2026-03-05 02:15:52,960 trace.runner.sweep_runner INFO: intensity=0.20 seed=1 ep=3 success=True steps=104
2026-03-05 02:15:59,331 trace.runner.sweep_runner INFO: intensity=0.20 seed=1 ep=4 success=True steps=74
2026-03-05 02:16:05,707 trace.runner.sweep_runner INFO: intensity=0.20 seed=1 ep=5 success=True steps=75
2026-03-05 02:16:12,115 trace.runner.sweep_runner INFO: intensity=0.20 seed=1 ep=6 success=True steps=74
2026-03-05 02:16:19,181 trace.runner.sweep_runner INFO: intensity=0.20 seed=1 ep=7 success=True steps=84
2026-03-05 02:16:25,989 trace.runner.sweep_runner INFO: intensity=0.20 seed=1 ep=8 success=True steps=81
2026-03-05 02:16:32,507 trace.runner.sweep_runner INFO: intensity=0.20 seed=1 ep=9 success=True steps=76
2026-03-05 02:16:38,782 trace.runner.sweep_runner INFO: intensity=0.20 seed=2 ep=0 success=True steps=75
2026-03-05 02:16:45,063 trace.runner.sweep_runner INFO: intensity=0.20 seed=2 ep=1 success=True steps=74
2026-03-05 02:16:51,855 trace.runner.sweep_runner INFO: intensity=0.20 seed=2 ep=2 success=True steps=84
2026-03-05 02:16:58,076 trace.runner.sweep_runner INFO: intensity=0.20 seed=2 ep=3 success=True steps=72
2026-03-05 02:17:04,601 trace.runner.sweep_runner INFO: intensity=0.20 seed=2 ep=4 success=True steps=76
2026-03-05 02:17:10,476 trace.runner.sweep_runner INFO: intensity=0.20 seed=2 ep=5 success=True steps=68
2026-03-05 02:17:18,995 trace.runner.sweep_runner INFO: intensity=0.20 seed=2 ep=6 success=True steps=106
2026-03-05 02:17:26,063 trace.runner.sweep_runner INFO: intensity=0.20 seed=2 ep=7 success=True steps=83
2026-03-05 02:17:32,604 trace.runner.sweep_runner INFO: intensity=0.20 seed=2 ep=8 success=True steps=76
2026-03-05 02:17:39,138 trace.runner.sweep_runner INFO: intensity=0.20 seed=2 ep=9 success=True steps=77
2026-03-05 02:17:47,530 trace.runner.sweep_runner INFO: intensity=0.20 seed=3 ep=0 success=True steps=104
2026-03-05 02:17:56,286 trace.runner.sweep_runner INFO: intensity=0.20 seed=3 ep=1 success=True steps=110
2026-03-05 02:18:03,106 trace.runner.sweep_runner INFO: intensity=0.20 seed=3 ep=2 success=True steps=85
2026-03-05 02:18:11,674 trace.runner.sweep_runner INFO: intensity=0.20 seed=3 ep=3 success=True steps=106
2026-03-05 02:18:18,034 trace.runner.sweep_runner INFO: intensity=0.20 seed=3 ep=4 success=True steps=74
2026-03-05 02:18:24,035 trace.runner.sweep_runner INFO: intensity=0.20 seed=3 ep=5 success=True steps=70
2026-03-05 02:18:30,239 trace.runner.sweep_runner INFO: intensity=0.20 seed=3 ep=6 success=True steps=71
2026-03-05 02:18:37,204 trace.runner.sweep_runner INFO: intensity=0.20 seed=3 ep=7 success=True steps=83
2026-03-05 02:18:43,980 trace.runner.sweep_runner INFO: intensity=0.20 seed=3 ep=8 success=True steps=79
2026-03-05 02:18:50,499 trace.runner.sweep_runner INFO: intensity=0.20 seed=3 ep=9 success=True steps=76
2026-03-05 02:18:56,893 trace.runner.sweep_runner INFO: intensity=0.20 seed=4 ep=0 success=True steps=75
2026-03-05 02:19:05,090 trace.runner.sweep_runner INFO: intensity=0.20 seed=4 ep=1 success=True steps=102
2026-03-05 02:19:11,394 trace.runner.sweep_runner INFO: intensity=0.20 seed=4 ep=2 success=True steps=77
2026-03-05 02:19:17,609 trace.runner.sweep_runner INFO: intensity=0.20 seed=4 ep=3 success=True steps=73
2026-03-05 02:19:23,905 trace.runner.sweep_runner INFO: intensity=0.20 seed=4 ep=4 success=True steps=75
2026-03-05 02:19:30,742 trace.runner.sweep_runner INFO: intensity=0.20 seed=4 ep=5 success=True steps=80
2026-03-05 02:19:37,070 trace.runner.sweep_runner INFO: intensity=0.20 seed=4 ep=6 success=True steps=75
2026-03-05 02:19:44,206 trace.runner.sweep_runner INFO: intensity=0.20 seed=4 ep=7 success=True steps=84
2026-03-05 02:19:50,823 trace.runner.sweep_runner INFO: intensity=0.20 seed=4 ep=8 success=True steps=78
2026-03-05 02:19:56,852 trace.runner.sweep_runner INFO: intensity=0.20 seed=4 ep=9 success=True steps=70
2026-03-05 02:20:03,384 trace.runner.sweep_runner INFO: intensity=0.30 seed=0 ep=0 success=True steps=80
2026-03-05 02:20:11,518 trace.runner.sweep_runner INFO: intensity=0.30 seed=0 ep=1 success=True steps=104
2026-03-05 02:20:18,067 trace.runner.sweep_runner INFO: intensity=0.30 seed=0 ep=2 success=True steps=82
2026-03-05 02:20:24,783 trace.runner.sweep_runner INFO: intensity=0.30 seed=0 ep=3 success=True steps=82
2026-03-05 02:20:31,179 trace.runner.sweep_runner INFO: intensity=0.30 seed=0 ep=4 success=True steps=77
2026-03-05 02:20:37,879 trace.runner.sweep_runner INFO: intensity=0.30 seed=0 ep=5 success=True steps=82
2026-03-05 02:20:44,243 trace.runner.sweep_runner INFO: intensity=0.30 seed=0 ep=6 success=True steps=77
2026-03-05 02:20:51,051 trace.runner.sweep_runner INFO: intensity=0.30 seed=0 ep=7 success=True steps=81
2026-03-05 02:20:58,085 trace.runner.sweep_runner INFO: intensity=0.30 seed=0 ep=8 success=True steps=87
2026-03-05 02:21:04,775 trace.runner.sweep_runner INFO: intensity=0.30 seed=0 ep=9 success=True steps=81
2026-03-05 02:21:11,465 trace.runner.sweep_runner INFO: intensity=0.30 seed=1 ep=0 success=True steps=82
2026-03-05 02:21:17,904 trace.runner.sweep_runner INFO: intensity=0.30 seed=1 ep=1 success=True steps=79
2026-03-05 02:21:26,180 trace.runner.sweep_runner INFO: intensity=0.30 seed=1 ep=2 success=True steps=108
2026-03-05 02:21:32,694 trace.runner.sweep_runner INFO: intensity=0.30 seed=1 ep=3 success=True steps=79
2026-03-05 02:21:39,308 trace.runner.sweep_runner INFO: intensity=0.30 seed=1 ep=4 success=True steps=80
2026-03-05 02:21:45,345 trace.runner.sweep_runner INFO: intensity=0.30 seed=1 ep=5 success=True steps=72
2026-03-05 02:21:51,890 trace.runner.sweep_runner INFO: intensity=0.30 seed=1 ep=6 success=True steps=79
2026-03-05 02:21:58,504 trace.runner.sweep_runner INFO: intensity=0.30 seed=1 ep=7 success=True steps=80
2026-03-05 02:22:05,737 trace.runner.sweep_runner INFO: intensity=0.30 seed=1 ep=8 success=True steps=88
2026-03-05 02:22:12,144 trace.runner.sweep_runner INFO: intensity=0.30 seed=1 ep=9 success=True steps=77
2026-03-05 02:22:18,939 trace.runner.sweep_runner INFO: intensity=0.30 seed=2 ep=0 success=True steps=82
2026-03-05 02:22:27,775 trace.runner.sweep_runner INFO: intensity=0.30 seed=2 ep=1 success=True steps=115
2026-03-05 02:22:34,181 trace.runner.sweep_runner INFO: intensity=0.30 seed=2 ep=2 success=True steps=80
2026-03-05 02:22:40,511 trace.runner.sweep_runner INFO: intensity=0.30 seed=2 ep=3 success=True steps=76
2026-03-05 02:22:46,806 trace.runner.sweep_runner INFO: intensity=0.30 seed=2 ep=4 success=True steps=75
2026-03-05 02:22:53,032 trace.runner.sweep_runner INFO: intensity=0.30 seed=2 ep=5 success=True steps=75
2026-03-05 02:22:59,699 trace.runner.sweep_runner INFO: intensity=0.30 seed=2 ep=6 success=True steps=80
2026-03-05 02:23:06,720 trace.runner.sweep_runner INFO: intensity=0.30 seed=2 ep=7 success=True steps=83
2026-03-05 02:23:16,686 trace.runner.sweep_runner INFO: intensity=0.30 seed=2 ep=8 success=True steps=130
2026-03-05 02:23:23,374 trace.runner.sweep_runner INFO: intensity=0.30 seed=2 ep=9 success=True steps=81
2026-03-05 02:23:32,437 trace.runner.sweep_runner INFO: intensity=0.30 seed=3 ep=0 success=True steps=117
2026-03-05 02:23:41,409 trace.runner.sweep_runner INFO: intensity=0.30 seed=3 ep=1 success=True steps=117
2026-03-05 02:23:48,279 trace.runner.sweep_runner INFO: intensity=0.30 seed=3 ep=2 success=True steps=88
2026-03-05 02:23:54,740 trace.runner.sweep_runner INFO: intensity=0.30 seed=3 ep=3 success=True steps=79
2026-03-05 02:24:01,542 trace.runner.sweep_runner INFO: intensity=0.30 seed=3 ep=4 success=True steps=82
2026-03-05 02:24:07,829 trace.runner.sweep_runner INFO: intensity=0.30 seed=3 ep=5 success=True steps=76
2026-03-05 02:24:14,349 trace.runner.sweep_runner INFO: intensity=0.30 seed=3 ep=6 success=True steps=78
2026-03-05 02:24:21,107 trace.runner.sweep_runner INFO: intensity=0.30 seed=3 ep=7 success=True steps=80
2026-03-05 02:24:28,593 trace.runner.sweep_runner INFO: intensity=0.30 seed=3 ep=8 success=True steps=93
2026-03-05 02:24:35,180 trace.runner.sweep_runner INFO: intensity=0.30 seed=3 ep=9 success=True steps=80
2026-03-05 02:24:41,690 trace.runner.sweep_runner INFO: intensity=0.30 seed=4 ep=0 success=True steps=79
2026-03-05 02:24:50,809 trace.runner.sweep_runner INFO: intensity=0.30 seed=4 ep=1 success=True steps=116
2026-03-05 02:24:57,825 trace.runner.sweep_runner INFO: intensity=0.30 seed=4 ep=2 success=True steps=90
2026-03-05 02:25:04,448 trace.runner.sweep_runner INFO: intensity=0.30 seed=4 ep=3 success=True steps=80
2026-03-05 02:25:10,836 trace.runner.sweep_runner INFO: intensity=0.30 seed=4 ep=4 success=True steps=77
2026-03-05 02:25:17,693 trace.runner.sweep_runner INFO: intensity=0.30 seed=4 ep=5 success=True steps=83
2026-03-05 02:25:24,271 trace.runner.sweep_runner INFO: intensity=0.30 seed=4 ep=6 success=True steps=79
2026-03-05 02:25:31,629 trace.runner.sweep_runner INFO: intensity=0.30 seed=4 ep=7 success=True steps=87
2026-03-05 02:25:38,467 trace.runner.sweep_runner INFO: intensity=0.30 seed=4 ep=8 success=True steps=81
2026-03-05 02:25:44,965 trace.runner.sweep_runner INFO: intensity=0.30 seed=4 ep=9 success=True steps=79
2026-03-05 02:25:56,948 trace.runner.sweep_runner INFO: intensity=0.50 seed=0 ep=0 success=True steps=161
2026-03-05 02:26:09,671 trace.runner.sweep_runner INFO: intensity=0.50 seed=0 ep=1 success=True steps=171
2026-03-05 02:26:25,186 trace.runner.sweep_runner INFO: intensity=0.50 seed=0 ep=2 success=False steps=220
2026-03-05 02:26:35,186 trace.runner.sweep_runner INFO: intensity=0.50 seed=0 ep=3 success=True steps=132
2026-03-05 02:26:42,465 trace.runner.sweep_runner INFO: intensity=0.50 seed=0 ep=4 success=True steps=91
2026-03-05 02:26:58,405 trace.runner.sweep_runner INFO: intensity=0.50 seed=0 ep=5 success=False steps=220
2026-03-05 02:27:05,792 trace.runner.sweep_runner INFO: intensity=0.50 seed=0 ep=6 success=True steps=92
2026-03-05 02:27:12,802 trace.runner.sweep_runner INFO: intensity=0.50 seed=0 ep=7 success=True steps=86
2026-03-05 02:27:20,913 trace.runner.sweep_runner INFO: intensity=0.50 seed=0 ep=8 success=True steps=105
2026-03-05 02:27:27,741 trace.runner.sweep_runner INFO: intensity=0.50 seed=0 ep=9 success=True steps=84
2026-03-05 02:27:34,417 trace.runner.sweep_runner INFO: intensity=0.50 seed=1 ep=0 success=True steps=82
2026-03-05 02:27:44,392 trace.runner.sweep_runner INFO: intensity=0.50 seed=1 ep=1 success=True steps=134
2026-03-05 02:27:56,924 trace.runner.sweep_runner INFO: intensity=0.50 seed=1 ep=2 success=True steps=175
2026-03-05 02:28:06,871 trace.runner.sweep_runner INFO: intensity=0.50 seed=1 ep=3 success=True steps=132
2026-03-05 02:28:22,570 trace.runner.sweep_runner INFO: intensity=0.50 seed=1 ep=4 success=False steps=220
2026-03-05 02:28:29,864 trace.runner.sweep_runner INFO: intensity=0.50 seed=1 ep=5 success=True steps=92
2026-03-05 02:28:36,858 trace.runner.sweep_runner INFO: intensity=0.50 seed=1 ep=6 success=True steps=87
2026-03-05 02:28:52,516 trace.runner.sweep_runner INFO: intensity=0.50 seed=1 ep=7 success=False steps=220
2026-03-05 02:29:08,291 trace.runner.sweep_runner INFO: intensity=0.50 seed=1 ep=8 success=False steps=220
2026-03-05 02:29:23,868 trace.runner.sweep_runner INFO: intensity=0.50 seed=1 ep=9 success=False steps=220
2026-03-05 02:29:39,786 trace.runner.sweep_runner INFO: intensity=0.50 seed=2 ep=0 success=False steps=220
2026-03-05 02:29:49,900 trace.runner.sweep_runner INFO: intensity=0.50 seed=2 ep=1 success=True steps=135
2026-03-05 02:30:05,547 trace.runner.sweep_runner INFO: intensity=0.50 seed=2 ep=2 success=False steps=220
2026-03-05 02:30:16,367 trace.runner.sweep_runner INFO: intensity=0.50 seed=2 ep=3 success=True steps=145
2026-03-05 02:30:24,319 trace.runner.sweep_runner INFO: intensity=0.50 seed=2 ep=4 success=True steps=101
2026-03-05 02:30:31,593 trace.runner.sweep_runner INFO: intensity=0.50 seed=2 ep=5 success=True steps=92
2026-03-05 02:30:38,407 trace.runner.sweep_runner INFO: intensity=0.50 seed=2 ep=6 success=True steps=84
2026-03-05 02:30:46,688 trace.runner.sweep_runner INFO: intensity=0.50 seed=2 ep=7 success=True steps=105
2026-03-05 02:30:58,792 trace.runner.sweep_runner INFO: intensity=0.50 seed=2 ep=8 success=True steps=165
2026-03-05 02:31:09,300 trace.runner.sweep_runner INFO: intensity=0.50 seed=2 ep=9 success=True steps=140
2026-03-05 02:31:17,778 trace.runner.sweep_runner INFO: intensity=0.50 seed=3 ep=0 success=True steps=107
2026-03-05 02:31:33,399 trace.runner.sweep_runner INFO: intensity=0.50 seed=3 ep=1 success=False steps=220
2026-03-05 02:31:42,171 trace.runner.sweep_runner INFO: intensity=0.50 seed=3 ep=2 success=True steps=116
2026-03-05 02:31:57,784 trace.runner.sweep_runner INFO: intensity=0.50 seed=3 ep=3 success=False steps=220
2026-03-05 02:32:13,052 trace.runner.sweep_runner INFO: intensity=0.50 seed=3 ep=4 success=True steps=209
2026-03-05 02:32:20,426 trace.runner.sweep_runner INFO: intensity=0.50 seed=3 ep=5 success=True steps=92
2026-03-05 02:32:27,810 trace.runner.sweep_runner INFO: intensity=0.50 seed=3 ep=6 success=True steps=92
2026-03-05 02:32:35,414 trace.runner.sweep_runner INFO: intensity=0.50 seed=3 ep=7 success=True steps=92
2026-03-05 02:32:43,274 trace.runner.sweep_runner INFO: intensity=0.50 seed=3 ep=8 success=True steps=100
2026-03-05 02:32:54,118 trace.runner.sweep_runner INFO: intensity=0.50 seed=3 ep=9 success=True steps=144
2026-03-05 02:33:01,078 trace.runner.sweep_runner INFO: intensity=0.50 seed=4 ep=0 success=True steps=86
2026-03-05 02:33:16,585 trace.runner.sweep_runner INFO: intensity=0.50 seed=4 ep=1 success=False steps=220
2026-03-05 02:33:31,904 trace.runner.sweep_runner INFO: intensity=0.50 seed=4 ep=2 success=False steps=220
2026-03-05 02:33:42,135 trace.runner.sweep_runner INFO: intensity=0.50 seed=4 ep=3 success=True steps=136
2026-03-05 02:33:57,929 trace.runner.sweep_runner INFO: intensity=0.50 seed=4 ep=4 success=False steps=220
2026-03-05 02:34:04,365 trace.runner.sweep_runner INFO: intensity=0.50 seed=4 ep=5 success=True steps=79
2026-03-05 02:34:20,083 trace.runner.sweep_runner INFO: intensity=0.50 seed=4 ep=6 success=False steps=220
2026-03-05 02:34:28,729 trace.runner.sweep_runner INFO: intensity=0.50 seed=4 ep=7 success=True steps=111
2026-03-05 02:34:36,594 trace.runner.sweep_runner INFO: intensity=0.50 seed=4 ep=8 success=True steps=99
2026-03-05 02:34:46,624 trace.runner.sweep_runner INFO: intensity=0.50 seed=4 ep=9 success=True steps=132
2026-03-05 02:34:54,963 trace.runner.sweep_runner INFO: intensity=0.70 seed=0 ep=0 success=True steps=108
2026-03-05 02:35:08,936 trace.runner.sweep_runner INFO: intensity=0.70 seed=0 ep=1 success=True steps=191
2026-03-05 02:35:17,418 trace.runner.sweep_runner INFO: intensity=0.70 seed=0 ep=2 success=True steps=113
2026-03-05 02:35:32,796 trace.runner.sweep_runner INFO: intensity=0.70 seed=0 ep=3 success=False steps=220
2026-03-05 02:35:40,954 trace.runner.sweep_runner INFO: intensity=0.70 seed=0 ep=4 success=True steps=105
2026-03-05 02:35:47,820 trace.runner.sweep_runner INFO: intensity=0.70 seed=0 ep=5 success=True steps=86
2026-03-05 02:35:55,416 trace.runner.sweep_runner INFO: intensity=0.70 seed=0 ep=6 success=True steps=96
2026-03-05 02:36:03,913 trace.runner.sweep_runner INFO: intensity=0.70 seed=0 ep=7 success=True steps=106
2026-03-05 02:36:12,408 trace.runner.sweep_runner INFO: intensity=0.70 seed=0 ep=8 success=True steps=107
2026-03-05 02:36:21,206 trace.runner.sweep_runner INFO: intensity=0.70 seed=0 ep=9 success=True steps=112
2026-03-05 02:36:29,372 trace.runner.sweep_runner INFO: intensity=0.70 seed=1 ep=0 success=True steps=104
2026-03-05 02:36:44,773 trace.runner.sweep_runner INFO: intensity=0.70 seed=1 ep=1 success=False steps=220
2026-03-05 02:37:00,406 trace.runner.sweep_runner INFO: intensity=0.70 seed=1 ep=2 success=False steps=220
2026-03-05 02:37:15,999 trace.runner.sweep_runner INFO: intensity=0.70 seed=1 ep=3 success=False steps=220
2026-03-05 02:37:23,671 trace.runner.sweep_runner INFO: intensity=0.70 seed=1 ep=4 success=True steps=96
2026-03-05 02:37:31,568 trace.runner.sweep_runner INFO: intensity=0.70 seed=1 ep=5 success=True steps=99
2026-03-05 02:37:39,880 trace.runner.sweep_runner INFO: intensity=0.70 seed=1 ep=6 success=True steps=106
2026-03-05 02:37:48,350 trace.runner.sweep_runner INFO: intensity=0.70 seed=1 ep=7 success=True steps=107
2026-03-05 02:38:04,112 trace.runner.sweep_runner INFO: intensity=0.70 seed=1 ep=8 success=False steps=220
2026-03-05 02:38:12,638 trace.runner.sweep_runner INFO: intensity=0.70 seed=1 ep=9 success=True steps=109
2026-03-05 02:38:28,305 trace.runner.sweep_runner INFO: intensity=0.70 seed=2 ep=0 success=False steps=220
2026-03-05 02:38:43,687 trace.runner.sweep_runner INFO: intensity=0.70 seed=2 ep=1 success=False steps=220
2026-03-05 02:38:59,526 trace.runner.sweep_runner INFO: intensity=0.70 seed=2 ep=2 success=False steps=220
2026-03-05 02:39:06,838 trace.runner.sweep_runner INFO: intensity=0.70 seed=2 ep=3 success=True steps=92
2026-03-05 02:39:14,144 trace.runner.sweep_runner INFO: intensity=0.70 seed=2 ep=4 success=True steps=92
2026-03-05 02:39:21,912 trace.runner.sweep_runner INFO: intensity=0.70 seed=2 ep=5 success=True steps=99
2026-03-05 02:39:30,582 trace.runner.sweep_runner INFO: intensity=0.70 seed=2 ep=6 success=True steps=111
2026-03-05 02:39:38,276 trace.runner.sweep_runner INFO: intensity=0.70 seed=2 ep=7 success=True steps=99
2026-03-05 02:39:46,710 trace.runner.sweep_runner INFO: intensity=0.70 seed=2 ep=8 success=True steps=109
2026-03-05 02:39:55,922 trace.runner.sweep_runner INFO: intensity=0.70 seed=2 ep=9 success=True steps=121
2026-03-05 02:40:03,759 trace.runner.sweep_runner INFO: intensity=0.70 seed=3 ep=0 success=True steps=100
2026-03-05 02:40:19,092 trace.runner.sweep_runner INFO: intensity=0.70 seed=3 ep=1 success=False steps=220
2026-03-05 02:40:34,029 trace.runner.sweep_runner INFO: intensity=0.70 seed=3 ep=2 success=True steps=210
2026-03-05 02:40:41,244 trace.runner.sweep_runner INFO: intensity=0.70 seed=3 ep=3 success=True steps=90
2026-03-05 02:40:49,245 trace.runner.sweep_runner INFO: intensity=0.70 seed=3 ep=4 success=True steps=101
2026-03-05 02:40:57,198 trace.runner.sweep_runner INFO: intensity=0.70 seed=3 ep=5 success=True steps=102
2026-03-05 02:41:05,008 trace.runner.sweep_runner INFO: intensity=0.70 seed=3 ep=6 success=True steps=98
2026-03-05 02:41:15,635 trace.runner.sweep_runner INFO: intensity=0.70 seed=3 ep=7 success=True steps=141
2026-03-05 02:41:23,583 trace.runner.sweep_runner INFO: intensity=0.70 seed=3 ep=8 success=True steps=103
2026-03-05 02:41:31,556 trace.runner.sweep_runner INFO: intensity=0.70 seed=3 ep=9 success=True steps=102
2026-03-05 02:41:39,645 trace.runner.sweep_runner INFO: intensity=0.70 seed=4 ep=0 success=True steps=105
2026-03-05 02:41:55,219 trace.runner.sweep_runner INFO: intensity=0.70 seed=4 ep=1 success=False steps=220
2026-03-05 02:42:01,877 trace.runner.sweep_runner INFO: intensity=0.70 seed=4 ep=2 success=True steps=86
2026-03-05 02:42:17,279 trace.runner.sweep_runner INFO: intensity=0.70 seed=4 ep=3 success=False steps=220
2026-03-05 02:42:24,908 trace.runner.sweep_runner INFO: intensity=0.70 seed=4 ep=4 success=True steps=96
2026-03-05 02:42:32,770 trace.runner.sweep_runner INFO: intensity=0.70 seed=4 ep=5 success=True steps=100
2026-03-05 02:42:40,217 trace.runner.sweep_runner INFO: intensity=0.70 seed=4 ep=6 success=True steps=95
2026-03-05 02:42:48,252 trace.runner.sweep_runner INFO: intensity=0.70 seed=4 ep=7 success=True steps=101
2026-03-05 02:42:57,058 trace.runner.sweep_runner INFO: intensity=0.70 seed=4 ep=8 success=True steps=113
2026-03-05 02:43:06,536 trace.runner.sweep_runner INFO: intensity=0.70 seed=4 ep=9 success=True steps=124
2026-03-05 02:43:22,288 trace.runner.sweep_runner INFO: intensity=1.00 seed=0 ep=0 success=False steps=220
2026-03-05 02:43:39,046 trace.runner.sweep_runner INFO: intensity=1.00 seed=0 ep=1 success=False steps=220
2026-03-05 02:43:54,530 trace.runner.sweep_runner INFO: intensity=1.00 seed=0 ep=2 success=False steps=220
2026-03-05 02:44:10,646 trace.runner.sweep_runner INFO: intensity=1.00 seed=0 ep=3 success=False steps=220
2026-03-05 02:44:21,126 trace.runner.sweep_runner INFO: intensity=1.00 seed=0 ep=4 success=True steps=139
2026-03-05 02:44:37,064 trace.runner.sweep_runner INFO: intensity=1.00 seed=0 ep=5 success=False steps=220
2026-03-05 02:44:53,392 trace.runner.sweep_runner INFO: intensity=1.00 seed=0 ep=6 success=False steps=220
2026-03-05 02:45:09,860 trace.runner.sweep_runner INFO: intensity=1.00 seed=0 ep=7 success=False steps=220
2026-03-05 02:45:25,380 trace.runner.sweep_runner INFO: intensity=1.00 seed=0 ep=8 success=False steps=220
2026-03-05 02:45:41,629 trace.runner.sweep_runner INFO: intensity=1.00 seed=0 ep=9 success=False steps=220
2026-03-05 02:45:57,611 trace.runner.sweep_runner INFO: intensity=1.00 seed=1 ep=0 success=False steps=220
2026-03-05 02:46:14,783 trace.runner.sweep_runner INFO: intensity=1.00 seed=1 ep=1 success=False steps=220
2026-03-05 02:46:30,441 trace.runner.sweep_runner INFO: intensity=1.00 seed=1 ep=2 success=False steps=220
2026-03-05 02:46:46,809 trace.runner.sweep_runner INFO: intensity=1.00 seed=1 ep=3 success=False steps=220
2026-03-05 02:47:02,666 trace.runner.sweep_runner INFO: intensity=1.00 seed=1 ep=4 success=False steps=220
2026-03-05 02:47:18,874 trace.runner.sweep_runner INFO: intensity=1.00 seed=1 ep=5 success=False steps=220
2026-03-05 02:47:35,190 trace.runner.sweep_runner INFO: intensity=1.00 seed=1 ep=6 success=False steps=220
2026-03-05 02:47:51,593 trace.runner.sweep_runner INFO: intensity=1.00 seed=1 ep=7 success=False steps=220
2026-03-05 02:48:08,395 trace.runner.sweep_runner INFO: intensity=1.00 seed=1 ep=8 success=False steps=220
2026-03-05 02:48:24,710 trace.runner.sweep_runner INFO: intensity=1.00 seed=1 ep=9 success=False steps=220
2026-03-05 02:48:41,020 trace.runner.sweep_runner INFO: intensity=1.00 seed=2 ep=0 success=False steps=220
2026-03-05 02:48:58,558 trace.runner.sweep_runner INFO: intensity=1.00 seed=2 ep=1 success=False steps=220
2026-03-05 02:49:14,754 trace.runner.sweep_runner INFO: intensity=1.00 seed=2 ep=2 success=False steps=220
2026-03-05 02:49:30,720 trace.runner.sweep_runner INFO: intensity=1.00 seed=2 ep=3 success=False steps=220
2026-03-05 02:49:47,246 trace.runner.sweep_runner INFO: intensity=1.00 seed=2 ep=4 success=False steps=220
2026-03-05 02:50:02,633 trace.runner.sweep_runner INFO: intensity=1.00 seed=2 ep=5 success=False steps=220
2026-03-05 02:50:18,733 trace.runner.sweep_runner INFO: intensity=1.00 seed=2 ep=6 success=False steps=220
2026-03-05 02:50:35,620 trace.runner.sweep_runner INFO: intensity=1.00 seed=2 ep=7 success=False steps=220
2026-03-05 02:50:51,554 trace.runner.sweep_runner INFO: intensity=1.00 seed=2 ep=8 success=False steps=220
2026-03-05 02:51:08,529 trace.runner.sweep_runner INFO: intensity=1.00 seed=2 ep=9 success=False steps=220
2026-03-05 02:51:24,854 trace.runner.sweep_runner INFO: intensity=1.00 seed=3 ep=0 success=False steps=220
2026-03-05 02:51:40,988 trace.runner.sweep_runner INFO: intensity=1.00 seed=3 ep=1 success=False steps=220
2026-03-05 02:51:57,140 trace.runner.sweep_runner INFO: intensity=1.00 seed=3 ep=2 success=False steps=220
2026-03-05 02:52:14,462 trace.runner.sweep_runner INFO: intensity=1.00 seed=3 ep=3 success=False steps=220
2026-03-05 02:52:32,128 trace.runner.sweep_runner INFO: intensity=1.00 seed=3 ep=4 success=False steps=220
2026-03-05 02:52:48,512 trace.runner.sweep_runner INFO: intensity=1.00 seed=3 ep=5 success=False steps=220
2026-03-05 02:53:04,591 trace.runner.sweep_runner INFO: intensity=1.00 seed=3 ep=6 success=False steps=220
2026-03-05 02:53:21,416 trace.runner.sweep_runner INFO: intensity=1.00 seed=3 ep=7 success=False steps=220
2026-03-05 02:53:36,997 trace.runner.sweep_runner INFO: intensity=1.00 seed=3 ep=8 success=False steps=220
2026-03-05 02:53:53,015 trace.runner.sweep_runner INFO: intensity=1.00 seed=3 ep=9 success=False steps=220
2026-03-05 02:54:10,022 trace.runner.sweep_runner INFO: intensity=1.00 seed=4 ep=0 success=False steps=220
2026-03-05 02:54:26,522 trace.runner.sweep_runner INFO: intensity=1.00 seed=4 ep=1 success=False steps=220
2026-03-05 02:54:41,635 trace.runner.sweep_runner INFO: intensity=1.00 seed=4 ep=2 success=False steps=220
2026-03-05 02:54:58,252 trace.runner.sweep_runner INFO: intensity=1.00 seed=4 ep=3 success=False steps=220
2026-03-05 02:55:15,407 trace.runner.sweep_runner INFO: intensity=1.00 seed=4 ep=4 success=False steps=220
2026-03-05 02:55:31,418 trace.runner.sweep_runner INFO: intensity=1.00 seed=4 ep=5 success=False steps=220
2026-03-05 02:55:47,988 trace.runner.sweep_runner INFO: intensity=1.00 seed=4 ep=6 success=False steps=220
2026-03-05 02:56:04,573 trace.runner.sweep_runner INFO: intensity=1.00 seed=4 ep=7 success=False steps=220
2026-03-05 02:56:20,736 trace.runner.sweep_runner INFO: intensity=1.00 seed=4 ep=8 success=False steps=220
2026-03-05 02:56:34,408 trace.runner.sweep_runner INFO: intensity=1.00 seed=4 ep=9 success=True steps=176
2026-03-05 02:56:34,418 __main__ INFO:   baseline=100%, max_degradation=96%, breakpoint=1.00
2026-03-05 02:56:34,421 __main__ INFO: Report written to: output/reports/report_Pi0PolicyAdapter_libero_20260305_025634.md
[info] using task orders [0, 1, 2, 3, 4, 5, 6, 7, 8, 9]
[Warning]: datasets path /scratch/at5282/trace/openpi/third_party/libero/libero/datasets does not exist!
[Warning]: datasets path /scratch/at5282/trace/openpi/third_party/libero/libero/datasets does not exist!
Exception ignored in: <function MjRenderContext.__del__ at 0x1553ee7a0720>
Traceback (most recent call last):
  File "/home/at5282/.conda/envs/trace-pi0/lib/python3.11/site-packages/robosuite/utils/binding_utils.py", line 199, in __del__
    self.gl_ctx.free()
  File "/home/at5282/.conda/envs/trace-pi0/lib/python3.11/site-packages/robosuite/renderers/context/egl_context.py", line 149, in free
    EGL.eglMakeCurrent(EGL_DISPLAY, EGL.EGL_NO_SURFACE, EGL.EGL_NO_SURFACE, EGL.EGL_NO_CONTEXT)
  File "/home/at5282/.conda/envs/trace-pi0/lib/python3.11/site-packages/OpenGL/error.py", line 230, in glCheckError
    raise self._errorClass(
OpenGL.raw.EGL._errors.EGLError: EGLError(
	err = EGL_NOT_INITIALIZED,
	baseOperation = eglMakeCurrent,
	cArguments = (
		<OpenGL._opaque.EGLDisplay_pointer object at 0x1553e170e210>,
		<OpenGL._opaque.EGLSurface_pointer object at 0x15553d767da0>,
		<OpenGL._opaque.EGLSurface_pointer object at 0x15553d767da0>,
		<OpenGL._opaque.EGLContext_pointer object at 0x15553d767c80>,
	),
	result = 0
)
Exception ignored in: <function EGLGLContext.__del__ at 0x1553ee7a05e0>
Traceback (most recent call last):
  File "/home/at5282/.conda/envs/trace-pi0/lib/python3.11/site-packages/robosuite/renderers/context/egl_context.py", line 155, in __del__
    self.free()
  File "/home/at5282/.conda/envs/trace-pi0/lib/python3.11/site-packages/robosuite/renderers/context/egl_context.py", line 149, in free
    EGL.eglMakeCurrent(EGL_DISPLAY, EGL.EGL_NO_SURFACE, EGL.EGL_NO_SURFACE, EGL.EGL_NO_CONTEXT)
  File "/home/at5282/.conda/envs/trace-pi0/lib/python3.11/site-packages/OpenGL/error.py", line 230, in glCheckError
    raise self._errorClass(
OpenGL.raw.EGL._errors.EGLError: EGLError(
	err = EGL_NOT_INITIALIZED,
	baseOperation = eglMakeCurrent,
	cArguments = (
		<OpenGL._opaque.EGLDisplay_pointer object at 0x1553e170e210>,
		<OpenGL._opaque.EGLSurface_pointer object at 0x15553d767da0>,
		<OpenGL._opaque.EGLSurface_pointer object at 0x15553d767da0>,
		<OpenGL._opaque.EGLContext_pointer object at 0x15553d767c80>,
	),
	result = 0
)
LEVEL 4 PASSED

============================================
ALL LIBERO TESTS PASSED
============================================

Shutting down server (PID 1665580)...
Done.
