============================================
LIBERO + Pi0 Test Pipeline
Node: cn008
Date: Fri Mar 13 05:35:49 +04 2026
Job ID: 14359059
============================================

[GPU Info]
NVIDIA A100-PCIE-40GB, 40960 MiB

============================================
LEVEL 1: LIBERO unit tests
============================================
============================= test session starts ==============================
platform linux -- Python 3.11.14, pytest-9.0.2, pluggy-1.6.0 -- /home/at5282/.conda/envs/trace-pi0/bin/python
cachedir: .pytest_cache
rootdir: /scratch/at5282/trace/tracerobotics
configfile: pyproject.toml
plugins: cov-7.0.0
collecting ... collected 12 items

tests/test_libero_task.py::TestLiberoTaskInit::test_initialize PASSED    [  8%]
tests/test_libero_task.py::TestLiberoTaskInit::test_language_instruction PASSED [ 16%]
tests/test_libero_task.py::TestLiberoTaskReset::test_reset_returns_observation PASSED [ 25%]
tests/test_libero_task.py::TestLiberoTaskReset::test_observation_keys PASSED [ 33%]
tests/test_libero_task.py::TestLiberoTaskReset::test_image_shape PASSED  [ 41%]
tests/test_libero_task.py::TestLiberoTaskReset::test_proprioception_shapes PASSED [ 50%]
tests/test_libero_task.py::TestLiberoTaskStep::test_step_returns_tuple PASSED [ 58%]
tests/test_libero_task.py::TestLiberoTaskStep::test_step_observation_format PASSED [ 66%]
tests/test_libero_task.py::TestLiberoTaskMujoco::test_get_mujoco_model PASSED [ 75%]
tests/test_libero_task.py::TestLiberoTaskMujoco::test_get_mujoco_data PASSED [ 83%]
tests/test_libero_task.py::TestLiberoTaskSuccess::test_initial_not_success PASSED [ 91%]
tests/test_libero_task.py::TestLiberoTaskSuccess::test_no_catastrophic_failure PASSED [100%]

=============================== warnings summary ===============================
tests/test_libero_task.py::TestLiberoTaskInit::test_initialize
  /home/at5282/.conda/envs/trace-pi0/lib/python3.11/site-packages/robosuite/macros.py:53: DeprecationWarning: The 'warn' method is deprecated, use 'warning' instead
    ROBOSUITE_DEFAULT_LOGGER.warn("No private macro file found!")

tests/test_libero_task.py::TestLiberoTaskInit::test_initialize
  /home/at5282/.conda/envs/trace-pi0/lib/python3.11/site-packages/robosuite/macros.py:54: DeprecationWarning: The 'warn' method is deprecated, use 'warning' instead
    ROBOSUITE_DEFAULT_LOGGER.warn("It is recommended to use a private macro file")

tests/test_libero_task.py::TestLiberoTaskInit::test_initialize
  /home/at5282/.conda/envs/trace-pi0/lib/python3.11/site-packages/robosuite/macros.py:55: DeprecationWarning: The 'warn' method is deprecated, use 'warning' instead
    ROBOSUITE_DEFAULT_LOGGER.warn("To setup, run: python {}/scripts/setup_macros.py".format(robosuite.__path__[0]))

-- Docs: https://docs.pytest.org/en/stable/how-to/capture-warnings.html
======================= 12 passed, 3 warnings in 28.38s ========================
LEVEL 1 PASSED

============================================
Starting pi0 server on port 8000...
============================================
Waiting for server (PID 1543389) to start listening on port 8000...
  ... waiting (5s)
  ... waiting (10s)
  ... waiting (15s)
  ... waiting (20s)
  ... waiting (25s)
  ... waiting (30s)
  ... waiting (35s)
  ... waiting (40s)
  ... waiting (45s)
  ... waiting (50s)
  ... waiting (55s)
  ... waiting (60s)
  ... waiting (65s)
  ... waiting (70s)
  ... waiting (75s)
  ... waiting (80s)
  ... waiting (85s)
  ... waiting (90s)
  ... waiting (95s)
  ... waiting (100s)
  ... waiting (105s)
  ... waiting (110s)
  ... waiting (115s)
  ... waiting (120s)
  ... waiting (125s)
  ... waiting (130s)
  ... waiting (135s)
  ... waiting (140s)
  ... waiting (145s)
  ... waiting (150s)
  ... waiting (155s)
  ... waiting (160s)
  ... waiting (165s)
  ... waiting (170s)
  ... waiting (175s)
  ... waiting (180s)
  ... waiting (185s)
  ... waiting (190s)
Server is ready (took 190s).


============================================
LEVEL 2: LIBERO single-episode evaluation
============================================
[robosuite WARNING] No private macro file found! (macros.py:53)
[robosuite WARNING] It is recommended to use a private macro file (macros.py:54)
[robosuite WARNING] To setup, run: python /home/at5282/.conda/envs/trace-pi0/lib/python3.11/site-packages/robosuite/scripts/setup_macros.py (macros.py:55)
Gym has been unmaintained since 2022 and does not support NumPy 2.0 amongst other critical functionality.
Please upgrade to Gymnasium, the maintained drop-in replacement of Gym, or contact the authors of your software and request that they upgrade.
See the migration guide at https://gymnasium.farama.org/introduction/migration_guide/ for additional information.
[info] using task orders [0, 1, 2, 3, 4, 5, 6, 7, 8, 9]
[Warning]: datasets path /scratch/at5282/trace/openpi/third_party/libero/libero/datasets does not exist!
[Warning]: datasets path /scratch/at5282/trace/openpi/third_party/libero/libero/datasets does not exist!
Task: libero
Suite: libero_spatial
Language instruction: pick up the black bowl between the plate and the ramekin and place it on the plate
Success:              True
Steps:                78
Reward:               1.000
Catastrophic failure: False
LEVEL 2 PASSED
Exception ignored in: <function MjRenderContext.__del__ at 0x1553ee79d1c0>
Traceback (most recent call last):
  File "/home/at5282/.conda/envs/trace-pi0/lib/python3.11/site-packages/robosuite/utils/binding_utils.py", line 199, in __del__
  File "/home/at5282/.conda/envs/trace-pi0/lib/python3.11/site-packages/robosuite/renderers/context/egl_context.py", line 149, in free
  File "/home/at5282/.conda/envs/trace-pi0/lib/python3.11/site-packages/OpenGL/error.py", line 230, in glCheckError
OpenGL.raw.EGL._errors.EGLError: <exception str() failed>
Exception ignored in: <function EGLGLContext.__del__ at 0x1553ee79d080>
Traceback (most recent call last):
  File "/home/at5282/.conda/envs/trace-pi0/lib/python3.11/site-packages/robosuite/renderers/context/egl_context.py", line 155, in __del__
  File "/home/at5282/.conda/envs/trace-pi0/lib/python3.11/site-packages/robosuite/renderers/context/egl_context.py", line 149, in free
  File "/home/at5282/.conda/envs/trace-pi0/lib/python3.11/site-packages/OpenGL/error.py", line 230, in glCheckError
OpenGL.raw.EGL._errors.EGLError: <exception str() failed>

============================================
LEVEL 3: LIBERO mini sweep (quick_test.yaml)
============================================
2026-03-13 05:40:28,080 __main__ INFO: Trace Robotics Evaluation
2026-03-13 05:40:28,080 __main__ INFO: Task config: configs/tasks/libero_spatial.yaml
2026-03-13 05:40:28,080 __main__ INFO: Sweep config: configs/sweeps/quick_test.yaml
2026-03-13 05:40:28,080 __main__ INFO: Checkpoint: (none)
2026-03-13 05:40:28,080 __main__ INFO: Output: output/reports
[robosuite WARNING] No private macro file found! (macros.py:53)
2026-03-13 05:40:29,795 robosuite_logs WARNING: No private macro file found!
[robosuite WARNING] It is recommended to use a private macro file (macros.py:54)
2026-03-13 05:40:29,795 robosuite_logs WARNING: It is recommended to use a private macro file
[robosuite WARNING] To setup, run: python /home/at5282/.conda/envs/trace-pi0/lib/python3.11/site-packages/robosuite/scripts/setup_macros.py (macros.py:55)
2026-03-13 05:40:29,795 robosuite_logs WARNING: To setup, run: python /home/at5282/.conda/envs/trace-pi0/lib/python3.11/site-packages/robosuite/scripts/setup_macros.py
Gym has been unmaintained since 2022 and does not support NumPy 2.0 amongst other critical functionality.
Please upgrade to Gymnasium, the maintained drop-in replacement of Gym, or contact the authors of your software and request that they upgrade.
See the migration guide at https://gymnasium.farama.org/introduction/migration_guide/ for additional information.
2026-03-13 05:40:32,698 __main__ INFO: Task 'libero' initialized
2026-03-13 05:40:32,722 root INFO: Waiting for server at ws://localhost:8000...
2026-03-13 05:40:32,726 __main__ INFO: Using named policy: pi0
2026-03-13 05:40:32,729 __main__ INFO: Loaded 1 stressor sweeps
2026-03-13 05:40:32,729 __main__ INFO: Running sweep 1/1: LatencyStressor
2026-03-13 05:40:38,124 trace.runner.sweep_runner INFO: intensity=0.00 seed=0 ep=0 success=True steps=77
2026-03-13 05:40:44,653 trace.runner.sweep_runner INFO: intensity=0.00 seed=0 ep=1 success=True steps=103
2026-03-13 05:40:57,464 trace.runner.sweep_runner INFO: intensity=0.50 seed=0 ep=0 success=True steps=218
2026-03-13 05:41:09,810 trace.runner.sweep_runner INFO: intensity=0.50 seed=0 ep=1 success=False steps=220
2026-03-13 05:41:22,549 trace.runner.sweep_runner INFO: intensity=1.00 seed=0 ep=0 success=False steps=220
2026-03-13 05:41:37,103 trace.runner.sweep_runner INFO: intensity=1.00 seed=0 ep=1 success=False steps=220
2026-03-13 05:41:37,105 __main__ INFO:   baseline=100%, max_degradation=100%, breakpoint=1.00
2026-03-13 05:41:37,108 __main__ INFO:   Report updated: output/reports/report_Pi0PolicyAdapter_libero_20260313_054032.md (1/1 stressors)
2026-03-13 05:41:37,108 __main__ INFO: Final report: output/reports/report_Pi0PolicyAdapter_libero_20260313_054032.md
[info] using task orders [0, 1, 2, 3, 4, 5, 6, 7, 8, 9]
[Warning]: datasets path /scratch/at5282/trace/openpi/third_party/libero/libero/datasets does not exist!
[Warning]: datasets path /scratch/at5282/trace/openpi/third_party/libero/libero/datasets does not exist!
Exception ignored in: <function MjRenderContext.__del__ at 0x1553ee95f240>
Traceback (most recent call last):
  File "/home/at5282/.conda/envs/trace-pi0/lib/python3.11/site-packages/robosuite/utils/binding_utils.py", line 199, in __del__
    self.gl_ctx.free()
  File "/home/at5282/.conda/envs/trace-pi0/lib/python3.11/site-packages/robosuite/renderers/context/egl_context.py", line 149, in free
    EGL.eglMakeCurrent(EGL_DISPLAY, EGL.EGL_NO_SURFACE, EGL.EGL_NO_SURFACE, EGL.EGL_NO_CONTEXT)
  File "/home/at5282/.conda/envs/trace-pi0/lib/python3.11/site-packages/OpenGL/error.py", line 230, in glCheckError
    raise self._errorClass(
OpenGL.raw.EGL._errors.EGLError: EGLError(
	err = EGL_NOT_INITIALIZED,
	baseOperation = eglMakeCurrent,
	cArguments = (
		<OpenGL._opaque.EGLDisplay_pointer object at 0x1553e18ba8d0>,
		<OpenGL._opaque.EGLSurface_pointer object at 0x15553d76be30>,
		<OpenGL._opaque.EGLSurface_pointer object at 0x15553d76be30>,
		<OpenGL._opaque.EGLContext_pointer object at 0x15553d76bd10>,
	),
	result = 0
)
Exception ignored in: <function EGLGLContext.__del__ at 0x1553ee95f100>
Traceback (most recent call last):
  File "/home/at5282/.conda/envs/trace-pi0/lib/python3.11/site-packages/robosuite/renderers/context/egl_context.py", line 155, in __del__
    self.free()
  File "/home/at5282/.conda/envs/trace-pi0/lib/python3.11/site-packages/robosuite/renderers/context/egl_context.py", line 149, in free
    EGL.eglMakeCurrent(EGL_DISPLAY, EGL.EGL_NO_SURFACE, EGL.EGL_NO_SURFACE, EGL.EGL_NO_CONTEXT)
  File "/home/at5282/.conda/envs/trace-pi0/lib/python3.11/site-packages/OpenGL/error.py", line 230, in glCheckError
    raise self._errorClass(
OpenGL.raw.EGL._errors.EGLError: EGLError(
	err = EGL_NOT_INITIALIZED,
	baseOperation = eglMakeCurrent,
	cArguments = (
		<OpenGL._opaque.EGLDisplay_pointer object at 0x1553e18ba8d0>,
		<OpenGL._opaque.EGLSurface_pointer object at 0x15553d76be30>,
		<OpenGL._opaque.EGLSurface_pointer object at 0x15553d76be30>,
		<OpenGL._opaque.EGLContext_pointer object at 0x15553d76bd10>,
	),
	result = 0
)
LEVEL 3 PASSED

============================================
LEVEL 4: LIBERO full sweep (default_sweep.yaml)
============================================
2026-03-13 05:41:38,414 __main__ INFO: Trace Robotics Evaluation
2026-03-13 05:41:38,414 __main__ INFO: Task config: configs/tasks/libero_spatial.yaml
2026-03-13 05:41:38,414 __main__ INFO: Sweep config: configs/sweeps/default_sweep.yaml
2026-03-13 05:41:38,414 __main__ INFO: Checkpoint: (none)
2026-03-13 05:41:38,415 __main__ INFO: Output: output/reports
[robosuite WARNING] No private macro file found! (macros.py:53)
2026-03-13 05:41:40,164 robosuite_logs WARNING: No private macro file found!
[robosuite WARNING] It is recommended to use a private macro file (macros.py:54)
2026-03-13 05:41:40,164 robosuite_logs WARNING: It is recommended to use a private macro file
[robosuite WARNING] To setup, run: python /home/at5282/.conda/envs/trace-pi0/lib/python3.11/site-packages/robosuite/scripts/setup_macros.py (macros.py:55)
2026-03-13 05:41:40,164 robosuite_logs WARNING: To setup, run: python /home/at5282/.conda/envs/trace-pi0/lib/python3.11/site-packages/robosuite/scripts/setup_macros.py
Gym has been unmaintained since 2022 and does not support NumPy 2.0 amongst other critical functionality.
Please upgrade to Gymnasium, the maintained drop-in replacement of Gym, or contact the authors of your software and request that they upgrade.
See the migration guide at https://gymnasium.farama.org/introduction/migration_guide/ for additional information.
2026-03-13 05:41:43,011 __main__ INFO: Task 'libero' initialized
2026-03-13 05:41:43,030 root INFO: Waiting for server at ws://localhost:8000...
2026-03-13 05:41:43,034 __main__ INFO: Using named policy: pi0
2026-03-13 05:41:43,043 __main__ INFO: Loaded 9 stressor sweeps
2026-03-13 05:41:43,044 __main__ INFO: Running sweep 1/9: LatencyStressor
2026-03-13 05:41:48,224 trace.runner.sweep_runner INFO: intensity=0.00 seed=0 ep=0 success=True steps=73
2026-03-13 05:41:53,498 trace.runner.sweep_runner INFO: intensity=0.00 seed=0 ep=1 success=True steps=76
2026-03-13 05:41:58,795 trace.runner.sweep_runner INFO: intensity=0.00 seed=0 ep=2 success=True steps=80
2026-03-13 05:42:03,728 trace.runner.sweep_runner INFO: intensity=0.00 seed=0 ep=3 success=True steps=72
2026-03-13 05:42:08,764 trace.runner.sweep_runner INFO: intensity=0.00 seed=0 ep=4 success=True steps=74
2026-03-13 05:42:13,957 trace.runner.sweep_runner INFO: intensity=0.00 seed=0 ep=5 success=True steps=75
2026-03-13 05:42:18,906 trace.runner.sweep_runner INFO: intensity=0.00 seed=0 ep=6 success=True steps=70
2026-03-13 05:42:24,314 trace.runner.sweep_runner INFO: intensity=0.00 seed=0 ep=7 success=True steps=79
2026-03-13 05:42:29,427 trace.runner.sweep_runner INFO: intensity=0.00 seed=0 ep=8 success=True steps=75
2026-03-13 05:42:34,653 trace.runner.sweep_runner INFO: intensity=0.00 seed=0 ep=9 success=True steps=77
2026-03-13 05:42:39,573 trace.runner.sweep_runner INFO: intensity=0.00 seed=1 ep=0 success=True steps=73
2026-03-13 05:42:46,265 trace.runner.sweep_runner INFO: intensity=0.00 seed=1 ep=1 success=True steps=107
2026-03-13 05:42:51,250 trace.runner.sweep_runner INFO: intensity=0.00 seed=1 ep=2 success=True steps=77
2026-03-13 05:42:56,459 trace.runner.sweep_runner INFO: intensity=0.00 seed=1 ep=3 success=True steps=76
2026-03-13 05:43:01,513 trace.runner.sweep_runner INFO: intensity=0.00 seed=1 ep=4 success=True steps=74
2026-03-13 05:43:06,763 trace.runner.sweep_runner INFO: intensity=0.00 seed=1 ep=5 success=True steps=77
2026-03-13 05:43:11,805 trace.runner.sweep_runner INFO: intensity=0.00 seed=1 ep=6 success=True steps=74
2026-03-13 05:43:17,227 trace.runner.sweep_runner INFO: intensity=0.00 seed=1 ep=7 success=True steps=78
2026-03-13 05:43:22,824 trace.runner.sweep_runner INFO: intensity=0.00 seed=1 ep=8 success=True steps=82
2026-03-13 05:43:28,065 trace.runner.sweep_runner INFO: intensity=0.00 seed=1 ep=9 success=True steps=78
2026-03-13 05:43:33,279 trace.runner.sweep_runner INFO: intensity=0.00 seed=2 ep=0 success=True steps=79
2026-03-13 05:43:40,053 trace.runner.sweep_runner INFO: intensity=0.00 seed=2 ep=1 success=True steps=110
2026-03-13 05:43:44,935 trace.runner.sweep_runner INFO: intensity=0.00 seed=2 ep=2 success=True steps=74
2026-03-13 05:43:50,163 trace.runner.sweep_runner INFO: intensity=0.00 seed=2 ep=3 success=True steps=77
2026-03-13 05:43:55,181 trace.runner.sweep_runner INFO: intensity=0.00 seed=2 ep=4 success=True steps=72
2026-03-13 05:44:00,256 trace.runner.sweep_runner INFO: intensity=0.00 seed=2 ep=5 success=True steps=74
2026-03-13 05:44:05,237 trace.runner.sweep_runner INFO: intensity=0.00 seed=2 ep=6 success=True steps=71
2026-03-13 05:44:10,779 trace.runner.sweep_runner INFO: intensity=0.00 seed=2 ep=7 success=True steps=81
2026-03-13 05:44:16,008 trace.runner.sweep_runner INFO: intensity=0.00 seed=2 ep=8 success=True steps=79
2026-03-13 05:44:21,070 trace.runner.sweep_runner INFO: intensity=0.00 seed=2 ep=9 success=True steps=74
2026-03-13 05:44:26,501 trace.runner.sweep_runner INFO: intensity=0.00 seed=3 ep=0 success=True steps=82
2026-03-13 05:44:32,987 trace.runner.sweep_runner INFO: intensity=0.00 seed=3 ep=1 success=True steps=104
2026-03-13 05:44:38,752 trace.runner.sweep_runner INFO: intensity=0.00 seed=3 ep=2 success=True steps=88
2026-03-13 05:44:44,017 trace.runner.sweep_runner INFO: intensity=0.00 seed=3 ep=3 success=True steps=78
2026-03-13 05:44:49,013 trace.runner.sweep_runner INFO: intensity=0.00 seed=3 ep=4 success=True steps=73
2026-03-13 05:44:54,046 trace.runner.sweep_runner INFO: intensity=0.00 seed=3 ep=5 success=True steps=74
2026-03-13 05:44:59,025 trace.runner.sweep_runner INFO: intensity=0.00 seed=3 ep=6 success=True steps=71
2026-03-13 05:45:04,465 trace.runner.sweep_runner INFO: intensity=0.00 seed=3 ep=7 success=True steps=80
2026-03-13 05:45:09,946 trace.runner.sweep_runner INFO: intensity=0.00 seed=3 ep=8 success=True steps=81
2026-03-13 05:45:15,016 trace.runner.sweep_runner INFO: intensity=0.00 seed=3 ep=9 success=True steps=74
2026-03-13 05:45:20,025 trace.runner.sweep_runner INFO: intensity=0.00 seed=4 ep=0 success=True steps=74
2026-03-13 05:45:24,901 trace.runner.sweep_runner INFO: intensity=0.00 seed=4 ep=1 success=True steps=72
2026-03-13 05:45:29,787 trace.runner.sweep_runner INFO: intensity=0.00 seed=4 ep=2 success=True steps=74
2026-03-13 05:45:34,804 trace.runner.sweep_runner INFO: intensity=0.00 seed=4 ep=3 success=True steps=74
2026-03-13 05:45:39,849 trace.runner.sweep_runner INFO: intensity=0.00 seed=4 ep=4 success=True steps=74
2026-03-13 05:45:45,073 trace.runner.sweep_runner INFO: intensity=0.00 seed=4 ep=5 success=True steps=77
2026-03-13 05:45:52,979 trace.runner.sweep_runner INFO: intensity=0.00 seed=4 ep=6 success=True steps=122
2026-03-13 05:46:03,379 trace.runner.sweep_runner INFO: intensity=0.00 seed=4 ep=7 success=True steps=175
2026-03-13 05:46:08,711 trace.runner.sweep_runner INFO: intensity=0.00 seed=4 ep=8 success=True steps=78
2026-03-13 05:46:13,601 trace.runner.sweep_runner INFO: intensity=0.00 seed=4 ep=9 success=True steps=70
2026-03-13 05:46:19,063 trace.runner.sweep_runner INFO: intensity=0.10 seed=0 ep=0 success=True steps=77
2026-03-13 05:46:26,219 trace.runner.sweep_runner INFO: intensity=0.10 seed=0 ep=1 success=True steps=116
2026-03-13 05:46:34,042 trace.runner.sweep_runner INFO: intensity=0.10 seed=0 ep=2 success=True steps=128
2026-03-13 05:46:39,713 trace.runner.sweep_runner INFO: intensity=0.10 seed=0 ep=3 success=True steps=84
2026-03-13 05:46:45,332 trace.runner.sweep_runner INFO: intensity=0.10 seed=0 ep=4 success=True steps=82
2026-03-13 05:46:56,671 trace.runner.sweep_runner INFO: intensity=0.10 seed=0 ep=5 success=True steps=190
2026-03-13 05:47:02,086 trace.runner.sweep_runner INFO: intensity=0.10 seed=0 ep=6 success=True steps=77
2026-03-13 05:47:07,919 trace.runner.sweep_runner INFO: intensity=0.10 seed=0 ep=7 success=True steps=87
2026-03-13 05:47:13,867 trace.runner.sweep_runner INFO: intensity=0.10 seed=0 ep=8 success=True steps=86
2026-03-13 05:47:19,577 trace.runner.sweep_runner INFO: intensity=0.10 seed=0 ep=9 success=True steps=86
2026-03-13 05:47:25,186 trace.runner.sweep_runner INFO: intensity=0.10 seed=1 ep=0 success=True steps=84
2026-03-13 05:47:32,677 trace.runner.sweep_runner INFO: intensity=0.10 seed=1 ep=1 success=True steps=122
2026-03-13 05:47:38,273 trace.runner.sweep_runner INFO: intensity=0.10 seed=1 ep=2 success=True steps=87
2026-03-13 05:47:43,889 trace.runner.sweep_runner INFO: intensity=0.10 seed=1 ep=3 success=True steps=83
2026-03-13 05:47:49,274 trace.runner.sweep_runner INFO: intensity=0.10 seed=1 ep=4 success=True steps=79
2026-03-13 05:47:54,925 trace.runner.sweep_runner INFO: intensity=0.10 seed=1 ep=5 success=True steps=83
2026-03-13 05:48:00,272 trace.runner.sweep_runner INFO: intensity=0.10 seed=1 ep=6 success=True steps=77
2026-03-13 05:48:06,144 trace.runner.sweep_runner INFO: intensity=0.10 seed=1 ep=7 success=True steps=86
2026-03-13 05:48:11,915 trace.runner.sweep_runner INFO: intensity=0.10 seed=1 ep=8 success=True steps=88
2026-03-13 05:48:17,250 trace.runner.sweep_runner INFO: intensity=0.10 seed=1 ep=9 success=True steps=78
2026-03-13 05:48:22,851 trace.runner.sweep_runner INFO: intensity=0.10 seed=2 ep=0 success=True steps=82
2026-03-13 05:48:28,459 trace.runner.sweep_runner INFO: intensity=0.10 seed=2 ep=1 success=True steps=87
2026-03-13 05:48:34,106 trace.runner.sweep_runner INFO: intensity=0.10 seed=2 ep=2 success=True steps=88
2026-03-13 05:48:39,907 trace.runner.sweep_runner INFO: intensity=0.10 seed=2 ep=3 success=True steps=85
2026-03-13 05:48:45,299 trace.runner.sweep_runner INFO: intensity=0.10 seed=2 ep=4 success=True steps=79
2026-03-13 05:48:50,874 trace.runner.sweep_runner INFO: intensity=0.10 seed=2 ep=5 success=True steps=82
2026-03-13 05:48:56,083 trace.runner.sweep_runner INFO: intensity=0.10 seed=2 ep=6 success=True steps=78
2026-03-13 05:49:01,794 trace.runner.sweep_runner INFO: intensity=0.10 seed=2 ep=7 success=True steps=85
2026-03-13 05:49:08,334 trace.runner.sweep_runner INFO: intensity=0.10 seed=2 ep=8 success=True steps=100
2026-03-13 05:49:13,687 trace.runner.sweep_runner INFO: intensity=0.10 seed=2 ep=9 success=True steps=79
2026-03-13 05:49:19,406 trace.runner.sweep_runner INFO: intensity=0.10 seed=3 ep=0 success=True steps=86
2026-03-13 05:49:27,239 trace.runner.sweep_runner INFO: intensity=0.10 seed=3 ep=1 success=True steps=126
2026-03-13 05:49:33,167 trace.runner.sweep_runner INFO: intensity=0.10 seed=3 ep=2 success=True steps=93
2026-03-13 05:49:38,696 trace.runner.sweep_runner INFO: intensity=0.10 seed=3 ep=3 success=True steps=81
2026-03-13 05:49:44,205 trace.runner.sweep_runner INFO: intensity=0.10 seed=3 ep=4 success=True steps=82
2026-03-13 05:49:49,496 trace.runner.sweep_runner INFO: intensity=0.10 seed=3 ep=5 success=True steps=80
2026-03-13 05:49:54,966 trace.runner.sweep_runner INFO: intensity=0.10 seed=3 ep=6 success=True steps=78
2026-03-13 05:50:01,160 trace.runner.sweep_runner INFO: intensity=0.10 seed=3 ep=7 success=True steps=94
2026-03-13 05:50:07,158 trace.runner.sweep_runner INFO: intensity=0.10 seed=3 ep=8 success=True steps=89
2026-03-13 05:50:12,731 trace.runner.sweep_runner INFO: intensity=0.10 seed=3 ep=9 success=True steps=81
2026-03-13 05:50:18,324 trace.runner.sweep_runner INFO: intensity=0.10 seed=4 ep=0 success=True steps=84
2026-03-13 05:50:23,781 trace.runner.sweep_runner INFO: intensity=0.10 seed=4 ep=1 success=True steps=81
2026-03-13 05:50:31,282 trace.runner.sweep_runner INFO: intensity=0.10 seed=4 ep=2 success=True steps=123
2026-03-13 05:50:36,792 trace.runner.sweep_runner INFO: intensity=0.10 seed=4 ep=3 success=True steps=82
2026-03-13 05:50:42,285 trace.runner.sweep_runner INFO: intensity=0.10 seed=4 ep=4 success=True steps=81
2026-03-13 05:50:48,009 trace.runner.sweep_runner INFO: intensity=0.10 seed=4 ep=5 success=True steps=86
2026-03-13 05:50:53,338 trace.runner.sweep_runner INFO: intensity=0.10 seed=4 ep=6 success=True steps=76
2026-03-13 05:51:02,738 trace.runner.sweep_runner INFO: intensity=0.10 seed=4 ep=7 success=True steps=151
2026-03-13 05:51:08,550 trace.runner.sweep_runner INFO: intensity=0.10 seed=4 ep=8 success=True steps=89
2026-03-13 05:51:14,023 trace.runner.sweep_runner INFO: intensity=0.10 seed=4 ep=9 success=True steps=79
2026-03-13 05:51:20,084 trace.runner.sweep_runner INFO: intensity=0.20 seed=0 ep=0 success=True steps=91
2026-03-13 05:51:28,197 trace.runner.sweep_runner INFO: intensity=0.20 seed=0 ep=1 success=True steps=129
2026-03-13 05:51:37,431 trace.runner.sweep_runner INFO: intensity=0.20 seed=0 ep=2 success=True steps=153
2026-03-13 05:51:43,138 trace.runner.sweep_runner INFO: intensity=0.20 seed=0 ep=3 success=True steps=85
2026-03-13 05:51:49,054 trace.runner.sweep_runner INFO: intensity=0.20 seed=0 ep=4 success=True steps=88
2026-03-13 05:51:55,175 trace.runner.sweep_runner INFO: intensity=0.20 seed=0 ep=5 success=True steps=92
2026-03-13 05:52:01,037 trace.runner.sweep_runner INFO: intensity=0.20 seed=0 ep=6 success=True steps=86
2026-03-13 05:52:07,330 trace.runner.sweep_runner INFO: intensity=0.20 seed=0 ep=7 success=True steps=94
2026-03-13 05:52:13,570 trace.runner.sweep_runner INFO: intensity=0.20 seed=0 ep=8 success=True steps=94
2026-03-13 05:52:19,539 trace.runner.sweep_runner INFO: intensity=0.20 seed=0 ep=9 success=True steps=90
2026-03-13 05:52:25,584 trace.runner.sweep_runner INFO: intensity=0.20 seed=1 ep=0 success=True steps=91
2026-03-13 05:52:33,693 trace.runner.sweep_runner INFO: intensity=0.20 seed=1 ep=1 success=True steps=132
2026-03-13 05:52:42,169 trace.runner.sweep_runner INFO: intensity=0.20 seed=1 ep=2 success=True steps=140
2026-03-13 05:52:48,201 trace.runner.sweep_runner INFO: intensity=0.20 seed=1 ep=3 success=True steps=87
2026-03-13 05:52:53,896 trace.runner.sweep_runner INFO: intensity=0.20 seed=1 ep=4 success=True steps=84
2026-03-13 05:53:00,045 trace.runner.sweep_runner INFO: intensity=0.20 seed=1 ep=5 success=True steps=93
2026-03-13 05:53:05,473 trace.runner.sweep_runner INFO: intensity=0.20 seed=1 ep=6 success=True steps=79
2026-03-13 05:53:18,402 trace.runner.sweep_runner INFO: intensity=0.20 seed=1 ep=7 success=False steps=220
2026-03-13 05:53:24,626 trace.runner.sweep_runner INFO: intensity=0.20 seed=1 ep=8 success=True steps=95
2026-03-13 05:53:30,752 trace.runner.sweep_runner INFO: intensity=0.20 seed=1 ep=9 success=True steps=92
2026-03-13 05:53:36,397 trace.runner.sweep_runner INFO: intensity=0.20 seed=2 ep=0 success=True steps=85
2026-03-13 05:53:44,891 trace.runner.sweep_runner INFO: intensity=0.20 seed=2 ep=1 success=True steps=139
2026-03-13 05:53:53,727 trace.runner.sweep_runner INFO: intensity=0.20 seed=2 ep=2 success=True steps=148
2026-03-13 05:54:02,395 trace.runner.sweep_runner INFO: intensity=0.20 seed=2 ep=3 success=True steps=139
2026-03-13 05:54:08,109 trace.runner.sweep_runner INFO: intensity=0.20 seed=2 ep=4 success=True steps=85
2026-03-13 05:54:14,450 trace.runner.sweep_runner INFO: intensity=0.20 seed=2 ep=5 success=True steps=94
2026-03-13 05:54:20,449 trace.runner.sweep_runner INFO: intensity=0.20 seed=2 ep=6 success=True steps=90
2026-03-13 05:54:26,665 trace.runner.sweep_runner INFO: intensity=0.20 seed=2 ep=7 success=True steps=93
2026-03-13 05:54:33,031 trace.runner.sweep_runner INFO: intensity=0.20 seed=2 ep=8 success=True steps=96
2026-03-13 05:54:38,914 trace.runner.sweep_runner INFO: intensity=0.20 seed=2 ep=9 success=True steps=87
2026-03-13 05:54:44,843 trace.runner.sweep_runner INFO: intensity=0.20 seed=3 ep=0 success=True steps=92
2026-03-13 05:54:57,480 trace.runner.sweep_runner INFO: intensity=0.20 seed=3 ep=1 success=False steps=220
2026-03-13 05:55:07,631 trace.runner.sweep_runner INFO: intensity=0.20 seed=3 ep=2 success=True steps=170
2026-03-13 05:55:19,854 trace.runner.sweep_runner INFO: intensity=0.20 seed=3 ep=3 success=True steps=205
2026-03-13 05:55:30,873 trace.runner.sweep_runner INFO: intensity=0.20 seed=3 ep=4 success=True steps=181
2026-03-13 05:55:36,677 trace.runner.sweep_runner INFO: intensity=0.20 seed=3 ep=5 success=True steps=89
2026-03-13 05:55:42,499 trace.runner.sweep_runner INFO: intensity=0.20 seed=3 ep=6 success=True steps=83
2026-03-13 05:55:48,654 trace.runner.sweep_runner INFO: intensity=0.20 seed=3 ep=7 success=True steps=93
2026-03-13 05:55:55,151 trace.runner.sweep_runner INFO: intensity=0.20 seed=3 ep=8 success=True steps=97
2026-03-13 05:56:00,770 trace.runner.sweep_runner INFO: intensity=0.20 seed=3 ep=9 success=True steps=82
2026-03-13 05:56:06,816 trace.runner.sweep_runner INFO: intensity=0.20 seed=4 ep=0 success=True steps=90
2026-03-13 05:56:15,185 trace.runner.sweep_runner INFO: intensity=0.20 seed=4 ep=1 success=True steps=137
2026-03-13 05:56:23,044 trace.runner.sweep_runner INFO: intensity=0.20 seed=4 ep=2 success=True steps=127
2026-03-13 05:56:31,015 trace.runner.sweep_runner INFO: intensity=0.20 seed=4 ep=3 success=True steps=127
2026-03-13 05:56:37,207 trace.runner.sweep_runner INFO: intensity=0.20 seed=4 ep=4 success=True steps=91
2026-03-13 05:56:43,544 trace.runner.sweep_runner INFO: intensity=0.20 seed=4 ep=5 success=True steps=96
2026-03-13 05:56:49,557 trace.runner.sweep_runner INFO: intensity=0.20 seed=4 ep=6 success=True steps=91
2026-03-13 05:57:00,986 trace.runner.sweep_runner INFO: intensity=0.20 seed=4 ep=7 success=True steps=194
2026-03-13 05:57:07,154 trace.runner.sweep_runner INFO: intensity=0.20 seed=4 ep=8 success=True steps=94
2026-03-13 05:57:13,130 trace.runner.sweep_runner INFO: intensity=0.20 seed=4 ep=9 success=True steps=86
2026-03-13 05:57:19,497 trace.runner.sweep_runner INFO: intensity=0.30 seed=0 ep=0 success=True steps=95
2026-03-13 05:57:32,431 trace.runner.sweep_runner INFO: intensity=0.30 seed=0 ep=1 success=False steps=220
2026-03-13 05:57:44,747 trace.runner.sweep_runner INFO: intensity=0.30 seed=0 ep=2 success=True steps=209
2026-03-13 05:57:57,647 trace.runner.sweep_runner INFO: intensity=0.30 seed=0 ep=3 success=False steps=220
2026-03-13 05:58:10,740 trace.runner.sweep_runner INFO: intensity=0.30 seed=0 ep=4 success=False steps=220
2026-03-13 05:58:22,166 trace.runner.sweep_runner INFO: intensity=0.30 seed=0 ep=5 success=True steps=184
2026-03-13 05:58:29,155 trace.runner.sweep_runner INFO: intensity=0.30 seed=0 ep=6 success=True steps=102
2026-03-13 05:58:36,547 trace.runner.sweep_runner INFO: intensity=0.30 seed=0 ep=7 success=True steps=110
2026-03-13 05:58:42,944 trace.runner.sweep_runner INFO: intensity=0.30 seed=0 ep=8 success=True steps=96
2026-03-13 05:58:49,373 trace.runner.sweep_runner INFO: intensity=0.30 seed=0 ep=9 success=True steps=100
2026-03-13 05:58:56,508 trace.runner.sweep_runner INFO: intensity=0.30 seed=1 ep=0 success=True steps=106
2026-03-13 05:59:09,533 trace.runner.sweep_runner INFO: intensity=0.30 seed=1 ep=1 success=False steps=220
2026-03-13 05:59:19,281 trace.runner.sweep_runner INFO: intensity=0.30 seed=1 ep=2 success=True steps=162
2026-03-13 05:59:25,902 trace.runner.sweep_runner INFO: intensity=0.30 seed=1 ep=3 success=True steps=100
2026-03-13 05:59:34,208 trace.runner.sweep_runner INFO: intensity=0.30 seed=1 ep=4 success=True steps=135
2026-03-13 05:59:41,128 trace.runner.sweep_runner INFO: intensity=0.30 seed=1 ep=5 success=True steps=105
2026-03-13 05:59:48,376 trace.runner.sweep_runner INFO: intensity=0.30 seed=1 ep=6 success=True steps=110
2026-03-13 05:59:59,197 trace.runner.sweep_runner INFO: intensity=0.30 seed=1 ep=7 success=True steps=175
2026-03-13 06:00:07,673 trace.runner.sweep_runner INFO: intensity=0.30 seed=1 ep=8 success=True steps=130
2026-03-13 06:00:20,483 trace.runner.sweep_runner INFO: intensity=0.30 seed=1 ep=9 success=False steps=220
2026-03-13 06:00:26,920 trace.runner.sweep_runner INFO: intensity=0.30 seed=2 ep=0 success=True steps=99
2026-03-13 06:00:36,377 trace.runner.sweep_runner INFO: intensity=0.30 seed=2 ep=1 success=True steps=155
2026-03-13 06:00:46,558 trace.runner.sweep_runner INFO: intensity=0.30 seed=2 ep=2 success=True steps=168
2026-03-13 06:00:59,383 trace.runner.sweep_runner INFO: intensity=0.30 seed=2 ep=3 success=False steps=220
2026-03-13 06:01:05,869 trace.runner.sweep_runner INFO: intensity=0.30 seed=2 ep=4 success=True steps=99
2026-03-13 06:01:12,847 trace.runner.sweep_runner INFO: intensity=0.30 seed=2 ep=5 success=True steps=107
2026-03-13 06:01:25,800 trace.runner.sweep_runner INFO: intensity=0.30 seed=2 ep=6 success=False steps=220
2026-03-13 06:01:32,365 trace.runner.sweep_runner INFO: intensity=0.30 seed=2 ep=7 success=True steps=98
2026-03-13 06:01:40,102 trace.runner.sweep_runner INFO: intensity=0.30 seed=2 ep=8 success=True steps=119
2026-03-13 06:01:52,145 trace.runner.sweep_runner INFO: intensity=0.30 seed=2 ep=9 success=True steps=192
2026-03-13 06:02:05,086 trace.runner.sweep_runner INFO: intensity=0.30 seed=3 ep=0 success=False steps=220
2026-03-13 06:02:17,919 trace.runner.sweep_runner INFO: intensity=0.30 seed=3 ep=1 success=False steps=220
2026-03-13 06:02:29,126 trace.runner.sweep_runner INFO: intensity=0.30 seed=3 ep=2 success=True steps=193
2026-03-13 06:02:42,324 trace.runner.sweep_runner INFO: intensity=0.30 seed=3 ep=3 success=False steps=220
2026-03-13 06:02:52,004 trace.runner.sweep_runner INFO: intensity=0.30 seed=3 ep=4 success=True steps=153
2026-03-13 06:02:58,361 trace.runner.sweep_runner INFO: intensity=0.30 seed=3 ep=5 success=True steps=97
2026-03-13 06:03:04,706 trace.runner.sweep_runner INFO: intensity=0.30 seed=3 ep=6 success=True steps=93
2026-03-13 06:03:11,373 trace.runner.sweep_runner INFO: intensity=0.30 seed=3 ep=7 success=True steps=101
2026-03-13 06:03:18,317 trace.runner.sweep_runner INFO: intensity=0.30 seed=3 ep=8 success=True steps=105
2026-03-13 06:03:25,115 trace.runner.sweep_runner INFO: intensity=0.30 seed=3 ep=9 success=True steps=102
2026-03-13 06:03:31,636 trace.runner.sweep_runner INFO: intensity=0.30 seed=4 ep=0 success=True steps=97
2026-03-13 06:03:41,429 trace.runner.sweep_runner INFO: intensity=0.30 seed=4 ep=1 success=True steps=159
2026-03-13 06:03:50,253 trace.runner.sweep_runner INFO: intensity=0.30 seed=4 ep=2 success=True steps=149
2026-03-13 06:04:00,894 trace.runner.sweep_runner INFO: intensity=0.30 seed=4 ep=3 success=True steps=179
2026-03-13 06:04:09,770 trace.runner.sweep_runner INFO: intensity=0.30 seed=4 ep=4 success=True steps=144
2026-03-13 06:04:16,200 trace.runner.sweep_runner INFO: intensity=0.30 seed=4 ep=5 success=True steps=99
2026-03-13 06:04:25,383 trace.runner.sweep_runner INFO: intensity=0.30 seed=4 ep=6 success=True steps=150
2026-03-13 06:04:38,653 trace.runner.sweep_runner INFO: intensity=0.30 seed=4 ep=7 success=False steps=220
2026-03-13 06:04:51,558 trace.runner.sweep_runner INFO: intensity=0.30 seed=4 ep=8 success=False steps=220
2026-03-13 06:04:59,849 trace.runner.sweep_runner INFO: intensity=0.30 seed=4 ep=9 success=True steps=128
2026-03-13 06:05:12,061 trace.runner.sweep_runner INFO: intensity=0.50 seed=0 ep=0 success=True steps=208
2026-03-13 06:05:24,583 trace.runner.sweep_runner INFO: intensity=0.50 seed=0 ep=1 success=False steps=220
2026-03-13 06:05:37,012 trace.runner.sweep_runner INFO: intensity=0.50 seed=0 ep=2 success=False steps=220
2026-03-13 06:05:49,794 trace.runner.sweep_runner INFO: intensity=0.50 seed=0 ep=3 success=False steps=220
2026-03-13 06:06:02,742 trace.runner.sweep_runner INFO: intensity=0.50 seed=0 ep=4 success=False steps=220
2026-03-13 06:06:15,940 trace.runner.sweep_runner INFO: intensity=0.50 seed=0 ep=5 success=False steps=220
2026-03-13 06:06:28,051 trace.runner.sweep_runner INFO: intensity=0.50 seed=0 ep=6 success=True steps=204
2026-03-13 06:06:38,746 trace.runner.sweep_runner INFO: intensity=0.50 seed=0 ep=7 success=True steps=176
2026-03-13 06:06:51,866 trace.runner.sweep_runner INFO: intensity=0.50 seed=0 ep=8 success=False steps=220
2026-03-13 06:07:04,733 trace.runner.sweep_runner INFO: intensity=0.50 seed=0 ep=9 success=False steps=220
2026-03-13 06:07:17,507 trace.runner.sweep_runner INFO: intensity=0.50 seed=1 ep=0 success=False steps=220
2026-03-13 06:07:30,334 trace.runner.sweep_runner INFO: intensity=0.50 seed=1 ep=1 success=False steps=220
2026-03-13 06:07:41,797 trace.runner.sweep_runner INFO: intensity=0.50 seed=1 ep=2 success=True steps=193
2026-03-13 06:07:54,631 trace.runner.sweep_runner INFO: intensity=0.50 seed=1 ep=3 success=False steps=220
2026-03-13 06:08:07,617 trace.runner.sweep_runner INFO: intensity=0.50 seed=1 ep=4 success=False steps=220
2026-03-13 06:08:20,421 trace.runner.sweep_runner INFO: intensity=0.50 seed=1 ep=5 success=False steps=220
2026-03-13 06:08:31,086 trace.runner.sweep_runner INFO: intensity=0.50 seed=1 ep=6 success=True steps=167
2026-03-13 06:08:43,808 trace.runner.sweep_runner INFO: intensity=0.50 seed=1 ep=7 success=False steps=220
2026-03-13 06:08:56,812 trace.runner.sweep_runner INFO: intensity=0.50 seed=1 ep=8 success=False steps=220
2026-03-13 06:09:09,598 trace.runner.sweep_runner INFO: intensity=0.50 seed=1 ep=9 success=False steps=220
2026-03-13 06:09:22,231 trace.runner.sweep_runner INFO: intensity=0.50 seed=2 ep=0 success=False steps=220
2026-03-13 06:09:34,809 trace.runner.sweep_runner INFO: intensity=0.50 seed=2 ep=1 success=False steps=220
2026-03-13 06:09:47,275 trace.runner.sweep_runner INFO: intensity=0.50 seed=2 ep=2 success=False steps=220
2026-03-13 06:09:59,722 trace.runner.sweep_runner INFO: intensity=0.50 seed=2 ep=3 success=False steps=220
2026-03-13 06:10:12,587 trace.runner.sweep_runner INFO: intensity=0.50 seed=2 ep=4 success=False steps=220
2026-03-13 06:10:25,654 trace.runner.sweep_runner INFO: intensity=0.50 seed=2 ep=5 success=False steps=220
2026-03-13 06:10:38,692 trace.runner.sweep_runner INFO: intensity=0.50 seed=2 ep=6 success=False steps=220
2026-03-13 06:10:51,742 trace.runner.sweep_runner INFO: intensity=0.50 seed=2 ep=7 success=False steps=220
2026-03-13 06:11:04,485 trace.runner.sweep_runner INFO: intensity=0.50 seed=2 ep=8 success=False steps=220
2026-03-13 06:11:17,223 trace.runner.sweep_runner INFO: intensity=0.50 seed=2 ep=9 success=False steps=220
2026-03-13 06:11:29,917 trace.runner.sweep_runner INFO: intensity=0.50 seed=3 ep=0 success=False steps=220
2026-03-13 06:11:42,699 trace.runner.sweep_runner INFO: intensity=0.50 seed=3 ep=1 success=False steps=220
2026-03-13 06:11:55,819 trace.runner.sweep_runner INFO: intensity=0.50 seed=3 ep=2 success=False steps=220
2026-03-13 06:12:08,641 trace.runner.sweep_runner INFO: intensity=0.50 seed=3 ep=3 success=False steps=220
2026-03-13 06:12:21,492 trace.runner.sweep_runner INFO: intensity=0.50 seed=3 ep=4 success=False steps=220
2026-03-13 06:12:34,265 trace.runner.sweep_runner INFO: intensity=0.50 seed=3 ep=5 success=False steps=220
2026-03-13 06:12:47,228 trace.runner.sweep_runner INFO: intensity=0.50 seed=3 ep=6 success=False steps=220
2026-03-13 06:13:00,142 trace.runner.sweep_runner INFO: intensity=0.50 seed=3 ep=7 success=False steps=220
2026-03-13 06:13:11,357 trace.runner.sweep_runner INFO: intensity=0.50 seed=3 ep=8 success=True steps=186
2026-03-13 06:13:24,264 trace.runner.sweep_runner INFO: intensity=0.50 seed=3 ep=9 success=False steps=220
2026-03-13 06:13:37,432 trace.runner.sweep_runner INFO: intensity=0.50 seed=4 ep=0 success=False steps=220
2026-03-13 06:13:50,126 trace.runner.sweep_runner INFO: intensity=0.50 seed=4 ep=1 success=False steps=220
2026-03-13 06:14:02,356 trace.runner.sweep_runner INFO: intensity=0.50 seed=4 ep=2 success=False steps=220
2026-03-13 06:14:15,193 trace.runner.sweep_runner INFO: intensity=0.50 seed=4 ep=3 success=False steps=220
2026-03-13 06:14:28,072 trace.runner.sweep_runner INFO: intensity=0.50 seed=4 ep=4 success=False steps=220
2026-03-13 06:14:39,727 trace.runner.sweep_runner INFO: intensity=0.50 seed=4 ep=5 success=True steps=196
2026-03-13 06:14:52,567 trace.runner.sweep_runner INFO: intensity=0.50 seed=4 ep=6 success=False steps=220
2026-03-13 06:15:05,854 trace.runner.sweep_runner INFO: intensity=0.50 seed=4 ep=7 success=False steps=220
2026-03-13 06:15:18,493 trace.runner.sweep_runner INFO: intensity=0.50 seed=4 ep=8 success=False steps=220
2026-03-13 06:15:29,823 trace.runner.sweep_runner INFO: intensity=0.50 seed=4 ep=9 success=True steps=187
2026-03-13 06:15:42,428 trace.runner.sweep_runner INFO: intensity=0.70 seed=0 ep=0 success=False steps=220
2026-03-13 06:15:55,202 trace.runner.sweep_runner INFO: intensity=0.70 seed=0 ep=1 success=False steps=220
2026-03-13 06:16:07,909 trace.runner.sweep_runner INFO: intensity=0.70 seed=0 ep=2 success=False steps=220
2026-03-13 06:16:21,367 trace.runner.sweep_runner INFO: intensity=0.70 seed=0 ep=3 success=False steps=220
2026-03-13 06:16:34,073 trace.runner.sweep_runner INFO: intensity=0.70 seed=0 ep=4 success=False steps=220
2026-03-13 06:16:46,908 trace.runner.sweep_runner INFO: intensity=0.70 seed=0 ep=5 success=False steps=220
2026-03-13 06:16:59,669 trace.runner.sweep_runner INFO: intensity=0.70 seed=0 ep=6 success=False steps=220
2026-03-13 06:17:12,661 trace.runner.sweep_runner INFO: intensity=0.70 seed=0 ep=7 success=False steps=220
2026-03-13 06:17:25,670 trace.runner.sweep_runner INFO: intensity=0.70 seed=0 ep=8 success=False steps=220
2026-03-13 06:17:38,389 trace.runner.sweep_runner INFO: intensity=0.70 seed=0 ep=9 success=False steps=220
2026-03-13 06:17:51,291 trace.runner.sweep_runner INFO: intensity=0.70 seed=1 ep=0 success=False steps=220
2026-03-13 06:18:04,284 trace.runner.sweep_runner INFO: intensity=0.70 seed=1 ep=1 success=False steps=220
2026-03-13 06:18:16,351 trace.runner.sweep_runner INFO: intensity=0.70 seed=1 ep=2 success=False steps=220
2026-03-13 06:18:29,501 trace.runner.sweep_runner INFO: intensity=0.70 seed=1 ep=3 success=False steps=220
2026-03-13 06:18:42,198 trace.runner.sweep_runner INFO: intensity=0.70 seed=1 ep=4 success=False steps=220
2026-03-13 06:18:55,513 trace.runner.sweep_runner INFO: intensity=0.70 seed=1 ep=5 success=False steps=220
2026-03-13 06:19:08,304 trace.runner.sweep_runner INFO: intensity=0.70 seed=1 ep=6 success=False steps=220
2026-03-13 06:19:21,208 trace.runner.sweep_runner INFO: intensity=0.70 seed=1 ep=7 success=False steps=220
2026-03-13 06:19:34,049 trace.runner.sweep_runner INFO: intensity=0.70 seed=1 ep=8 success=False steps=220
2026-03-13 06:19:47,141 trace.runner.sweep_runner INFO: intensity=0.70 seed=1 ep=9 success=False steps=220
2026-03-13 06:20:00,245 trace.runner.sweep_runner INFO: intensity=0.70 seed=2 ep=0 success=False steps=220
2026-03-13 06:20:12,869 trace.runner.sweep_runner INFO: intensity=0.70 seed=2 ep=1 success=False steps=220
2026-03-13 06:20:24,947 trace.runner.sweep_runner INFO: intensity=0.70 seed=2 ep=2 success=False steps=220
2026-03-13 06:20:37,735 trace.runner.sweep_runner INFO: intensity=0.70 seed=2 ep=3 success=False steps=220
2026-03-13 06:20:50,494 trace.runner.sweep_runner INFO: intensity=0.70 seed=2 ep=4 success=False steps=220
2026-03-13 06:21:03,484 trace.runner.sweep_runner INFO: intensity=0.70 seed=2 ep=5 success=False steps=220
2026-03-13 06:21:16,194 trace.runner.sweep_runner INFO: intensity=0.70 seed=2 ep=6 success=False steps=220
2026-03-13 06:21:29,070 trace.runner.sweep_runner INFO: intensity=0.70 seed=2 ep=7 success=False steps=220
2026-03-13 06:21:41,993 trace.runner.sweep_runner INFO: intensity=0.70 seed=2 ep=8 success=False steps=220
2026-03-13 06:21:54,975 trace.runner.sweep_runner INFO: intensity=0.70 seed=2 ep=9 success=False steps=220
2026-03-13 06:22:08,218 trace.runner.sweep_runner INFO: intensity=0.70 seed=3 ep=0 success=False steps=220
2026-03-13 06:22:20,868 trace.runner.sweep_runner INFO: intensity=0.70 seed=3 ep=1 success=False steps=220
2026-03-13 06:22:33,174 trace.runner.sweep_runner INFO: intensity=0.70 seed=3 ep=2 success=False steps=220
2026-03-13 06:22:45,971 trace.runner.sweep_runner INFO: intensity=0.70 seed=3 ep=3 success=False steps=220
2026-03-13 06:22:59,225 trace.runner.sweep_runner INFO: intensity=0.70 seed=3 ep=4 success=False steps=220
2026-03-13 06:23:12,133 trace.runner.sweep_runner INFO: intensity=0.70 seed=3 ep=5 success=False steps=220
2026-03-13 06:23:24,909 trace.runner.sweep_runner INFO: intensity=0.70 seed=3 ep=6 success=False steps=220
2026-03-13 06:23:37,905 trace.runner.sweep_runner INFO: intensity=0.70 seed=3 ep=7 success=False steps=220
2026-03-13 06:23:50,538 trace.runner.sweep_runner INFO: intensity=0.70 seed=3 ep=8 success=False steps=220
2026-03-13 06:24:03,348 trace.runner.sweep_runner INFO: intensity=0.70 seed=3 ep=9 success=False steps=220
2026-03-13 06:24:16,242 trace.runner.sweep_runner INFO: intensity=0.70 seed=4 ep=0 success=False steps=220
2026-03-13 06:24:29,325 trace.runner.sweep_runner INFO: intensity=0.70 seed=4 ep=1 success=False steps=220
2026-03-13 06:24:42,143 trace.runner.sweep_runner INFO: intensity=0.70 seed=4 ep=2 success=False steps=220
2026-03-13 06:24:55,236 trace.runner.sweep_runner INFO: intensity=0.70 seed=4 ep=3 success=False steps=220
2026-03-13 06:25:08,004 trace.runner.sweep_runner INFO: intensity=0.70 seed=4 ep=4 success=False steps=220
2026-03-13 06:25:20,661 trace.runner.sweep_runner INFO: intensity=0.70 seed=4 ep=5 success=False steps=220
2026-03-13 06:25:33,558 trace.runner.sweep_runner INFO: intensity=0.70 seed=4 ep=6 success=False steps=220
2026-03-13 06:25:46,782 trace.runner.sweep_runner INFO: intensity=0.70 seed=4 ep=7 success=False steps=220
2026-03-13 06:25:59,588 trace.runner.sweep_runner INFO: intensity=0.70 seed=4 ep=8 success=False steps=220
2026-03-13 06:26:12,886 trace.runner.sweep_runner INFO: intensity=0.70 seed=4 ep=9 success=False steps=220
2026-03-13 06:26:26,080 trace.runner.sweep_runner INFO: intensity=1.00 seed=0 ep=0 success=False steps=220
2026-03-13 06:26:39,331 trace.runner.sweep_runner INFO: intensity=1.00 seed=0 ep=1 success=False steps=220
2026-03-13 06:26:52,303 trace.runner.sweep_runner INFO: intensity=1.00 seed=0 ep=2 success=False steps=220
2026-03-13 06:27:05,877 trace.runner.sweep_runner INFO: intensity=1.00 seed=0 ep=3 success=False steps=220
2026-03-13 06:27:18,909 trace.runner.sweep_runner INFO: intensity=1.00 seed=0 ep=4 success=False steps=220
2026-03-13 06:27:31,750 trace.runner.sweep_runner INFO: intensity=1.00 seed=0 ep=5 success=False steps=220
2026-03-13 06:27:45,101 trace.runner.sweep_runner INFO: intensity=1.00 seed=0 ep=6 success=False steps=220
2026-03-13 06:27:58,044 trace.runner.sweep_runner INFO: intensity=1.00 seed=0 ep=7 success=False steps=220
2026-03-13 06:28:11,014 trace.runner.sweep_runner INFO: intensity=1.00 seed=0 ep=8 success=False steps=220
2026-03-13 06:28:24,682 trace.runner.sweep_runner INFO: intensity=1.00 seed=0 ep=9 success=False steps=220
2026-03-13 06:28:37,844 trace.runner.sweep_runner INFO: intensity=1.00 seed=1 ep=0 success=False steps=220
2026-03-13 06:28:50,935 trace.runner.sweep_runner INFO: intensity=1.00 seed=1 ep=1 success=False steps=220
2026-03-13 06:29:03,986 trace.runner.sweep_runner INFO: intensity=1.00 seed=1 ep=2 success=False steps=220
2026-03-13 06:29:17,586 trace.runner.sweep_runner INFO: intensity=1.00 seed=1 ep=3 success=False steps=220
2026-03-13 06:29:30,477 trace.runner.sweep_runner INFO: intensity=1.00 seed=1 ep=4 success=False steps=220
2026-03-13 06:29:43,771 trace.runner.sweep_runner INFO: intensity=1.00 seed=1 ep=5 success=False steps=220
2026-03-13 06:29:57,401 trace.runner.sweep_runner INFO: intensity=1.00 seed=1 ep=6 success=False steps=220
2026-03-13 06:30:10,399 trace.runner.sweep_runner INFO: intensity=1.00 seed=1 ep=7 success=False steps=220
2026-03-13 06:30:23,260 trace.runner.sweep_runner INFO: intensity=1.00 seed=1 ep=8 success=False steps=220
2026-03-13 06:30:36,121 trace.runner.sweep_runner INFO: intensity=1.00 seed=1 ep=9 success=False steps=220
2026-03-13 06:30:49,473 trace.runner.sweep_runner INFO: intensity=1.00 seed=2 ep=0 success=False steps=220
2026-03-13 06:31:02,407 trace.runner.sweep_runner INFO: intensity=1.00 seed=2 ep=1 success=False steps=220
2026-03-13 06:31:15,204 trace.runner.sweep_runner INFO: intensity=1.00 seed=2 ep=2 success=False steps=220
2026-03-13 06:31:28,169 trace.runner.sweep_runner INFO: intensity=1.00 seed=2 ep=3 success=False steps=220
2026-03-13 06:31:41,351 trace.runner.sweep_runner INFO: intensity=1.00 seed=2 ep=4 success=False steps=220
2026-03-13 06:31:54,177 trace.runner.sweep_runner INFO: intensity=1.00 seed=2 ep=5 success=False steps=220
2026-03-13 06:32:07,341 trace.runner.sweep_runner INFO: intensity=1.00 seed=2 ep=6 success=False steps=220
2026-03-13 06:32:20,652 trace.runner.sweep_runner INFO: intensity=1.00 seed=2 ep=7 success=False steps=220
2026-03-13 06:32:33,520 trace.runner.sweep_runner INFO: intensity=1.00 seed=2 ep=8 success=False steps=220
2026-03-13 06:32:46,701 trace.runner.sweep_runner INFO: intensity=1.00 seed=2 ep=9 success=False steps=220
2026-03-13 06:33:00,881 trace.runner.sweep_runner INFO: intensity=1.00 seed=3 ep=0 success=False steps=220
2026-03-13 06:33:14,071 trace.runner.sweep_runner INFO: intensity=1.00 seed=3 ep=1 success=False steps=220
2026-03-13 06:33:27,086 trace.runner.sweep_runner INFO: intensity=1.00 seed=3 ep=2 success=False steps=220
2026-03-13 06:33:40,283 trace.runner.sweep_runner INFO: intensity=1.00 seed=3 ep=3 success=False steps=220
2026-03-13 06:33:53,741 trace.runner.sweep_runner INFO: intensity=1.00 seed=3 ep=4 success=False steps=220
2026-03-13 06:34:06,676 trace.runner.sweep_runner INFO: intensity=1.00 seed=3 ep=5 success=False steps=220
2026-03-13 06:34:19,712 trace.runner.sweep_runner INFO: intensity=1.00 seed=3 ep=6 success=False steps=220
2026-03-13 06:34:32,904 trace.runner.sweep_runner INFO: intensity=1.00 seed=3 ep=7 success=False steps=220
2026-03-13 06:34:45,805 trace.runner.sweep_runner INFO: intensity=1.00 seed=3 ep=8 success=False steps=220
2026-03-13 06:34:58,939 trace.runner.sweep_runner INFO: intensity=1.00 seed=3 ep=9 success=False steps=220
2026-03-13 06:35:12,370 trace.runner.sweep_runner INFO: intensity=1.00 seed=4 ep=0 success=False steps=220
2026-03-13 06:35:25,728 trace.runner.sweep_runner INFO: intensity=1.00 seed=4 ep=1 success=False steps=220
2026-03-13 06:35:38,311 trace.runner.sweep_runner INFO: intensity=1.00 seed=4 ep=2 success=False steps=220
2026-03-13 06:35:51,329 trace.runner.sweep_runner INFO: intensity=1.00 seed=4 ep=3 success=False steps=220
2026-03-13 06:36:03,870 trace.runner.sweep_runner INFO: intensity=1.00 seed=4 ep=4 success=False steps=220
2026-03-13 06:36:17,278 trace.runner.sweep_runner INFO: intensity=1.00 seed=4 ep=5 success=False steps=220
2026-03-13 06:36:30,206 trace.runner.sweep_runner INFO: intensity=1.00 seed=4 ep=6 success=False steps=220
2026-03-13 06:36:43,177 trace.runner.sweep_runner INFO: intensity=1.00 seed=4 ep=7 success=False steps=220
2026-03-13 06:36:56,843 trace.runner.sweep_runner INFO: intensity=1.00 seed=4 ep=8 success=False steps=220
2026-03-13 06:37:10,001 trace.runner.sweep_runner INFO: intensity=1.00 seed=4 ep=9 success=False steps=220
2026-03-13 06:37:10,007 __main__ INFO:   baseline=100%, max_degradation=100%, breakpoint=0.50
2026-03-13 06:37:10,009 __main__ INFO:   Report updated: output/reports/report_Pi0PolicyAdapter_libero_20260313_054143.md (1/9 stressors)
2026-03-13 06:37:10,009 __main__ INFO: Running sweep 2/9: DropoutStressor
2026-03-13 06:37:15,176 trace.runner.sweep_runner INFO: intensity=0.00 seed=0 ep=0 success=True steps=74
2026-03-13 06:37:20,328 trace.runner.sweep_runner INFO: intensity=0.00 seed=0 ep=1 success=True steps=73
2026-03-13 06:37:25,941 trace.runner.sweep_runner INFO: intensity=0.00 seed=0 ep=2 success=True steps=83
2026-03-13 06:37:31,345 trace.runner.sweep_runner INFO: intensity=0.00 seed=0 ep=3 success=True steps=79
2026-03-13 06:37:36,488 trace.runner.sweep_runner INFO: intensity=0.00 seed=0 ep=4 success=True steps=75
2026-03-13 06:37:41,589 trace.runner.sweep_runner INFO: intensity=0.00 seed=0 ep=5 success=True steps=72
2026-03-13 06:37:46,740 trace.runner.sweep_runner INFO: intensity=0.00 seed=0 ep=6 success=True steps=72
2026-03-13 06:37:52,383 trace.runner.sweep_runner INFO: intensity=0.00 seed=0 ep=7 success=True steps=81
2026-03-13 06:37:57,457 trace.runner.sweep_runner INFO: intensity=0.00 seed=0 ep=8 success=True steps=75
2026-03-13 06:38:04,012 trace.runner.sweep_runner INFO: intensity=0.00 seed=0 ep=9 success=True steps=101
2026-03-13 06:38:09,276 trace.runner.sweep_runner INFO: intensity=0.00 seed=1 ep=0 success=True steps=78
2026-03-13 06:38:17,503 trace.runner.sweep_runner INFO: intensity=0.00 seed=1 ep=1 success=True steps=135
2026-03-13 06:38:22,667 trace.runner.sweep_runner INFO: intensity=0.00 seed=1 ep=2 success=True steps=79
2026-03-13 06:38:27,859 trace.runner.sweep_runner INFO: intensity=0.00 seed=1 ep=3 success=True steps=75
2026-03-13 06:38:33,276 trace.runner.sweep_runner INFO: intensity=0.00 seed=1 ep=4 success=True steps=77
2026-03-13 06:38:38,653 trace.runner.sweep_runner INFO: intensity=0.00 seed=1 ep=5 success=True steps=78
2026-03-13 06:38:43,847 trace.runner.sweep_runner INFO: intensity=0.00 seed=1 ep=6 success=True steps=72
2026-03-13 06:38:49,375 trace.runner.sweep_runner INFO: intensity=0.00 seed=1 ep=7 success=True steps=80
2026-03-13 06:38:54,870 trace.runner.sweep_runner INFO: intensity=0.00 seed=1 ep=8 success=True steps=80
2026-03-13 06:39:00,280 trace.runner.sweep_runner INFO: intensity=0.00 seed=1 ep=9 success=True steps=79
2026-03-13 06:39:05,692 trace.runner.sweep_runner INFO: intensity=0.00 seed=2 ep=0 success=True steps=80
2026-03-13 06:39:12,480 trace.runner.sweep_runner INFO: intensity=0.00 seed=2 ep=1 success=True steps=107
2026-03-13 06:39:19,138 trace.runner.sweep_runner INFO: intensity=0.00 seed=2 ep=2 success=True steps=104
2026-03-13 06:39:24,490 trace.runner.sweep_runner INFO: intensity=0.00 seed=2 ep=3 success=True steps=77
2026-03-13 06:39:29,651 trace.runner.sweep_runner INFO: intensity=0.00 seed=2 ep=4 success=True steps=75
2026-03-13 06:39:35,809 trace.runner.sweep_runner INFO: intensity=0.00 seed=2 ep=5 success=True steps=88
2026-03-13 06:39:40,990 trace.runner.sweep_runner INFO: intensity=0.00 seed=2 ep=6 success=True steps=72
2026-03-13 06:39:46,786 trace.runner.sweep_runner INFO: intensity=0.00 seed=2 ep=7 success=True steps=84
2026-03-13 06:39:52,436 trace.runner.sweep_runner INFO: intensity=0.00 seed=2 ep=8 success=True steps=83
2026-03-13 06:39:57,680 trace.runner.sweep_runner INFO: intensity=0.00 seed=2 ep=9 success=True steps=74
2026-03-13 06:40:02,794 trace.runner.sweep_runner INFO: intensity=0.00 seed=3 ep=0 success=True steps=75
2026-03-13 06:40:09,671 trace.runner.sweep_runner INFO: intensity=0.00 seed=3 ep=1 success=True steps=109
2026-03-13 06:40:15,394 trace.runner.sweep_runner INFO: intensity=0.00 seed=3 ep=2 success=True steps=86
2026-03-13 06:40:20,741 trace.runner.sweep_runner INFO: intensity=0.00 seed=3 ep=3 success=True steps=79
2026-03-13 06:40:26,029 trace.runner.sweep_runner INFO: intensity=0.00 seed=3 ep=4 success=True steps=75
2026-03-13 06:40:32,614 trace.runner.sweep_runner INFO: intensity=0.00 seed=3 ep=5 success=True steps=102
2026-03-13 06:40:37,791 trace.runner.sweep_runner INFO: intensity=0.00 seed=3 ep=6 success=True steps=75
2026-03-13 06:40:43,672 trace.runner.sweep_runner INFO: intensity=0.00 seed=3 ep=7 success=True steps=86
2026-03-13 06:40:49,360 trace.runner.sweep_runner INFO: intensity=0.00 seed=3 ep=8 success=True steps=82
2026-03-13 06:40:54,518 trace.runner.sweep_runner INFO: intensity=0.00 seed=3 ep=9 success=True steps=75
2026-03-13 06:40:59,925 trace.runner.sweep_runner INFO: intensity=0.00 seed=4 ep=0 success=True steps=76
2026-03-13 06:41:05,029 trace.runner.sweep_runner INFO: intensity=0.00 seed=4 ep=1 success=True steps=75
2026-03-13 06:41:10,324 trace.runner.sweep_runner INFO: intensity=0.00 seed=4 ep=2 success=True steps=78
2026-03-13 06:41:15,665 trace.runner.sweep_runner INFO: intensity=0.00 seed=4 ep=3 success=True steps=76
2026-03-13 06:41:20,872 trace.runner.sweep_runner INFO: intensity=0.00 seed=4 ep=4 success=True steps=75
2026-03-13 06:41:26,111 trace.runner.sweep_runner INFO: intensity=0.00 seed=4 ep=5 success=True steps=76
2026-03-13 06:41:31,103 trace.runner.sweep_runner INFO: intensity=0.00 seed=4 ep=6 success=True steps=69
2026-03-13 06:41:36,508 trace.runner.sweep_runner INFO: intensity=0.00 seed=4 ep=7 success=True steps=77
2026-03-13 06:41:41,923 trace.runner.sweep_runner INFO: intensity=0.00 seed=4 ep=8 success=True steps=80
2026-03-13 06:41:47,052 trace.runner.sweep_runner INFO: intensity=0.00 seed=4 ep=9 success=True steps=74
2026-03-13 06:41:52,129 trace.runner.sweep_runner INFO: intensity=0.10 seed=0 ep=0 success=True steps=71
2026-03-13 06:41:59,414 trace.runner.sweep_runner INFO: intensity=0.10 seed=0 ep=1 success=True steps=118
2026-03-13 06:42:05,576 trace.runner.sweep_runner INFO: intensity=0.10 seed=0 ep=2 success=True steps=94
2026-03-13 06:42:13,220 trace.runner.sweep_runner INFO: intensity=0.10 seed=0 ep=3 success=True steps=122
2026-03-13 06:42:20,173 trace.runner.sweep_runner INFO: intensity=0.10 seed=0 ep=4 success=True steps=110
2026-03-13 06:42:25,736 trace.runner.sweep_runner INFO: intensity=0.10 seed=0 ep=5 success=True steps=82
2026-03-13 06:42:32,947 trace.runner.sweep_runner INFO: intensity=0.10 seed=0 ep=6 success=True steps=114
2026-03-13 06:42:38,547 trace.runner.sweep_runner INFO: intensity=0.10 seed=0 ep=7 success=True steps=81
2026-03-13 06:42:44,186 trace.runner.sweep_runner INFO: intensity=0.10 seed=0 ep=8 success=True steps=82
2026-03-13 06:42:49,764 trace.runner.sweep_runner INFO: intensity=0.10 seed=0 ep=9 success=True steps=83
2026-03-13 06:42:57,232 trace.runner.sweep_runner INFO: intensity=0.10 seed=1 ep=0 success=True steps=120
2026-03-13 06:43:06,210 trace.runner.sweep_runner INFO: intensity=0.10 seed=1 ep=1 success=True steps=150
2026-03-13 06:43:11,775 trace.runner.sweep_runner INFO: intensity=0.10 seed=1 ep=2 success=True steps=83
2026-03-13 06:43:17,159 trace.runner.sweep_runner INFO: intensity=0.10 seed=1 ep=3 success=True steps=79
2026-03-13 06:43:22,914 trace.runner.sweep_runner INFO: intensity=0.10 seed=1 ep=4 success=True steps=84
2026-03-13 06:43:28,728 trace.runner.sweep_runner INFO: intensity=0.10 seed=1 ep=5 success=True steps=86
2026-03-13 06:43:33,923 trace.runner.sweep_runner INFO: intensity=0.10 seed=1 ep=6 success=True steps=74
2026-03-13 06:43:39,962 trace.runner.sweep_runner INFO: intensity=0.10 seed=1 ep=7 success=True steps=93
2026-03-13 06:43:46,183 trace.runner.sweep_runner INFO: intensity=0.10 seed=1 ep=8 success=True steps=96
2026-03-13 06:43:53,688 trace.runner.sweep_runner INFO: intensity=0.10 seed=1 ep=9 success=True steps=118
2026-03-13 06:43:59,081 trace.runner.sweep_runner INFO: intensity=0.10 seed=2 ep=0 success=True steps=79
2026-03-13 06:44:05,143 trace.runner.sweep_runner INFO: intensity=0.10 seed=2 ep=1 success=True steps=91
2026-03-13 06:44:12,472 trace.runner.sweep_runner INFO: intensity=0.10 seed=2 ep=2 success=True steps=119
2026-03-13 06:44:17,739 trace.runner.sweep_runner INFO: intensity=0.10 seed=2 ep=3 success=True steps=76
2026-03-13 06:44:24,419 trace.runner.sweep_runner INFO: intensity=0.10 seed=2 ep=4 success=True steps=105
2026-03-13 06:44:30,250 trace.runner.sweep_runner INFO: intensity=0.10 seed=2 ep=5 success=True steps=82
2026-03-13 06:44:37,099 trace.runner.sweep_runner INFO: intensity=0.10 seed=2 ep=6 success=True steps=108
2026-03-13 06:44:42,919 trace.runner.sweep_runner INFO: intensity=0.10 seed=2 ep=7 success=True steps=86
2026-03-13 06:44:49,619 trace.runner.sweep_runner INFO: intensity=0.10 seed=2 ep=8 success=True steps=101
2026-03-13 06:44:55,001 trace.runner.sweep_runner INFO: intensity=0.10 seed=2 ep=9 success=True steps=76
2026-03-13 06:45:03,556 trace.runner.sweep_runner INFO: intensity=0.10 seed=3 ep=0 success=True steps=139
2026-03-13 06:45:10,595 trace.runner.sweep_runner INFO: intensity=0.10 seed=3 ep=1 success=True steps=113
2026-03-13 06:45:16,334 trace.runner.sweep_runner INFO: intensity=0.10 seed=3 ep=2 success=True steps=87
2026-03-13 06:45:22,159 trace.runner.sweep_runner INFO: intensity=0.10 seed=3 ep=3 success=True steps=87
2026-03-13 06:45:27,432 trace.runner.sweep_runner INFO: intensity=0.10 seed=3 ep=4 success=True steps=76
2026-03-13 06:45:33,397 trace.runner.sweep_runner INFO: intensity=0.10 seed=3 ep=5 success=True steps=88
2026-03-13 06:45:38,920 trace.runner.sweep_runner INFO: intensity=0.10 seed=3 ep=6 success=True steps=78
2026-03-13 06:45:45,077 trace.runner.sweep_runner INFO: intensity=0.10 seed=3 ep=7 success=True steps=94
2026-03-13 06:45:50,751 trace.runner.sweep_runner INFO: intensity=0.10 seed=3 ep=8 success=True steps=85
2026-03-13 06:45:56,047 trace.runner.sweep_runner INFO: intensity=0.10 seed=3 ep=9 success=True steps=77
2026-03-13 06:46:01,348 trace.runner.sweep_runner INFO: intensity=0.10 seed=4 ep=0 success=True steps=79
2026-03-13 06:46:07,604 trace.runner.sweep_runner INFO: intensity=0.10 seed=4 ep=1 success=True steps=95
2026-03-13 06:46:13,893 trace.runner.sweep_runner INFO: intensity=0.10 seed=4 ep=2 success=True steps=96
2026-03-13 06:46:22,680 trace.runner.sweep_runner INFO: intensity=0.10 seed=4 ep=3 success=True steps=143
2026-03-13 06:46:27,997 trace.runner.sweep_runner INFO: intensity=0.10 seed=4 ep=4 success=True steps=76
2026-03-13 06:46:33,923 trace.runner.sweep_runner INFO: intensity=0.10 seed=4 ep=5 success=True steps=87
2026-03-13 06:46:39,066 trace.runner.sweep_runner INFO: intensity=0.10 seed=4 ep=6 success=True steps=72
2026-03-13 06:46:44,909 trace.runner.sweep_runner INFO: intensity=0.10 seed=4 ep=7 success=True steps=84
2026-03-13 06:46:50,058 trace.runner.sweep_runner INFO: intensity=0.10 seed=4 ep=8 success=True steps=75
2026-03-13 06:46:57,378 trace.runner.sweep_runner INFO: intensity=0.10 seed=4 ep=9 success=True steps=116
2026-03-13 06:47:02,592 trace.runner.sweep_runner INFO: intensity=0.20 seed=0 ep=0 success=True steps=75
2026-03-13 06:47:08,449 trace.runner.sweep_runner INFO: intensity=0.20 seed=0 ep=1 success=True steps=88
2026-03-13 06:47:15,664 trace.runner.sweep_runner INFO: intensity=0.20 seed=0 ep=2 success=True steps=116
2026-03-13 06:47:24,464 trace.runner.sweep_runner INFO: intensity=0.20 seed=0 ep=3 success=True steps=145
2026-03-13 06:47:32,111 trace.runner.sweep_runner INFO: intensity=0.20 seed=0 ep=4 success=True steps=121
2026-03-13 06:47:37,699 trace.runner.sweep_runner INFO: intensity=0.20 seed=0 ep=5 success=True steps=81
2026-03-13 06:47:50,734 trace.runner.sweep_runner INFO: intensity=0.20 seed=0 ep=6 success=False steps=220
2026-03-13 06:47:56,927 trace.runner.sweep_runner INFO: intensity=0.20 seed=0 ep=7 success=True steps=92
2026-03-13 06:48:02,648 trace.runner.sweep_runner INFO: intensity=0.20 seed=0 ep=8 success=True steps=83
2026-03-13 06:48:09,866 trace.runner.sweep_runner INFO: intensity=0.20 seed=0 ep=9 success=True steps=112
2026-03-13 06:48:22,203 trace.runner.sweep_runner INFO: intensity=0.20 seed=1 ep=0 success=True steps=214
2026-03-13 06:48:28,616 trace.runner.sweep_runner INFO: intensity=0.20 seed=1 ep=1 success=True steps=99
2026-03-13 06:48:36,971 trace.runner.sweep_runner INFO: intensity=0.20 seed=1 ep=2 success=True steps=139
2026-03-13 06:48:44,262 trace.runner.sweep_runner INFO: intensity=0.20 seed=1 ep=3 success=True steps=115
2026-03-13 06:48:50,196 trace.runner.sweep_runner INFO: intensity=0.20 seed=1 ep=4 success=True steps=89
2026-03-13 06:48:58,746 trace.runner.sweep_runner INFO: intensity=0.20 seed=1 ep=5 success=True steps=138
2026-03-13 06:49:07,439 trace.runner.sweep_runner INFO: intensity=0.20 seed=1 ep=6 success=True steps=135
2026-03-13 06:49:20,254 trace.runner.sweep_runner INFO: intensity=0.20 seed=1 ep=7 success=False steps=220
2026-03-13 06:49:32,062 trace.runner.sweep_runner INFO: intensity=0.20 seed=1 ep=8 success=True steps=192
2026-03-13 06:49:38,836 trace.runner.sweep_runner INFO: intensity=0.20 seed=1 ep=9 success=True steps=102
2026-03-13 06:49:44,574 trace.runner.sweep_runner INFO: intensity=0.20 seed=2 ep=0 success=True steps=83
2026-03-13 06:49:52,155 trace.runner.sweep_runner INFO: intensity=0.20 seed=2 ep=1 success=True steps=121
2026-03-13 06:49:58,547 trace.runner.sweep_runner INFO: intensity=0.20 seed=2 ep=2 success=True steps=96
2026-03-13 06:50:06,142 trace.runner.sweep_runner INFO: intensity=0.20 seed=2 ep=3 success=True steps=121
2026-03-13 06:50:10,863 trace.runner.sweep_runner INFO: intensity=0.20 seed=2 ep=4 success=True steps=66
2026-03-13 06:50:19,131 trace.runner.sweep_runner INFO: intensity=0.20 seed=2 ep=5 success=True steps=134
2026-03-13 06:50:25,341 trace.runner.sweep_runner INFO: intensity=0.20 seed=2 ep=6 success=True steps=93
2026-03-13 06:50:38,328 trace.runner.sweep_runner INFO: intensity=0.20 seed=2 ep=7 success=False steps=220
2026-03-13 06:50:44,665 trace.runner.sweep_runner INFO: intensity=0.20 seed=2 ep=8 success=True steps=95
2026-03-13 06:50:50,514 trace.runner.sweep_runner INFO: intensity=0.20 seed=2 ep=9 success=True steps=86
2026-03-13 06:50:56,217 trace.runner.sweep_runner INFO: intensity=0.20 seed=3 ep=0 success=True steps=83
2026-03-13 06:51:04,036 trace.runner.sweep_runner INFO: intensity=0.20 seed=3 ep=1 success=True steps=125
2026-03-13 06:51:09,766 trace.runner.sweep_runner INFO: intensity=0.20 seed=3 ep=2 success=True steps=87
2026-03-13 06:51:19,871 trace.runner.sweep_runner INFO: intensity=0.20 seed=3 ep=3 success=True steps=167
2026-03-13 06:51:25,426 trace.runner.sweep_runner INFO: intensity=0.20 seed=3 ep=4 success=True steps=81
2026-03-13 06:51:30,700 trace.runner.sweep_runner INFO: intensity=0.20 seed=3 ep=5 success=True steps=78
2026-03-13 06:51:36,540 trace.runner.sweep_runner INFO: intensity=0.20 seed=3 ep=6 success=True steps=84
2026-03-13 06:51:49,464 trace.runner.sweep_runner INFO: intensity=0.20 seed=3 ep=7 success=False steps=220
2026-03-13 06:51:55,666 trace.runner.sweep_runner INFO: intensity=0.20 seed=3 ep=8 success=True steps=93
2026-03-13 06:52:01,501 trace.runner.sweep_runner INFO: intensity=0.20 seed=3 ep=9 success=True steps=87
2026-03-13 06:52:07,283 trace.runner.sweep_runner INFO: intensity=0.20 seed=4 ep=0 success=True steps=87
2026-03-13 06:52:15,593 trace.runner.sweep_runner INFO: intensity=0.20 seed=4 ep=1 success=True steps=137
2026-03-13 06:52:21,767 trace.runner.sweep_runner INFO: intensity=0.20 seed=4 ep=2 success=True steps=96
2026-03-13 06:52:30,646 trace.runner.sweep_runner INFO: intensity=0.20 seed=4 ep=3 success=True steps=146
2026-03-13 06:52:36,235 trace.runner.sweep_runner INFO: intensity=0.20 seed=4 ep=4 success=True steps=83
2026-03-13 06:52:41,351 trace.runner.sweep_runner INFO: intensity=0.20 seed=4 ep=5 success=True steps=74
2026-03-13 06:52:48,955 trace.runner.sweep_runner INFO: intensity=0.20 seed=4 ep=6 success=True steps=120
2026-03-13 06:52:57,426 trace.runner.sweep_runner INFO: intensity=0.20 seed=4 ep=7 success=True steps=137
2026-03-13 06:53:02,686 trace.runner.sweep_runner INFO: intensity=0.20 seed=4 ep=8 success=True steps=77
2026-03-13 06:53:08,022 trace.runner.sweep_runner INFO: intensity=0.20 seed=4 ep=9 success=True steps=79
2026-03-13 06:53:14,107 trace.runner.sweep_runner INFO: intensity=0.30 seed=0 ep=0 success=True steps=93
2026-03-13 06:53:20,048 trace.runner.sweep_runner INFO: intensity=0.30 seed=0 ep=1 success=True steps=90
2026-03-13 06:53:27,381 trace.runner.sweep_runner INFO: intensity=0.30 seed=0 ep=2 success=True steps=112
2026-03-13 06:53:40,129 trace.runner.sweep_runner INFO: intensity=0.30 seed=0 ep=3 success=False steps=220
2026-03-13 06:53:47,341 trace.runner.sweep_runner INFO: intensity=0.30 seed=0 ep=4 success=True steps=114
2026-03-13 06:53:57,213 trace.runner.sweep_runner INFO: intensity=0.30 seed=0 ep=5 success=True steps=160
2026-03-13 06:54:03,160 trace.runner.sweep_runner INFO: intensity=0.30 seed=0 ep=6 success=True steps=86
2026-03-13 06:54:13,771 trace.runner.sweep_runner INFO: intensity=0.30 seed=0 ep=7 success=True steps=175
2026-03-13 06:54:19,953 trace.runner.sweep_runner INFO: intensity=0.30 seed=0 ep=8 success=True steps=94
2026-03-13 06:54:26,576 trace.runner.sweep_runner INFO: intensity=0.30 seed=0 ep=9 success=True steps=100
2026-03-13 06:54:33,595 trace.runner.sweep_runner INFO: intensity=0.30 seed=1 ep=0 success=True steps=110
2026-03-13 06:54:41,250 trace.runner.sweep_runner INFO: intensity=0.30 seed=1 ep=1 success=True steps=124
2026-03-13 06:54:51,362 trace.runner.sweep_runner INFO: intensity=0.30 seed=1 ep=2 success=True steps=172
2026-03-13 06:55:01,187 trace.runner.sweep_runner INFO: intensity=0.30 seed=1 ep=3 success=True steps=163
2026-03-13 06:55:06,931 trace.runner.sweep_runner INFO: intensity=0.30 seed=1 ep=4 success=True steps=82
2026-03-13 06:55:16,960 trace.runner.sweep_runner INFO: intensity=0.30 seed=1 ep=5 success=True steps=166
2026-03-13 06:55:24,426 trace.runner.sweep_runner INFO: intensity=0.30 seed=1 ep=6 success=True steps=120
2026-03-13 06:55:33,883 trace.runner.sweep_runner INFO: intensity=0.30 seed=1 ep=7 success=True steps=155
2026-03-13 06:55:41,978 trace.runner.sweep_runner INFO: intensity=0.30 seed=1 ep=8 success=True steps=131
2026-03-13 06:55:47,854 trace.runner.sweep_runner INFO: intensity=0.30 seed=1 ep=9 success=True steps=90
2026-03-13 06:55:54,261 trace.runner.sweep_runner INFO: intensity=0.30 seed=2 ep=0 success=True steps=96
2026-03-13 06:56:07,011 trace.runner.sweep_runner INFO: intensity=0.30 seed=2 ep=1 success=False steps=220
2026-03-13 06:56:14,461 trace.runner.sweep_runner INFO: intensity=0.30 seed=2 ep=2 success=True steps=116
2026-03-13 06:56:24,282 trace.runner.sweep_runner INFO: intensity=0.30 seed=2 ep=3 success=True steps=165
2026-03-13 06:56:31,135 trace.runner.sweep_runner INFO: intensity=0.30 seed=2 ep=4 success=True steps=108
2026-03-13 06:56:37,372 trace.runner.sweep_runner INFO: intensity=0.30 seed=2 ep=5 success=True steps=95
2026-03-13 06:56:45,439 trace.runner.sweep_runner INFO: intensity=0.30 seed=2 ep=6 success=True steps=130
2026-03-13 06:56:58,509 trace.runner.sweep_runner INFO: intensity=0.30 seed=2 ep=7 success=False steps=220
2026-03-13 06:57:04,673 trace.runner.sweep_runner INFO: intensity=0.30 seed=2 ep=8 success=True steps=92
2026-03-13 06:57:12,868 trace.runner.sweep_runner INFO: intensity=0.30 seed=2 ep=9 success=True steps=132
2026-03-13 06:57:19,285 trace.runner.sweep_runner INFO: intensity=0.30 seed=3 ep=0 success=True steps=96
2026-03-13 06:57:28,588 trace.runner.sweep_runner INFO: intensity=0.30 seed=3 ep=1 success=True steps=152
2026-03-13 06:57:35,384 trace.runner.sweep_runner INFO: intensity=0.30 seed=3 ep=2 success=True steps=108
2026-03-13 06:57:43,497 trace.runner.sweep_runner INFO: intensity=0.30 seed=3 ep=3 success=True steps=130
2026-03-13 06:57:51,566 trace.runner.sweep_runner INFO: intensity=0.30 seed=3 ep=4 success=True steps=127
2026-03-13 06:57:57,986 trace.runner.sweep_runner INFO: intensity=0.30 seed=3 ep=5 success=True steps=100
2026-03-13 06:58:04,147 trace.runner.sweep_runner INFO: intensity=0.30 seed=3 ep=6 success=True steps=93
2026-03-13 06:58:14,254 trace.runner.sweep_runner INFO: intensity=0.30 seed=3 ep=7 success=True steps=169
2026-03-13 06:58:20,898 trace.runner.sweep_runner INFO: intensity=0.30 seed=3 ep=8 success=True steps=101
2026-03-13 06:58:27,009 trace.runner.sweep_runner INFO: intensity=0.30 seed=3 ep=9 success=True steps=93
2026-03-13 06:58:33,425 trace.runner.sweep_runner INFO: intensity=0.30 seed=4 ep=0 success=True steps=97
2026-03-13 06:58:43,972 trace.runner.sweep_runner INFO: intensity=0.30 seed=4 ep=1 success=True steps=180
2026-03-13 06:58:50,226 trace.runner.sweep_runner INFO: intensity=0.30 seed=4 ep=2 success=True steps=96
2026-03-13 06:58:56,977 trace.runner.sweep_runner INFO: intensity=0.30 seed=4 ep=3 success=True steps=101
2026-03-13 06:59:09,558 trace.runner.sweep_runner INFO: intensity=0.30 seed=4 ep=4 success=False steps=220
2026-03-13 06:59:19,993 trace.runner.sweep_runner INFO: intensity=0.30 seed=4 ep=5 success=True steps=174
2026-03-13 06:59:26,765 trace.runner.sweep_runner INFO: intensity=0.30 seed=4 ep=6 success=True steps=105
2026-03-13 06:59:39,656 trace.runner.sweep_runner INFO: intensity=0.30 seed=4 ep=7 success=True steps=219
2026-03-13 06:59:45,713 trace.runner.sweep_runner INFO: intensity=0.30 seed=4 ep=8 success=True steps=89
2026-03-13 06:59:53,594 trace.runner.sweep_runner INFO: intensity=0.30 seed=4 ep=9 success=True steps=120
2026-03-13 07:00:06,456 trace.runner.sweep_runner INFO: intensity=0.50 seed=0 ep=0 success=False steps=220
2026-03-13 07:00:19,147 trace.runner.sweep_runner INFO: intensity=0.50 seed=0 ep=1 success=False steps=220
2026-03-13 07:00:29,615 trace.runner.sweep_runner INFO: intensity=0.50 seed=0 ep=2 success=True steps=173
2026-03-13 07:00:42,397 trace.runner.sweep_runner INFO: intensity=0.50 seed=0 ep=3 success=False steps=220
2026-03-13 07:00:55,226 trace.runner.sweep_runner INFO: intensity=0.50 seed=0 ep=4 success=False steps=220
2026-03-13 07:01:08,535 trace.runner.sweep_runner INFO: intensity=0.50 seed=0 ep=5 success=False steps=220
2026-03-13 07:01:17,812 trace.runner.sweep_runner INFO: intensity=0.50 seed=0 ep=6 success=True steps=149
2026-03-13 07:01:26,126 trace.runner.sweep_runner INFO: intensity=0.50 seed=0 ep=7 success=True steps=129
2026-03-13 07:01:35,163 trace.runner.sweep_runner INFO: intensity=0.50 seed=0 ep=8 success=True steps=146
2026-03-13 07:01:42,164 trace.runner.sweep_runner INFO: intensity=0.50 seed=0 ep=9 success=True steps=106
2026-03-13 07:01:53,215 trace.runner.sweep_runner INFO: intensity=0.50 seed=1 ep=0 success=True steps=171
2026-03-13 07:02:01,669 trace.runner.sweep_runner INFO: intensity=0.50 seed=1 ep=1 success=True steps=130
2026-03-13 07:02:13,399 trace.runner.sweep_runner INFO: intensity=0.50 seed=1 ep=2 success=True steps=187
2026-03-13 07:02:26,203 trace.runner.sweep_runner INFO: intensity=0.50 seed=1 ep=3 success=False steps=220
2026-03-13 07:02:33,381 trace.runner.sweep_runner INFO: intensity=0.50 seed=1 ep=4 success=True steps=110
2026-03-13 07:02:46,283 trace.runner.sweep_runner INFO: intensity=0.50 seed=1 ep=5 success=False steps=220
2026-03-13 07:02:57,055 trace.runner.sweep_runner INFO: intensity=0.50 seed=1 ep=6 success=True steps=180
2026-03-13 07:03:04,318 trace.runner.sweep_runner INFO: intensity=0.50 seed=1 ep=7 success=True steps=113
2026-03-13 07:03:17,073 trace.runner.sweep_runner INFO: intensity=0.50 seed=1 ep=8 success=False steps=220
2026-03-13 07:03:23,728 trace.runner.sweep_runner INFO: intensity=0.50 seed=1 ep=9 success=True steps=104
2026-03-13 07:03:31,259 trace.runner.sweep_runner INFO: intensity=0.50 seed=2 ep=0 success=True steps=119
2026-03-13 07:03:39,171 trace.runner.sweep_runner INFO: intensity=0.50 seed=2 ep=1 success=True steps=128
2026-03-13 07:03:51,901 trace.runner.sweep_runner INFO: intensity=0.50 seed=2 ep=2 success=False steps=220
2026-03-13 07:04:01,959 trace.runner.sweep_runner INFO: intensity=0.50 seed=2 ep=3 success=True steps=161
2026-03-13 07:04:14,634 trace.runner.sweep_runner INFO: intensity=0.50 seed=2 ep=4 success=False steps=220
2026-03-13 07:04:21,233 trace.runner.sweep_runner INFO: intensity=0.50 seed=2 ep=5 success=True steps=100
2026-03-13 07:04:34,176 trace.runner.sweep_runner INFO: intensity=0.50 seed=2 ep=6 success=True steps=220
2026-03-13 07:04:47,328 trace.runner.sweep_runner INFO: intensity=0.50 seed=2 ep=7 success=False steps=220
2026-03-13 07:05:00,250 trace.runner.sweep_runner INFO: intensity=0.50 seed=2 ep=8 success=False steps=220
2026-03-13 07:05:13,080 trace.runner.sweep_runner INFO: intensity=0.50 seed=2 ep=9 success=False steps=220
2026-03-13 07:05:25,837 trace.runner.sweep_runner INFO: intensity=0.50 seed=3 ep=0 success=False steps=220
2026-03-13 07:05:37,807 trace.runner.sweep_runner INFO: intensity=0.50 seed=3 ep=1 success=True steps=202
2026-03-13 07:05:45,010 trace.runner.sweep_runner INFO: intensity=0.50 seed=3 ep=2 success=True steps=118
2026-03-13 07:05:57,882 trace.runner.sweep_runner INFO: intensity=0.50 seed=3 ep=3 success=False steps=220
2026-03-13 07:06:05,668 trace.runner.sweep_runner INFO: intensity=0.50 seed=3 ep=4 success=True steps=122
2026-03-13 07:06:18,747 trace.runner.sweep_runner INFO: intensity=0.50 seed=3 ep=5 success=False steps=220
2026-03-13 07:06:31,743 trace.runner.sweep_runner INFO: intensity=0.50 seed=3 ep=6 success=False steps=220
2026-03-13 07:06:44,736 trace.runner.sweep_runner INFO: intensity=0.50 seed=3 ep=7 success=False steps=220
2026-03-13 07:06:52,438 trace.runner.sweep_runner INFO: intensity=0.50 seed=3 ep=8 success=True steps=118
2026-03-13 07:07:02,071 trace.runner.sweep_runner INFO: intensity=0.50 seed=3 ep=9 success=True steps=160
2026-03-13 07:07:14,860 trace.runner.sweep_runner INFO: intensity=0.50 seed=4 ep=0 success=False steps=220
2026-03-13 07:07:27,684 trace.runner.sweep_runner INFO: intensity=0.50 seed=4 ep=1 success=False steps=220
2026-03-13 07:07:40,604 trace.runner.sweep_runner INFO: intensity=0.50 seed=4 ep=2 success=False steps=220
2026-03-13 07:07:53,498 trace.runner.sweep_runner INFO: intensity=0.50 seed=4 ep=3 success=False steps=220
2026-03-13 07:08:03,873 trace.runner.sweep_runner INFO: intensity=0.50 seed=4 ep=4 success=True steps=166
2026-03-13 07:08:11,541 trace.runner.sweep_runner INFO: intensity=0.50 seed=4 ep=5 success=True steps=121
2026-03-13 07:08:24,311 trace.runner.sweep_runner INFO: intensity=0.50 seed=4 ep=6 success=True steps=214
2026-03-13 07:08:31,326 trace.runner.sweep_runner INFO: intensity=0.50 seed=4 ep=7 success=True steps=107
2026-03-13 07:08:44,354 trace.runner.sweep_runner INFO: intensity=0.50 seed=4 ep=8 success=False steps=220
2026-03-13 07:08:53,523 trace.runner.sweep_runner INFO: intensity=0.50 seed=4 ep=9 success=True steps=149
2026-03-13 07:09:06,363 trace.runner.sweep_runner INFO: intensity=0.70 seed=0 ep=0 success=False steps=220
2026-03-13 07:09:19,112 trace.runner.sweep_runner INFO: intensity=0.70 seed=0 ep=1 success=False steps=220
2026-03-13 07:09:31,924 trace.runner.sweep_runner INFO: intensity=0.70 seed=0 ep=2 success=False steps=220
2026-03-13 07:09:45,178 trace.runner.sweep_runner INFO: intensity=0.70 seed=0 ep=3 success=False steps=220
2026-03-13 07:09:58,116 trace.runner.sweep_runner INFO: intensity=0.70 seed=0 ep=4 success=False steps=220
2026-03-13 07:10:10,722 trace.runner.sweep_runner INFO: intensity=0.70 seed=0 ep=5 success=False steps=220
2026-03-13 07:10:23,755 trace.runner.sweep_runner INFO: intensity=0.70 seed=0 ep=6 success=False steps=220
2026-03-13 07:10:36,604 trace.runner.sweep_runner INFO: intensity=0.70 seed=0 ep=7 success=False steps=220
2026-03-13 07:10:49,350 trace.runner.sweep_runner INFO: intensity=0.70 seed=0 ep=8 success=False steps=220
2026-03-13 07:11:00,557 trace.runner.sweep_runner INFO: intensity=0.70 seed=0 ep=9 success=True steps=184
2026-03-13 07:11:13,645 trace.runner.sweep_runner INFO: intensity=0.70 seed=1 ep=0 success=False steps=220
2026-03-13 07:11:26,678 trace.runner.sweep_runner INFO: intensity=0.70 seed=1 ep=1 success=False steps=220
2026-03-13 07:11:39,555 trace.runner.sweep_runner INFO: intensity=0.70 seed=1 ep=2 success=False steps=220
2026-03-13 07:11:52,381 trace.runner.sweep_runner INFO: intensity=0.70 seed=1 ep=3 success=False steps=220
2026-03-13 07:12:05,365 trace.runner.sweep_runner INFO: intensity=0.70 seed=1 ep=4 success=False steps=220
2026-03-13 07:12:17,966 trace.runner.sweep_runner INFO: intensity=0.70 seed=1 ep=5 success=False steps=220
2026-03-13 07:12:30,710 trace.runner.sweep_runner INFO: intensity=0.70 seed=1 ep=6 success=False steps=220
2026-03-13 07:12:43,688 trace.runner.sweep_runner INFO: intensity=0.70 seed=1 ep=7 success=False steps=220
2026-03-13 07:12:57,314 trace.runner.sweep_runner INFO: intensity=0.70 seed=1 ep=8 success=False steps=220
2026-03-13 07:13:10,278 trace.runner.sweep_runner INFO: intensity=0.70 seed=1 ep=9 success=False steps=220
2026-03-13 07:13:23,291 trace.runner.sweep_runner INFO: intensity=0.70 seed=2 ep=0 success=False steps=220
2026-03-13 07:13:36,076 trace.runner.sweep_runner INFO: intensity=0.70 seed=2 ep=1 success=False steps=220
2026-03-13 07:13:45,638 trace.runner.sweep_runner INFO: intensity=0.70 seed=2 ep=2 success=True steps=151
2026-03-13 07:13:58,413 trace.runner.sweep_runner INFO: intensity=0.70 seed=2 ep=3 success=False steps=220
2026-03-13 07:14:11,302 trace.runner.sweep_runner INFO: intensity=0.70 seed=2 ep=4 success=False steps=220
2026-03-13 07:14:24,032 trace.runner.sweep_runner INFO: intensity=0.70 seed=2 ep=5 success=False steps=220
2026-03-13 07:14:32,646 trace.runner.sweep_runner INFO: intensity=0.70 seed=2 ep=6 success=True steps=139
2026-03-13 07:14:45,373 trace.runner.sweep_runner INFO: intensity=0.70 seed=2 ep=7 success=False steps=220
2026-03-13 07:14:58,175 trace.runner.sweep_runner INFO: intensity=0.70 seed=2 ep=8 success=False steps=220
2026-03-13 07:15:11,271 trace.runner.sweep_runner INFO: intensity=0.70 seed=2 ep=9 success=False steps=220
2026-03-13 07:15:24,018 trace.runner.sweep_runner INFO: intensity=0.70 seed=3 ep=0 success=False steps=220
2026-03-13 07:15:37,201 trace.runner.sweep_runner INFO: intensity=0.70 seed=3 ep=1 success=False steps=220
2026-03-13 07:15:49,958 trace.runner.sweep_runner INFO: intensity=0.70 seed=3 ep=2 success=False steps=220
2026-03-13 07:16:02,889 trace.runner.sweep_runner INFO: intensity=0.70 seed=3 ep=3 success=False steps=220
2026-03-13 07:16:15,672 trace.runner.sweep_runner INFO: intensity=0.70 seed=3 ep=4 success=False steps=220
2026-03-13 07:16:28,299 trace.runner.sweep_runner INFO: intensity=0.70 seed=3 ep=5 success=False steps=220
2026-03-13 07:16:41,120 trace.runner.sweep_runner INFO: intensity=0.70 seed=3 ep=6 success=False steps=220
2026-03-13 07:16:54,094 trace.runner.sweep_runner INFO: intensity=0.70 seed=3 ep=7 success=False steps=220
2026-03-13 07:17:07,041 trace.runner.sweep_runner INFO: intensity=0.70 seed=3 ep=8 success=False steps=220
2026-03-13 07:17:19,784 trace.runner.sweep_runner INFO: intensity=0.70 seed=3 ep=9 success=False steps=220
2026-03-13 07:17:32,723 trace.runner.sweep_runner INFO: intensity=0.70 seed=4 ep=0 success=False steps=220
2026-03-13 07:17:45,920 trace.runner.sweep_runner INFO: intensity=0.70 seed=4 ep=1 success=False steps=220
2026-03-13 07:17:58,295 trace.runner.sweep_runner INFO: intensity=0.70 seed=4 ep=2 success=False steps=220
2026-03-13 07:18:11,156 trace.runner.sweep_runner INFO: intensity=0.70 seed=4 ep=3 success=False steps=220
2026-03-13 07:18:24,819 trace.runner.sweep_runner INFO: intensity=0.70 seed=4 ep=4 success=False steps=220
2026-03-13 07:18:37,887 trace.runner.sweep_runner INFO: intensity=0.70 seed=4 ep=5 success=False steps=220
2026-03-13 07:18:47,339 trace.runner.sweep_runner INFO: intensity=0.70 seed=4 ep=6 success=True steps=155
2026-03-13 07:19:00,165 trace.runner.sweep_runner INFO: intensity=0.70 seed=4 ep=7 success=False steps=220
2026-03-13 07:19:12,914 trace.runner.sweep_runner INFO: intensity=0.70 seed=4 ep=8 success=False steps=220
2026-03-13 07:19:25,780 trace.runner.sweep_runner INFO: intensity=0.70 seed=4 ep=9 success=False steps=220
2026-03-13 07:19:38,622 trace.runner.sweep_runner INFO: intensity=1.00 seed=0 ep=0 success=False steps=220
2026-03-13 07:19:51,156 trace.runner.sweep_runner INFO: intensity=1.00 seed=0 ep=1 success=False steps=220
2026-03-13 07:20:03,379 trace.runner.sweep_runner INFO: intensity=1.00 seed=0 ep=2 success=False steps=220
2026-03-13 07:20:16,118 trace.runner.sweep_runner INFO: intensity=1.00 seed=0 ep=3 success=False steps=220
2026-03-13 07:20:28,862 trace.runner.sweep_runner INFO: intensity=1.00 seed=0 ep=4 success=False steps=220
2026-03-13 07:20:41,644 trace.runner.sweep_runner INFO: intensity=1.00 seed=0 ep=5 success=False steps=220
2026-03-13 07:20:54,503 trace.runner.sweep_runner INFO: intensity=1.00 seed=0 ep=6 success=False steps=220
2026-03-13 07:21:07,411 trace.runner.sweep_runner INFO: intensity=1.00 seed=0 ep=7 success=False steps=220
2026-03-13 07:21:20,007 trace.runner.sweep_runner INFO: intensity=1.00 seed=0 ep=8 success=False steps=220
2026-03-13 07:21:32,799 trace.runner.sweep_runner INFO: intensity=1.00 seed=0 ep=9 success=False steps=220
2026-03-13 07:21:45,917 trace.runner.sweep_runner INFO: intensity=1.00 seed=1 ep=0 success=False steps=220
2026-03-13 07:21:58,818 trace.runner.sweep_runner INFO: intensity=1.00 seed=1 ep=1 success=False steps=220
2026-03-13 07:22:11,019 trace.runner.sweep_runner INFO: intensity=1.00 seed=1 ep=2 success=False steps=220
2026-03-13 07:22:24,095 trace.runner.sweep_runner INFO: intensity=1.00 seed=1 ep=3 success=False steps=220
2026-03-13 07:22:37,088 trace.runner.sweep_runner INFO: intensity=1.00 seed=1 ep=4 success=False steps=220
2026-03-13 07:22:49,659 trace.runner.sweep_runner INFO: intensity=1.00 seed=1 ep=5 success=False steps=220
2026-03-13 07:23:02,500 trace.runner.sweep_runner INFO: intensity=1.00 seed=1 ep=6 success=False steps=220
2026-03-13 07:23:15,382 trace.runner.sweep_runner INFO: intensity=1.00 seed=1 ep=7 success=False steps=220
2026-03-13 07:23:28,241 trace.runner.sweep_runner INFO: intensity=1.00 seed=1 ep=8 success=False steps=220
2026-03-13 07:23:41,089 trace.runner.sweep_runner INFO: intensity=1.00 seed=1 ep=9 success=False steps=220
2026-03-13 07:23:54,178 trace.runner.sweep_runner INFO: intensity=1.00 seed=2 ep=0 success=False steps=220
2026-03-13 07:24:06,920 trace.runner.sweep_runner INFO: intensity=1.00 seed=2 ep=1 success=False steps=220
2026-03-13 07:24:19,121 trace.runner.sweep_runner INFO: intensity=1.00 seed=2 ep=2 success=False steps=220
2026-03-13 07:24:32,135 trace.runner.sweep_runner INFO: intensity=1.00 seed=2 ep=3 success=False steps=220
2026-03-13 07:24:45,151 trace.runner.sweep_runner INFO: intensity=1.00 seed=2 ep=4 success=False steps=220
2026-03-13 07:24:57,805 trace.runner.sweep_runner INFO: intensity=1.00 seed=2 ep=5 success=False steps=220
2026-03-13 07:25:10,816 trace.runner.sweep_runner INFO: intensity=1.00 seed=2 ep=6 success=False steps=220
2026-03-13 07:25:23,642 trace.runner.sweep_runner INFO: intensity=1.00 seed=2 ep=7 success=False steps=220
2026-03-13 07:25:36,468 trace.runner.sweep_runner INFO: intensity=1.00 seed=2 ep=8 success=False steps=220
2026-03-13 07:25:49,472 trace.runner.sweep_runner INFO: intensity=1.00 seed=2 ep=9 success=False steps=220
2026-03-13 07:26:02,435 trace.runner.sweep_runner INFO: intensity=1.00 seed=3 ep=0 success=False steps=220
2026-03-13 07:26:15,312 trace.runner.sweep_runner INFO: intensity=1.00 seed=3 ep=1 success=False steps=220
2026-03-13 07:26:27,617 trace.runner.sweep_runner INFO: intensity=1.00 seed=3 ep=2 success=False steps=220
2026-03-13 07:26:40,430 trace.runner.sweep_runner INFO: intensity=1.00 seed=3 ep=3 success=False steps=220
2026-03-13 07:26:53,399 trace.runner.sweep_runner INFO: intensity=1.00 seed=3 ep=4 success=False steps=220
2026-03-13 07:27:06,178 trace.runner.sweep_runner INFO: intensity=1.00 seed=3 ep=5 success=False steps=220
2026-03-13 07:27:19,185 trace.runner.sweep_runner INFO: intensity=1.00 seed=3 ep=6 success=False steps=220
2026-03-13 07:27:31,879 trace.runner.sweep_runner INFO: intensity=1.00 seed=3 ep=7 success=False steps=220
2026-03-13 07:27:44,741 trace.runner.sweep_runner INFO: intensity=1.00 seed=3 ep=8 success=False steps=220
2026-03-13 07:27:57,663 trace.runner.sweep_runner INFO: intensity=1.00 seed=3 ep=9 success=False steps=220
2026-03-13 07:28:10,506 trace.runner.sweep_runner INFO: intensity=1.00 seed=4 ep=0 success=False steps=220
2026-03-13 07:28:23,437 trace.runner.sweep_runner INFO: intensity=1.00 seed=4 ep=1 success=False steps=220
2026-03-13 07:28:35,837 trace.runner.sweep_runner INFO: intensity=1.00 seed=4 ep=2 success=False steps=220
2026-03-13 07:28:48,893 trace.runner.sweep_runner INFO: intensity=1.00 seed=4 ep=3 success=False steps=220
2026-03-13 07:29:01,866 trace.runner.sweep_runner INFO: intensity=1.00 seed=4 ep=4 success=False steps=220
2026-03-13 07:29:14,637 trace.runner.sweep_runner INFO: intensity=1.00 seed=4 ep=5 success=False steps=220
2026-03-13 07:29:27,468 trace.runner.sweep_runner INFO: intensity=1.00 seed=4 ep=6 success=False steps=220
2026-03-13 07:29:40,354 trace.runner.sweep_runner INFO: intensity=1.00 seed=4 ep=7 success=False steps=220
2026-03-13 07:29:53,211 trace.runner.sweep_runner INFO: intensity=1.00 seed=4 ep=8 success=False steps=220
2026-03-13 07:30:05,994 trace.runner.sweep_runner INFO: intensity=1.00 seed=4 ep=9 success=False steps=220
2026-03-13 07:30:06,001 __main__ INFO:   baseline=100%, max_degradation=100%, breakpoint=0.70
2026-03-13 07:30:06,006 __main__ INFO:   Report updated: output/reports/report_Pi0PolicyAdapter_libero_20260313_054143.md (2/9 stressors)
2026-03-13 07:30:06,006 __main__ INFO: Running sweep 3/9: PhysicsShiftStressor
2026-03-13 07:30:11,052 trace.runner.sweep_runner INFO: intensity=0.00 seed=0 ep=0 success=True steps=70
2026-03-13 07:30:16,112 trace.runner.sweep_runner INFO: intensity=0.00 seed=0 ep=1 success=True steps=71
2026-03-13 07:30:21,770 trace.runner.sweep_runner INFO: intensity=0.00 seed=0 ep=2 success=True steps=85
2026-03-13 07:30:27,337 trace.runner.sweep_runner INFO: intensity=0.00 seed=0 ep=3 success=True steps=79
2026-03-13 07:30:32,632 trace.runner.sweep_runner INFO: intensity=0.00 seed=0 ep=4 success=True steps=75
2026-03-13 07:30:38,156 trace.runner.sweep_runner INFO: intensity=0.00 seed=0 ep=5 success=True steps=77
2026-03-13 07:30:43,127 trace.runner.sweep_runner INFO: intensity=0.00 seed=0 ep=6 success=True steps=66
2026-03-13 07:30:48,674 trace.runner.sweep_runner INFO: intensity=0.00 seed=0 ep=7 success=True steps=80
2026-03-13 07:30:54,304 trace.runner.sweep_runner INFO: intensity=0.00 seed=0 ep=8 success=True steps=81
2026-03-13 07:30:59,528 trace.runner.sweep_runner INFO: intensity=0.00 seed=0 ep=9 success=True steps=74
2026-03-13 07:31:04,889 trace.runner.sweep_runner INFO: intensity=0.00 seed=1 ep=0 success=True steps=76
2026-03-13 07:31:11,641 trace.runner.sweep_runner INFO: intensity=0.00 seed=1 ep=1 success=True steps=105
2026-03-13 07:31:17,234 trace.runner.sweep_runner INFO: intensity=0.00 seed=1 ep=2 success=True steps=83
2026-03-13 07:31:22,770 trace.runner.sweep_runner INFO: intensity=0.00 seed=1 ep=3 success=True steps=78
2026-03-13 07:31:28,231 trace.runner.sweep_runner INFO: intensity=0.00 seed=1 ep=4 success=True steps=76
2026-03-13 07:31:33,380 trace.runner.sweep_runner INFO: intensity=0.00 seed=1 ep=5 success=True steps=75
2026-03-13 07:31:38,570 trace.runner.sweep_runner INFO: intensity=0.00 seed=1 ep=6 success=True steps=75
2026-03-13 07:31:44,494 trace.runner.sweep_runner INFO: intensity=0.00 seed=1 ep=7 success=True steps=85
2026-03-13 07:31:50,308 trace.runner.sweep_runner INFO: intensity=0.00 seed=1 ep=8 success=True steps=84
2026-03-13 07:31:55,637 trace.runner.sweep_runner INFO: intensity=0.00 seed=1 ep=9 success=True steps=76
2026-03-13 07:32:00,961 trace.runner.sweep_runner INFO: intensity=0.00 seed=2 ep=0 success=True steps=77
2026-03-13 07:32:08,007 trace.runner.sweep_runner INFO: intensity=0.00 seed=2 ep=1 success=True steps=108
2026-03-13 07:32:13,225 trace.runner.sweep_runner INFO: intensity=0.00 seed=2 ep=2 success=True steps=76
2026-03-13 07:32:18,457 trace.runner.sweep_runner INFO: intensity=0.00 seed=2 ep=3 success=True steps=75
2026-03-13 07:32:23,571 trace.runner.sweep_runner INFO: intensity=0.00 seed=2 ep=4 success=True steps=71
2026-03-13 07:32:28,660 trace.runner.sweep_runner INFO: intensity=0.00 seed=2 ep=5 success=True steps=72
2026-03-13 07:32:33,331 trace.runner.sweep_runner INFO: intensity=0.00 seed=2 ep=6 success=True steps=65
2026-03-13 07:32:38,918 trace.runner.sweep_runner INFO: intensity=0.00 seed=2 ep=7 success=True steps=80
2026-03-13 07:32:44,787 trace.runner.sweep_runner INFO: intensity=0.00 seed=2 ep=8 success=True steps=85
2026-03-13 07:32:50,060 trace.runner.sweep_runner INFO: intensity=0.00 seed=2 ep=9 success=True steps=75
2026-03-13 07:32:55,690 trace.runner.sweep_runner INFO: intensity=0.00 seed=3 ep=0 success=True steps=83
2026-03-13 07:33:02,558 trace.runner.sweep_runner INFO: intensity=0.00 seed=3 ep=1 success=True steps=107
2026-03-13 07:33:08,022 trace.runner.sweep_runner INFO: intensity=0.00 seed=3 ep=2 success=True steps=84
2026-03-13 07:33:13,453 trace.runner.sweep_runner INFO: intensity=0.00 seed=3 ep=3 success=True steps=76
2026-03-13 07:33:18,697 trace.runner.sweep_runner INFO: intensity=0.00 seed=3 ep=4 success=True steps=74
2026-03-13 07:33:23,805 trace.runner.sweep_runner INFO: intensity=0.00 seed=3 ep=5 success=True steps=73
2026-03-13 07:33:28,972 trace.runner.sweep_runner INFO: intensity=0.00 seed=3 ep=6 success=True steps=72
2026-03-13 07:33:34,599 trace.runner.sweep_runner INFO: intensity=0.00 seed=3 ep=7 success=True steps=82
2026-03-13 07:33:40,556 trace.runner.sweep_runner INFO: intensity=0.00 seed=3 ep=8 success=True steps=86
2026-03-13 07:33:45,752 trace.runner.sweep_runner INFO: intensity=0.00 seed=3 ep=9 success=True steps=71
2026-03-13 07:33:51,194 trace.runner.sweep_runner INFO: intensity=0.00 seed=4 ep=0 success=True steps=76
2026-03-13 07:33:56,303 trace.runner.sweep_runner INFO: intensity=0.00 seed=4 ep=1 success=True steps=74
2026-03-13 07:34:01,359 trace.runner.sweep_runner INFO: intensity=0.00 seed=4 ep=2 success=True steps=74
2026-03-13 07:34:06,755 trace.runner.sweep_runner INFO: intensity=0.00 seed=4 ep=3 success=True steps=78
2026-03-13 07:34:11,994 trace.runner.sweep_runner INFO: intensity=0.00 seed=4 ep=4 success=True steps=73
2026-03-13 07:34:17,416 trace.runner.sweep_runner INFO: intensity=0.00 seed=4 ep=5 success=True steps=79
2026-03-13 07:34:22,399 trace.runner.sweep_runner INFO: intensity=0.00 seed=4 ep=6 success=True steps=70
2026-03-13 07:34:27,969 trace.runner.sweep_runner INFO: intensity=0.00 seed=4 ep=7 success=True steps=78
2026-03-13 07:34:33,380 trace.runner.sweep_runner INFO: intensity=0.00 seed=4 ep=8 success=True steps=77
2026-03-13 07:34:38,760 trace.runner.sweep_runner INFO: intensity=0.00 seed=4 ep=9 success=True steps=74
2026-03-13 07:34:43,687 trace.runner.sweep_runner INFO: intensity=0.10 seed=0 ep=0 success=True steps=69
2026-03-13 07:34:52,141 trace.runner.sweep_runner INFO: intensity=0.10 seed=0 ep=1 success=True steps=136
2026-03-13 07:34:57,720 trace.runner.sweep_runner INFO: intensity=0.10 seed=0 ep=2 success=True steps=83
2026-03-13 07:35:03,209 trace.runner.sweep_runner INFO: intensity=0.10 seed=0 ep=3 success=True steps=76
2026-03-13 07:35:08,390 trace.runner.sweep_runner INFO: intensity=0.10 seed=0 ep=4 success=True steps=74
2026-03-13 07:35:13,561 trace.runner.sweep_runner INFO: intensity=0.10 seed=0 ep=5 success=True steps=72
2026-03-13 07:35:18,652 trace.runner.sweep_runner INFO: intensity=0.10 seed=0 ep=6 success=True steps=70
2026-03-13 07:35:24,310 trace.runner.sweep_runner INFO: intensity=0.10 seed=0 ep=7 success=True steps=80
2026-03-13 07:35:29,764 trace.runner.sweep_runner INFO: intensity=0.10 seed=0 ep=8 success=True steps=78
2026-03-13 07:35:36,921 trace.runner.sweep_runner INFO: intensity=0.10 seed=0 ep=9 success=True steps=110
2026-03-13 07:35:43,627 trace.runner.sweep_runner INFO: intensity=0.10 seed=1 ep=0 success=True steps=103
2026-03-13 07:35:48,790 trace.runner.sweep_runner INFO: intensity=0.10 seed=1 ep=1 success=True steps=74
2026-03-13 07:35:53,789 trace.runner.sweep_runner INFO: intensity=0.10 seed=1 ep=2 success=True steps=74
2026-03-13 07:35:59,294 trace.runner.sweep_runner INFO: intensity=0.10 seed=1 ep=3 success=True steps=77
2026-03-13 07:36:04,516 trace.runner.sweep_runner INFO: intensity=0.10 seed=1 ep=4 success=True steps=75
2026-03-13 07:36:10,343 trace.runner.sweep_runner INFO: intensity=0.10 seed=1 ep=5 success=True steps=82
2026-03-13 07:36:15,491 trace.runner.sweep_runner INFO: intensity=0.10 seed=1 ep=6 success=True steps=71
2026-03-13 07:36:20,951 trace.runner.sweep_runner INFO: intensity=0.10 seed=1 ep=7 success=True steps=78
2026-03-13 07:36:26,731 trace.runner.sweep_runner INFO: intensity=0.10 seed=1 ep=8 success=True steps=83
2026-03-13 07:36:32,159 trace.runner.sweep_runner INFO: intensity=0.10 seed=1 ep=9 success=True steps=78
2026-03-13 07:36:37,600 trace.runner.sweep_runner INFO: intensity=0.10 seed=2 ep=0 success=True steps=77
2026-03-13 07:36:44,658 trace.runner.sweep_runner INFO: intensity=0.10 seed=2 ep=1 success=True steps=110
2026-03-13 07:36:49,771 trace.runner.sweep_runner INFO: intensity=0.10 seed=2 ep=2 success=True steps=75
2026-03-13 07:36:55,241 trace.runner.sweep_runner INFO: intensity=0.10 seed=2 ep=3 success=True steps=76
2026-03-13 07:37:00,568 trace.runner.sweep_runner INFO: intensity=0.10 seed=2 ep=4 success=True steps=75
2026-03-13 07:37:05,883 trace.runner.sweep_runner INFO: intensity=0.10 seed=2 ep=5 success=True steps=75
2026-03-13 07:37:11,065 trace.runner.sweep_runner INFO: intensity=0.10 seed=2 ep=6 success=True steps=72
2026-03-13 07:37:16,930 trace.runner.sweep_runner INFO: intensity=0.10 seed=2 ep=7 success=True steps=83
2026-03-13 07:37:22,757 trace.runner.sweep_runner INFO: intensity=0.10 seed=2 ep=8 success=True steps=85
2026-03-13 07:37:27,922 trace.runner.sweep_runner INFO: intensity=0.10 seed=2 ep=9 success=True steps=72
2026-03-13 07:37:34,960 trace.runner.sweep_runner INFO: intensity=0.10 seed=3 ep=0 success=True steps=109
2026-03-13 07:37:41,980 trace.runner.sweep_runner INFO: intensity=0.10 seed=3 ep=1 success=True steps=108
2026-03-13 07:37:47,636 trace.runner.sweep_runner INFO: intensity=0.10 seed=3 ep=2 success=True steps=83
2026-03-13 07:37:52,958 trace.runner.sweep_runner INFO: intensity=0.10 seed=3 ep=3 success=True steps=75
2026-03-13 07:37:58,198 trace.runner.sweep_runner INFO: intensity=0.10 seed=3 ep=4 success=True steps=74
2026-03-13 07:38:04,949 trace.runner.sweep_runner INFO: intensity=0.10 seed=3 ep=5 success=True steps=103
2026-03-13 07:38:10,138 trace.runner.sweep_runner INFO: intensity=0.10 seed=3 ep=6 success=True steps=73
2026-03-13 07:38:16,042 trace.runner.sweep_runner INFO: intensity=0.10 seed=3 ep=7 success=True steps=85
2026-03-13 07:38:21,536 trace.runner.sweep_runner INFO: intensity=0.10 seed=3 ep=8 success=True steps=78
2026-03-13 07:38:26,757 trace.runner.sweep_runner INFO: intensity=0.10 seed=3 ep=9 success=True steps=74
2026-03-13 07:38:32,184 trace.runner.sweep_runner INFO: intensity=0.10 seed=4 ep=0 success=True steps=77
2026-03-13 07:38:39,163 trace.runner.sweep_runner INFO: intensity=0.10 seed=4 ep=1 success=True steps=107
2026-03-13 07:38:46,078 trace.runner.sweep_runner INFO: intensity=0.10 seed=4 ep=2 success=True steps=106
2026-03-13 07:38:51,483 trace.runner.sweep_runner INFO: intensity=0.10 seed=4 ep=3 success=True steps=78
2026-03-13 07:38:56,930 trace.runner.sweep_runner INFO: intensity=0.10 seed=4 ep=4 success=True steps=77
2026-03-13 07:39:02,274 trace.runner.sweep_runner INFO: intensity=0.10 seed=4 ep=5 success=True steps=77
2026-03-13 07:39:07,323 trace.runner.sweep_runner INFO: intensity=0.10 seed=4 ep=6 success=True steps=69
2026-03-13 07:39:12,819 trace.runner.sweep_runner INFO: intensity=0.10 seed=4 ep=7 success=True steps=79
2026-03-13 07:39:18,342 trace.runner.sweep_runner INFO: intensity=0.10 seed=4 ep=8 success=True steps=78
2026-03-13 07:39:23,785 trace.runner.sweep_runner INFO: intensity=0.10 seed=4 ep=9 success=True steps=77
2026-03-13 07:39:28,962 trace.runner.sweep_runner INFO: intensity=0.20 seed=0 ep=0 success=True steps=74
2026-03-13 07:39:35,872 trace.runner.sweep_runner INFO: intensity=0.20 seed=0 ep=1 success=True steps=106
2026-03-13 07:39:41,351 trace.runner.sweep_runner INFO: intensity=0.20 seed=0 ep=2 success=True steps=82
2026-03-13 07:39:46,855 trace.runner.sweep_runner INFO: intensity=0.20 seed=0 ep=3 success=True steps=79
2026-03-13 07:39:52,118 trace.runner.sweep_runner INFO: intensity=0.20 seed=0 ep=4 success=True steps=73
2026-03-13 07:39:57,650 trace.runner.sweep_runner INFO: intensity=0.20 seed=0 ep=5 success=True steps=78
2026-03-13 07:40:02,725 trace.runner.sweep_runner INFO: intensity=0.20 seed=0 ep=6 success=True steps=70
2026-03-13 07:40:08,642 trace.runner.sweep_runner INFO: intensity=0.20 seed=0 ep=7 success=True steps=82
2026-03-13 07:40:14,246 trace.runner.sweep_runner INFO: intensity=0.20 seed=0 ep=8 success=True steps=80
2026-03-13 07:40:21,021 trace.runner.sweep_runner INFO: intensity=0.20 seed=0 ep=9 success=True steps=103
2026-03-13 07:40:26,528 trace.runner.sweep_runner INFO: intensity=0.20 seed=1 ep=0 success=True steps=78
2026-03-13 07:40:35,402 trace.runner.sweep_runner INFO: intensity=0.20 seed=1 ep=1 success=True steps=141
2026-03-13 07:40:40,356 trace.runner.sweep_runner INFO: intensity=0.20 seed=1 ep=2 success=True steps=72
2026-03-13 07:40:45,892 trace.runner.sweep_runner INFO: intensity=0.20 seed=1 ep=3 success=True steps=78
2026-03-13 07:40:51,219 trace.runner.sweep_runner INFO: intensity=0.20 seed=1 ep=4 success=True steps=74
2026-03-13 07:40:56,930 trace.runner.sweep_runner INFO: intensity=0.20 seed=1 ep=5 success=True steps=81
2026-03-13 07:41:02,130 trace.runner.sweep_runner INFO: intensity=0.20 seed=1 ep=6 success=True steps=73
2026-03-13 07:41:07,922 trace.runner.sweep_runner INFO: intensity=0.20 seed=1 ep=7 success=True steps=81
2026-03-13 07:41:13,589 trace.runner.sweep_runner INFO: intensity=0.20 seed=1 ep=8 success=True steps=81
2026-03-13 07:41:18,666 trace.runner.sweep_runner INFO: intensity=0.20 seed=1 ep=9 success=True steps=73
2026-03-13 07:41:23,947 trace.runner.sweep_runner INFO: intensity=0.20 seed=2 ep=0 success=True steps=75
2026-03-13 07:41:32,525 trace.runner.sweep_runner INFO: intensity=0.20 seed=2 ep=1 success=True steps=137
2026-03-13 07:41:37,608 trace.runner.sweep_runner INFO: intensity=0.20 seed=2 ep=2 success=True steps=74
2026-03-13 07:41:43,115 trace.runner.sweep_runner INFO: intensity=0.20 seed=2 ep=3 success=True steps=77
2026-03-13 07:41:48,414 trace.runner.sweep_runner INFO: intensity=0.20 seed=2 ep=4 success=True steps=73
2026-03-13 07:41:54,027 trace.runner.sweep_runner INFO: intensity=0.20 seed=2 ep=5 success=True steps=78
2026-03-13 07:41:59,280 trace.runner.sweep_runner INFO: intensity=0.20 seed=2 ep=6 success=True steps=73
2026-03-13 07:42:05,144 trace.runner.sweep_runner INFO: intensity=0.20 seed=2 ep=7 success=True steps=81
2026-03-13 07:42:10,803 trace.runner.sweep_runner INFO: intensity=0.20 seed=2 ep=8 success=True steps=83
2026-03-13 07:42:15,953 trace.runner.sweep_runner INFO: intensity=0.20 seed=2 ep=9 success=True steps=72
2026-03-13 07:42:23,403 trace.runner.sweep_runner INFO: intensity=0.20 seed=3 ep=0 success=True steps=115
2026-03-13 07:42:30,755 trace.runner.sweep_runner INFO: intensity=0.20 seed=3 ep=1 success=True steps=113
2026-03-13 07:42:36,557 trace.runner.sweep_runner INFO: intensity=0.20 seed=3 ep=2 success=True steps=86
2026-03-13 07:42:41,641 trace.runner.sweep_runner INFO: intensity=0.20 seed=3 ep=3 success=True steps=72
2026-03-13 07:42:46,941 trace.runner.sweep_runner INFO: intensity=0.20 seed=3 ep=4 success=True steps=75
2026-03-13 07:42:53,749 trace.runner.sweep_runner INFO: intensity=0.20 seed=3 ep=5 success=True steps=104
2026-03-13 07:42:58,960 trace.runner.sweep_runner INFO: intensity=0.20 seed=3 ep=6 success=True steps=73
2026-03-13 07:43:04,583 trace.runner.sweep_runner INFO: intensity=0.20 seed=3 ep=7 success=True steps=81
2026-03-13 07:43:10,395 trace.runner.sweep_runner INFO: intensity=0.20 seed=3 ep=8 success=True steps=83
2026-03-13 07:43:15,658 trace.runner.sweep_runner INFO: intensity=0.20 seed=3 ep=9 success=True steps=74
2026-03-13 07:43:21,151 trace.runner.sweep_runner INFO: intensity=0.20 seed=4 ep=0 success=True steps=76
2026-03-13 07:43:27,974 trace.runner.sweep_runner INFO: intensity=0.20 seed=4 ep=1 success=True steps=105
2026-03-13 07:43:33,491 trace.runner.sweep_runner INFO: intensity=0.20 seed=4 ep=2 success=True steps=80
2026-03-13 07:43:38,907 trace.runner.sweep_runner INFO: intensity=0.20 seed=4 ep=3 success=True steps=76
2026-03-13 07:43:44,497 trace.runner.sweep_runner INFO: intensity=0.20 seed=4 ep=4 success=True steps=78
2026-03-13 07:43:49,856 trace.runner.sweep_runner INFO: intensity=0.20 seed=4 ep=5 success=True steps=77
2026-03-13 07:43:54,891 trace.runner.sweep_runner INFO: intensity=0.20 seed=4 ep=6 success=True steps=70
2026-03-13 07:44:00,155 trace.runner.sweep_runner INFO: intensity=0.20 seed=4 ep=7 success=True steps=75
2026-03-13 07:44:05,611 trace.runner.sweep_runner INFO: intensity=0.20 seed=4 ep=8 success=True steps=79
2026-03-13 07:44:10,894 trace.runner.sweep_runner INFO: intensity=0.20 seed=4 ep=9 success=True steps=72
2026-03-13 07:44:16,302 trace.runner.sweep_runner INFO: intensity=0.30 seed=0 ep=0 success=True steps=78
2026-03-13 07:44:26,614 trace.runner.sweep_runner INFO: intensity=0.30 seed=0 ep=1 success=True steps=168
2026-03-13 07:44:32,458 trace.runner.sweep_runner INFO: intensity=0.30 seed=0 ep=2 success=True steps=83
2026-03-13 07:44:37,710 trace.runner.sweep_runner INFO: intensity=0.30 seed=0 ep=3 success=True steps=74
2026-03-13 07:44:42,963 trace.runner.sweep_runner INFO: intensity=0.30 seed=0 ep=4 success=True steps=75
2026-03-13 07:44:48,320 trace.runner.sweep_runner INFO: intensity=0.30 seed=0 ep=5 success=True steps=75
2026-03-13 07:44:53,205 trace.runner.sweep_runner INFO: intensity=0.30 seed=0 ep=6 success=True steps=65
2026-03-13 07:44:59,048 trace.runner.sweep_runner INFO: intensity=0.30 seed=0 ep=7 success=True steps=83
2026-03-13 07:45:04,624 trace.runner.sweep_runner INFO: intensity=0.30 seed=0 ep=8 success=True steps=80
2026-03-13 07:45:11,628 trace.runner.sweep_runner INFO: intensity=0.30 seed=0 ep=9 success=True steps=108
2026-03-13 07:45:17,150 trace.runner.sweep_runner INFO: intensity=0.30 seed=1 ep=0 success=True steps=79
2026-03-13 07:45:23,737 trace.runner.sweep_runner INFO: intensity=0.30 seed=1 ep=1 success=True steps=99
2026-03-13 07:45:28,837 trace.runner.sweep_runner INFO: intensity=0.30 seed=1 ep=2 success=True steps=75
2026-03-13 07:45:34,134 trace.runner.sweep_runner INFO: intensity=0.30 seed=1 ep=3 success=True steps=74
2026-03-13 07:45:39,407 trace.runner.sweep_runner INFO: intensity=0.30 seed=1 ep=4 success=True steps=75
2026-03-13 07:45:44,623 trace.runner.sweep_runner INFO: intensity=0.30 seed=1 ep=5 success=True steps=73
2026-03-13 07:45:49,847 trace.runner.sweep_runner INFO: intensity=0.30 seed=1 ep=6 success=True steps=75
2026-03-13 07:45:55,707 trace.runner.sweep_runner INFO: intensity=0.30 seed=1 ep=7 success=True steps=82
2026-03-13 07:46:01,264 trace.runner.sweep_runner INFO: intensity=0.30 seed=1 ep=8 success=True steps=79
2026-03-13 07:46:06,561 trace.runner.sweep_runner INFO: intensity=0.30 seed=1 ep=9 success=True steps=73
2026-03-13 07:46:12,059 trace.runner.sweep_runner INFO: intensity=0.30 seed=2 ep=0 success=True steps=78
2026-03-13 07:46:19,227 trace.runner.sweep_runner INFO: intensity=0.30 seed=2 ep=1 success=True steps=111
2026-03-13 07:46:24,437 trace.runner.sweep_runner INFO: intensity=0.30 seed=2 ep=2 success=True steps=73
2026-03-13 07:46:30,004 trace.runner.sweep_runner INFO: intensity=0.30 seed=2 ep=3 success=True steps=80
2026-03-13 07:46:35,265 trace.runner.sweep_runner INFO: intensity=0.30 seed=2 ep=4 success=True steps=73
2026-03-13 07:46:40,737 trace.runner.sweep_runner INFO: intensity=0.30 seed=2 ep=5 success=True steps=76
2026-03-13 07:46:45,884 trace.runner.sweep_runner INFO: intensity=0.30 seed=2 ep=6 success=True steps=72
2026-03-13 07:46:51,756 trace.runner.sweep_runner INFO: intensity=0.30 seed=2 ep=7 success=True steps=84
2026-03-13 07:46:57,686 trace.runner.sweep_runner INFO: intensity=0.30 seed=2 ep=8 success=True steps=85
2026-03-13 07:47:02,995 trace.runner.sweep_runner INFO: intensity=0.30 seed=2 ep=9 success=True steps=74
2026-03-13 07:47:09,726 trace.runner.sweep_runner INFO: intensity=0.30 seed=3 ep=0 success=True steps=101
2026-03-13 07:47:16,445 trace.runner.sweep_runner INFO: intensity=0.30 seed=3 ep=1 success=True steps=104
2026-03-13 07:47:22,372 trace.runner.sweep_runner INFO: intensity=0.30 seed=3 ep=2 success=True steps=85
2026-03-13 07:47:28,005 trace.runner.sweep_runner INFO: intensity=0.30 seed=3 ep=3 success=True steps=79
2026-03-13 07:47:33,384 trace.runner.sweep_runner INFO: intensity=0.30 seed=3 ep=4 success=True steps=76
2026-03-13 07:47:40,202 trace.runner.sweep_runner INFO: intensity=0.30 seed=3 ep=5 success=True steps=105
2026-03-13 07:47:45,370 trace.runner.sweep_runner INFO: intensity=0.30 seed=3 ep=6 success=True steps=71
2026-03-13 07:47:51,184 trace.runner.sweep_runner INFO: intensity=0.30 seed=3 ep=7 success=True steps=83
2026-03-13 07:48:01,638 trace.runner.sweep_runner INFO: intensity=0.30 seed=3 ep=8 success=True steps=163
2026-03-13 07:48:06,871 trace.runner.sweep_runner INFO: intensity=0.30 seed=3 ep=9 success=True steps=73
2026-03-13 07:48:12,372 trace.runner.sweep_runner INFO: intensity=0.30 seed=4 ep=0 success=True steps=78
2026-03-13 07:48:17,911 trace.runner.sweep_runner INFO: intensity=0.30 seed=4 ep=1 success=True steps=79
2026-03-13 07:48:25,043 trace.runner.sweep_runner INFO: intensity=0.30 seed=4 ep=2 success=True steps=109
2026-03-13 07:48:30,595 trace.runner.sweep_runner INFO: intensity=0.30 seed=4 ep=3 success=True steps=77
2026-03-13 07:48:35,926 trace.runner.sweep_runner INFO: intensity=0.30 seed=4 ep=4 success=True steps=75
2026-03-13 07:48:41,069 trace.runner.sweep_runner INFO: intensity=0.30 seed=4 ep=5 success=True steps=71
2026-03-13 07:48:46,329 trace.runner.sweep_runner INFO: intensity=0.30 seed=4 ep=6 success=True steps=71
2026-03-13 07:48:51,750 trace.runner.sweep_runner INFO: intensity=0.30 seed=4 ep=7 success=True steps=76
2026-03-13 07:48:57,250 trace.runner.sweep_runner INFO: intensity=0.30 seed=4 ep=8 success=True steps=80
2026-03-13 07:49:02,596 trace.runner.sweep_runner INFO: intensity=0.30 seed=4 ep=9 success=True steps=75
2026-03-13 07:49:07,737 trace.runner.sweep_runner INFO: intensity=0.50 seed=0 ep=0 success=True steps=71
2026-03-13 07:49:16,662 trace.runner.sweep_runner INFO: intensity=0.50 seed=0 ep=1 success=True steps=143
2026-03-13 07:49:22,609 trace.runner.sweep_runner INFO: intensity=0.50 seed=0 ep=2 success=True steps=86
2026-03-13 07:49:27,810 trace.runner.sweep_runner INFO: intensity=0.50 seed=0 ep=3 success=True steps=73
2026-03-13 07:49:33,115 trace.runner.sweep_runner INFO: intensity=0.50 seed=0 ep=4 success=True steps=74
2026-03-13 07:49:38,546 trace.runner.sweep_runner INFO: intensity=0.50 seed=0 ep=5 success=True steps=76
2026-03-13 07:49:43,633 trace.runner.sweep_runner INFO: intensity=0.50 seed=0 ep=6 success=True steps=69
2026-03-13 07:49:49,474 trace.runner.sweep_runner INFO: intensity=0.50 seed=0 ep=7 success=True steps=82
2026-03-13 07:49:54,997 trace.runner.sweep_runner INFO: intensity=0.50 seed=0 ep=8 success=True steps=79
2026-03-13 07:50:00,323 trace.runner.sweep_runner INFO: intensity=0.50 seed=0 ep=9 success=True steps=75
2026-03-13 07:50:05,829 trace.runner.sweep_runner INFO: intensity=0.50 seed=1 ep=0 success=True steps=78
2026-03-13 07:50:12,940 trace.runner.sweep_runner INFO: intensity=0.50 seed=1 ep=1 success=True steps=108
2026-03-13 07:50:18,449 trace.runner.sweep_runner INFO: intensity=0.50 seed=1 ep=2 success=True steps=83
2026-03-13 07:50:23,820 trace.runner.sweep_runner INFO: intensity=0.50 seed=1 ep=3 success=True steps=76
2026-03-13 07:50:28,976 trace.runner.sweep_runner INFO: intensity=0.50 seed=1 ep=4 success=True steps=73
2026-03-13 07:50:35,217 trace.runner.sweep_runner INFO: intensity=0.50 seed=1 ep=5 success=True steps=87
2026-03-13 07:50:40,586 trace.runner.sweep_runner INFO: intensity=0.50 seed=1 ep=6 success=True steps=74
2026-03-13 07:50:46,509 trace.runner.sweep_runner INFO: intensity=0.50 seed=1 ep=7 success=True steps=83
2026-03-13 07:50:52,341 trace.runner.sweep_runner INFO: intensity=0.50 seed=1 ep=8 success=True steps=81
2026-03-13 07:50:57,775 trace.runner.sweep_runner INFO: intensity=0.50 seed=1 ep=9 success=True steps=77
2026-03-13 07:51:03,069 trace.runner.sweep_runner INFO: intensity=0.50 seed=2 ep=0 success=True steps=75
2026-03-13 07:51:10,048 trace.runner.sweep_runner INFO: intensity=0.50 seed=2 ep=1 success=True steps=107
2026-03-13 07:51:15,290 trace.runner.sweep_runner INFO: intensity=0.50 seed=2 ep=2 success=True steps=74
2026-03-13 07:51:20,783 trace.runner.sweep_runner INFO: intensity=0.50 seed=2 ep=3 success=True steps=77
2026-03-13 07:51:25,894 trace.runner.sweep_runner INFO: intensity=0.50 seed=2 ep=4 success=True steps=71
2026-03-13 07:51:32,410 trace.runner.sweep_runner INFO: intensity=0.50 seed=2 ep=5 success=True steps=94
2026-03-13 07:51:37,517 trace.runner.sweep_runner INFO: intensity=0.50 seed=2 ep=6 success=True steps=71
2026-03-13 07:51:43,532 trace.runner.sweep_runner INFO: intensity=0.50 seed=2 ep=7 success=True steps=84
2026-03-13 07:51:49,027 trace.runner.sweep_runner INFO: intensity=0.50 seed=2 ep=8 success=True steps=79
2026-03-13 07:51:54,155 trace.runner.sweep_runner INFO: intensity=0.50 seed=2 ep=9 success=True steps=72
2026-03-13 07:52:01,417 trace.runner.sweep_runner INFO: intensity=0.50 seed=3 ep=0 success=True steps=113
2026-03-13 07:52:08,240 trace.runner.sweep_runner INFO: intensity=0.50 seed=3 ep=1 success=True steps=104
2026-03-13 07:52:14,405 trace.runner.sweep_runner INFO: intensity=0.50 seed=3 ep=2 success=True steps=87
2026-03-13 07:52:19,913 trace.runner.sweep_runner INFO: intensity=0.50 seed=3 ep=3 success=True steps=77
2026-03-13 07:52:25,409 trace.runner.sweep_runner INFO: intensity=0.50 seed=3 ep=4 success=True steps=76
2026-03-13 07:52:32,185 trace.runner.sweep_runner INFO: intensity=0.50 seed=3 ep=5 success=True steps=102
2026-03-13 07:52:37,592 trace.runner.sweep_runner INFO: intensity=0.50 seed=3 ep=6 success=True steps=73
2026-03-13 07:52:43,375 trace.runner.sweep_runner INFO: intensity=0.50 seed=3 ep=7 success=True steps=81
2026-03-13 07:52:49,151 trace.runner.sweep_runner INFO: intensity=0.50 seed=3 ep=8 success=True steps=81
2026-03-13 07:52:54,315 trace.runner.sweep_runner INFO: intensity=0.50 seed=3 ep=9 success=True steps=73
2026-03-13 07:52:59,902 trace.runner.sweep_runner INFO: intensity=0.50 seed=4 ep=0 success=True steps=80
2026-03-13 07:53:05,165 trace.runner.sweep_runner INFO: intensity=0.50 seed=4 ep=1 success=True steps=73
2026-03-13 07:53:12,062 trace.runner.sweep_runner INFO: intensity=0.50 seed=4 ep=2 success=True steps=101
2026-03-13 07:53:17,329 trace.runner.sweep_runner INFO: intensity=0.50 seed=4 ep=3 success=True steps=75
2026-03-13 07:53:22,460 trace.runner.sweep_runner INFO: intensity=0.50 seed=4 ep=4 success=True steps=72
2026-03-13 07:53:27,668 trace.runner.sweep_runner INFO: intensity=0.50 seed=4 ep=5 success=True steps=74
2026-03-13 07:53:35,895 trace.runner.sweep_runner INFO: intensity=0.50 seed=4 ep=6 success=True steps=122
2026-03-13 07:53:41,205 trace.runner.sweep_runner INFO: intensity=0.50 seed=4 ep=7 success=True steps=73
2026-03-13 07:53:46,684 trace.runner.sweep_runner INFO: intensity=0.50 seed=4 ep=8 success=True steps=78
2026-03-13 07:53:52,136 trace.runner.sweep_runner INFO: intensity=0.50 seed=4 ep=9 success=True steps=75
2026-03-13 07:53:57,187 trace.runner.sweep_runner INFO: intensity=0.70 seed=0 ep=0 success=True steps=70
2026-03-13 07:54:02,367 trace.runner.sweep_runner INFO: intensity=0.70 seed=0 ep=1 success=True steps=74
2026-03-13 07:54:08,136 trace.runner.sweep_runner INFO: intensity=0.70 seed=0 ep=2 success=True steps=85
2026-03-13 07:54:13,611 trace.runner.sweep_runner INFO: intensity=0.70 seed=0 ep=3 success=True steps=76
2026-03-13 07:54:22,605 trace.runner.sweep_runner INFO: intensity=0.70 seed=0 ep=4 success=True steps=141
2026-03-13 07:54:27,593 trace.runner.sweep_runner INFO: intensity=0.70 seed=0 ep=5 success=True steps=70
2026-03-13 07:54:32,969 trace.runner.sweep_runner INFO: intensity=0.70 seed=0 ep=6 success=True steps=74
2026-03-13 07:54:38,680 trace.runner.sweep_runner INFO: intensity=0.70 seed=0 ep=7 success=True steps=80
2026-03-13 07:54:44,487 trace.runner.sweep_runner INFO: intensity=0.70 seed=0 ep=8 success=True steps=82
2026-03-13 07:54:51,230 trace.runner.sweep_runner INFO: intensity=0.70 seed=0 ep=9 success=True steps=101
2026-03-13 07:54:56,755 trace.runner.sweep_runner INFO: intensity=0.70 seed=1 ep=0 success=True steps=78
2026-03-13 07:55:03,602 trace.runner.sweep_runner INFO: intensity=0.70 seed=1 ep=1 success=True steps=103
2026-03-13 07:55:08,918 trace.runner.sweep_runner INFO: intensity=0.70 seed=1 ep=2 success=True steps=74
2026-03-13 07:55:14,524 trace.runner.sweep_runner INFO: intensity=0.70 seed=1 ep=3 success=True steps=80
2026-03-13 07:55:20,095 trace.runner.sweep_runner INFO: intensity=0.70 seed=1 ep=4 success=True steps=76
2026-03-13 07:55:25,594 trace.runner.sweep_runner INFO: intensity=0.70 seed=1 ep=5 success=True steps=77
2026-03-13 07:55:31,068 trace.runner.sweep_runner INFO: intensity=0.70 seed=1 ep=6 success=True steps=76
2026-03-13 07:55:37,066 trace.runner.sweep_runner INFO: intensity=0.70 seed=1 ep=7 success=True steps=87
2026-03-13 07:55:42,562 trace.runner.sweep_runner INFO: intensity=0.70 seed=1 ep=8 success=True steps=76
2026-03-13 07:55:47,882 trace.runner.sweep_runner INFO: intensity=0.70 seed=1 ep=9 success=True steps=75
2026-03-13 07:55:53,402 trace.runner.sweep_runner INFO: intensity=0.70 seed=2 ep=0 success=True steps=79
2026-03-13 07:56:00,349 trace.runner.sweep_runner INFO: intensity=0.70 seed=2 ep=1 success=True steps=106
2026-03-13 07:56:05,690 trace.runner.sweep_runner INFO: intensity=0.70 seed=2 ep=2 success=True steps=75
2026-03-13 07:56:11,178 trace.runner.sweep_runner INFO: intensity=0.70 seed=2 ep=3 success=True steps=77
2026-03-13 07:56:16,206 trace.runner.sweep_runner INFO: intensity=0.70 seed=2 ep=4 success=True steps=69
2026-03-13 07:56:21,383 trace.runner.sweep_runner INFO: intensity=0.70 seed=2 ep=5 success=True steps=72
2026-03-13 07:56:26,581 trace.runner.sweep_runner INFO: intensity=0.70 seed=2 ep=6 success=True steps=72
2026-03-13 07:56:32,238 trace.runner.sweep_runner INFO: intensity=0.70 seed=2 ep=7 success=True steps=80
2026-03-13 07:56:37,924 trace.runner.sweep_runner INFO: intensity=0.70 seed=2 ep=8 success=True steps=81
2026-03-13 07:56:43,197 trace.runner.sweep_runner INFO: intensity=0.70 seed=2 ep=9 success=True steps=73
2026-03-13 07:56:53,860 trace.runner.sweep_runner INFO: intensity=0.70 seed=3 ep=0 success=True steps=172
2026-03-13 07:56:59,418 trace.runner.sweep_runner INFO: intensity=0.70 seed=3 ep=1 success=True steps=80
2026-03-13 07:57:05,695 trace.runner.sweep_runner INFO: intensity=0.70 seed=3 ep=2 success=True steps=89
2026-03-13 07:57:11,541 trace.runner.sweep_runner INFO: intensity=0.70 seed=3 ep=3 success=True steps=82
2026-03-13 07:57:16,841 trace.runner.sweep_runner INFO: intensity=0.70 seed=3 ep=4 success=True steps=74
2026-03-13 07:57:26,009 trace.runner.sweep_runner INFO: intensity=0.70 seed=3 ep=5 success=True steps=147
2026-03-13 07:57:31,480 trace.runner.sweep_runner INFO: intensity=0.70 seed=3 ep=6 success=True steps=75
2026-03-13 07:57:37,450 trace.runner.sweep_runner INFO: intensity=0.70 seed=3 ep=7 success=True steps=85
2026-03-13 07:57:43,052 trace.runner.sweep_runner INFO: intensity=0.70 seed=3 ep=8 success=True steps=78
2026-03-13 07:57:48,374 trace.runner.sweep_runner INFO: intensity=0.70 seed=3 ep=9 success=True steps=74
2026-03-13 07:57:53,906 trace.runner.sweep_runner INFO: intensity=0.70 seed=4 ep=0 success=True steps=78
2026-03-13 07:57:59,156 trace.runner.sweep_runner INFO: intensity=0.70 seed=4 ep=1 success=True steps=74
2026-03-13 07:58:04,605 trace.runner.sweep_runner INFO: intensity=0.70 seed=4 ep=2 success=True steps=76
2026-03-13 07:58:09,896 trace.runner.sweep_runner INFO: intensity=0.70 seed=4 ep=3 success=True steps=75
2026-03-13 07:58:15,128 trace.runner.sweep_runner INFO: intensity=0.70 seed=4 ep=4 success=True steps=74
2026-03-13 07:58:20,643 trace.runner.sweep_runner INFO: intensity=0.70 seed=4 ep=5 success=True steps=79
2026-03-13 07:58:26,013 trace.runner.sweep_runner INFO: intensity=0.70 seed=4 ep=6 success=True steps=73
2026-03-13 07:58:31,392 trace.runner.sweep_runner INFO: intensity=0.70 seed=4 ep=7 success=True steps=75
2026-03-13 07:58:37,460 trace.runner.sweep_runner INFO: intensity=0.70 seed=4 ep=8 success=True steps=86
2026-03-13 07:58:42,675 trace.runner.sweep_runner INFO: intensity=0.70 seed=4 ep=9 success=True steps=71
2026-03-13 07:58:48,106 trace.runner.sweep_runner INFO: intensity=1.00 seed=0 ep=0 success=True steps=76
2026-03-13 07:59:01,401 trace.runner.sweep_runner INFO: intensity=1.00 seed=0 ep=1 success=False steps=220
2026-03-13 07:59:07,119 trace.runner.sweep_runner INFO: intensity=1.00 seed=0 ep=2 success=True steps=84
2026-03-13 07:59:12,516 trace.runner.sweep_runner INFO: intensity=1.00 seed=0 ep=3 success=True steps=74
2026-03-13 07:59:26,593 trace.runner.sweep_runner INFO: intensity=1.00 seed=0 ep=4 success=False steps=220
2026-03-13 07:59:32,166 trace.runner.sweep_runner INFO: intensity=1.00 seed=0 ep=5 success=True steps=77
2026-03-13 07:59:37,548 trace.runner.sweep_runner INFO: intensity=1.00 seed=0 ep=6 success=True steps=73
2026-03-13 07:59:43,690 trace.runner.sweep_runner INFO: intensity=1.00 seed=0 ep=7 success=True steps=86
2026-03-13 07:59:49,160 trace.runner.sweep_runner INFO: intensity=1.00 seed=0 ep=8 success=True steps=76
2026-03-13 08:00:04,084 trace.runner.sweep_runner INFO: intensity=1.00 seed=0 ep=9 success=False steps=220
2026-03-13 08:00:09,609 trace.runner.sweep_runner INFO: intensity=1.00 seed=1 ep=0 success=True steps=76
2026-03-13 08:00:24,012 trace.runner.sweep_runner INFO: intensity=1.00 seed=1 ep=1 success=False steps=220
2026-03-13 08:00:29,591 trace.runner.sweep_runner INFO: intensity=1.00 seed=1 ep=2 success=True steps=80
2026-03-13 08:00:35,233 trace.runner.sweep_runner INFO: intensity=1.00 seed=1 ep=3 success=True steps=80
2026-03-13 08:00:40,493 trace.runner.sweep_runner INFO: intensity=1.00 seed=1 ep=4 success=True steps=73
2026-03-13 08:00:45,985 trace.runner.sweep_runner INFO: intensity=1.00 seed=1 ep=5 success=True steps=78
2026-03-13 08:00:51,371 trace.runner.sweep_runner INFO: intensity=1.00 seed=1 ep=6 success=True steps=75
2026-03-13 08:00:57,209 trace.runner.sweep_runner INFO: intensity=1.00 seed=1 ep=7 success=True steps=81
2026-03-13 08:01:03,154 trace.runner.sweep_runner INFO: intensity=1.00 seed=1 ep=8 success=True steps=84
2026-03-13 08:01:08,565 trace.runner.sweep_runner INFO: intensity=1.00 seed=1 ep=9 success=True steps=77
2026-03-13 08:01:14,325 trace.runner.sweep_runner INFO: intensity=1.00 seed=2 ep=0 success=True steps=81
2026-03-13 08:01:23,506 trace.runner.sweep_runner INFO: intensity=1.00 seed=2 ep=1 success=True steps=149
2026-03-13 08:01:29,268 trace.runner.sweep_runner INFO: intensity=1.00 seed=2 ep=2 success=True steps=81
2026-03-13 08:01:34,696 trace.runner.sweep_runner INFO: intensity=1.00 seed=2 ep=3 success=True steps=77
2026-03-13 08:01:39,922 trace.runner.sweep_runner INFO: intensity=1.00 seed=2 ep=4 success=True steps=73
2026-03-13 08:01:45,161 trace.runner.sweep_runner INFO: intensity=1.00 seed=2 ep=5 success=True steps=74
2026-03-13 08:01:50,282 trace.runner.sweep_runner INFO: intensity=1.00 seed=2 ep=6 success=True steps=70
2026-03-13 08:01:56,093 trace.runner.sweep_runner INFO: intensity=1.00 seed=2 ep=7 success=True steps=82
2026-03-13 08:02:01,973 trace.runner.sweep_runner INFO: intensity=1.00 seed=2 ep=8 success=True steps=85
2026-03-13 08:02:07,243 trace.runner.sweep_runner INFO: intensity=1.00 seed=2 ep=9 success=True steps=73
2026-03-13 08:02:14,561 trace.runner.sweep_runner INFO: intensity=1.00 seed=3 ep=0 success=True steps=112
2026-03-13 08:02:21,529 trace.runner.sweep_runner INFO: intensity=1.00 seed=3 ep=1 success=True steps=106
2026-03-13 08:02:27,582 trace.runner.sweep_runner INFO: intensity=1.00 seed=3 ep=2 success=True steps=87
2026-03-13 08:02:33,172 trace.runner.sweep_runner INFO: intensity=1.00 seed=3 ep=3 success=True steps=79
2026-03-13 08:02:38,400 trace.runner.sweep_runner INFO: intensity=1.00 seed=3 ep=4 success=True steps=71
2026-03-13 08:02:45,743 trace.runner.sweep_runner INFO: intensity=1.00 seed=3 ep=5 success=True steps=94
2026-03-13 08:02:51,013 trace.runner.sweep_runner INFO: intensity=1.00 seed=3 ep=6 success=True steps=73
2026-03-13 08:02:56,482 trace.runner.sweep_runner INFO: intensity=1.00 seed=3 ep=7 success=True steps=75
2026-03-13 08:03:01,795 trace.runner.sweep_runner INFO: intensity=1.00 seed=3 ep=8 success=True steps=74
2026-03-13 08:03:06,835 trace.runner.sweep_runner INFO: intensity=1.00 seed=3 ep=9 success=True steps=70
2026-03-13 08:03:21,821 trace.runner.sweep_runner INFO: intensity=1.00 seed=4 ep=0 success=False steps=220
2026-03-13 08:03:27,288 trace.runner.sweep_runner INFO: intensity=1.00 seed=4 ep=1 success=True steps=76
2026-03-13 08:03:32,927 trace.runner.sweep_runner INFO: intensity=1.00 seed=4 ep=2 success=True steps=76
2026-03-13 08:03:38,449 trace.runner.sweep_runner INFO: intensity=1.00 seed=4 ep=3 success=True steps=77
2026-03-13 08:03:43,937 trace.runner.sweep_runner INFO: intensity=1.00 seed=4 ep=4 success=True steps=76
2026-03-13 08:03:49,185 trace.runner.sweep_runner INFO: intensity=1.00 seed=4 ep=5 success=True steps=75
2026-03-13 08:03:54,512 trace.runner.sweep_runner INFO: intensity=1.00 seed=4 ep=6 success=True steps=72
2026-03-13 08:04:07,947 trace.runner.sweep_runner INFO: intensity=1.00 seed=4 ep=7 success=False steps=220
2026-03-13 08:04:13,688 trace.runner.sweep_runner INFO: intensity=1.00 seed=4 ep=8 success=True steps=83
2026-03-13 08:04:18,772 trace.runner.sweep_runner INFO: intensity=1.00 seed=4 ep=9 success=True steps=68
2026-03-13 08:04:18,779 __main__ INFO:   baseline=100%, max_degradation=12%, breakpoint=none
2026-03-13 08:04:18,782 __main__ INFO:   Report updated: output/reports/report_Pi0PolicyAdapter_libero_20260313_054143.md (3/9 stressors)
2026-03-13 08:04:18,782 __main__ INFO: Running sweep 4/9: EmbodimentStressor
2026-03-13 08:04:23,979 trace.runner.sweep_runner INFO: intensity=0.00 seed=0 ep=0 success=True steps=73
2026-03-13 08:04:30,847 trace.runner.sweep_runner INFO: intensity=0.00 seed=0 ep=1 success=True steps=105
2026-03-13 08:04:36,576 trace.runner.sweep_runner INFO: intensity=0.00 seed=0 ep=2 success=True steps=81
2026-03-13 08:04:42,089 trace.runner.sweep_runner INFO: intensity=0.00 seed=0 ep=3 success=True steps=77
2026-03-13 08:04:47,687 trace.runner.sweep_runner INFO: intensity=0.00 seed=0 ep=4 success=True steps=77
2026-03-13 08:04:53,200 trace.runner.sweep_runner INFO: intensity=0.00 seed=0 ep=5 success=True steps=78
2026-03-13 08:04:58,290 trace.runner.sweep_runner INFO: intensity=0.00 seed=0 ep=6 success=True steps=69
2026-03-13 08:05:04,096 trace.runner.sweep_runner INFO: intensity=0.00 seed=0 ep=7 success=True steps=81
2026-03-13 08:05:09,745 trace.runner.sweep_runner INFO: intensity=0.00 seed=0 ep=8 success=True steps=80
2026-03-13 08:05:15,161 trace.runner.sweep_runner INFO: intensity=0.00 seed=0 ep=9 success=True steps=76
2026-03-13 08:05:20,807 trace.runner.sweep_runner INFO: intensity=0.00 seed=1 ep=0 success=True steps=80
2026-03-13 08:05:26,177 trace.runner.sweep_runner INFO: intensity=0.00 seed=1 ep=1 success=True steps=76
2026-03-13 08:05:31,167 trace.runner.sweep_runner INFO: intensity=0.00 seed=1 ep=2 success=True steps=73
2026-03-13 08:05:36,613 trace.runner.sweep_runner INFO: intensity=0.00 seed=1 ep=3 success=True steps=75
2026-03-13 08:05:41,811 trace.runner.sweep_runner INFO: intensity=0.00 seed=1 ep=4 success=True steps=72
2026-03-13 08:05:47,538 trace.runner.sweep_runner INFO: intensity=0.00 seed=1 ep=5 success=True steps=82
2026-03-13 08:05:52,834 trace.runner.sweep_runner INFO: intensity=0.00 seed=1 ep=6 success=True steps=75
2026-03-13 08:05:58,697 trace.runner.sweep_runner INFO: intensity=0.00 seed=1 ep=7 success=True steps=82
2026-03-13 08:06:04,524 trace.runner.sweep_runner INFO: intensity=0.00 seed=1 ep=8 success=True steps=82
2026-03-13 08:06:09,866 trace.runner.sweep_runner INFO: intensity=0.00 seed=1 ep=9 success=True steps=75
2026-03-13 08:06:15,356 trace.runner.sweep_runner INFO: intensity=0.00 seed=2 ep=0 success=True steps=77
2026-03-13 08:06:22,515 trace.runner.sweep_runner INFO: intensity=0.00 seed=2 ep=1 success=True steps=110
2026-03-13 08:06:27,911 trace.runner.sweep_runner INFO: intensity=0.00 seed=2 ep=2 success=True steps=78
2026-03-13 08:06:33,395 trace.runner.sweep_runner INFO: intensity=0.00 seed=2 ep=3 success=True steps=77
2026-03-13 08:06:38,434 trace.runner.sweep_runner INFO: intensity=0.00 seed=2 ep=4 success=True steps=70
2026-03-13 08:06:43,670 trace.runner.sweep_runner INFO: intensity=0.00 seed=2 ep=5 success=True steps=72
2026-03-13 08:06:48,803 trace.runner.sweep_runner INFO: intensity=0.00 seed=2 ep=6 success=True steps=70
2026-03-13 08:06:54,651 trace.runner.sweep_runner INFO: intensity=0.00 seed=2 ep=7 success=True steps=82
2026-03-13 08:07:00,193 trace.runner.sweep_runner INFO: intensity=0.00 seed=2 ep=8 success=True steps=77
2026-03-13 08:07:05,400 trace.runner.sweep_runner INFO: intensity=0.00 seed=2 ep=9 success=True steps=73
2026-03-13 08:07:12,482 trace.runner.sweep_runner INFO: intensity=0.00 seed=3 ep=0 success=True steps=106
2026-03-13 08:07:19,478 trace.runner.sweep_runner INFO: intensity=0.00 seed=3 ep=1 success=True steps=106
2026-03-13 08:07:25,207 trace.runner.sweep_runner INFO: intensity=0.00 seed=3 ep=2 success=True steps=85
2026-03-13 08:07:30,674 trace.runner.sweep_runner INFO: intensity=0.00 seed=3 ep=3 success=True steps=76
2026-03-13 08:07:36,164 trace.runner.sweep_runner INFO: intensity=0.00 seed=3 ep=4 success=True steps=76
2026-03-13 08:07:42,977 trace.runner.sweep_runner INFO: intensity=0.00 seed=3 ep=5 success=True steps=105
2026-03-13 08:07:48,298 trace.runner.sweep_runner INFO: intensity=0.00 seed=3 ep=6 success=True steps=72
2026-03-13 08:07:54,005 trace.runner.sweep_runner INFO: intensity=0.00 seed=3 ep=7 success=True steps=80
2026-03-13 08:07:59,926 trace.runner.sweep_runner INFO: intensity=0.00 seed=3 ep=8 success=True steps=84
2026-03-13 08:08:05,277 trace.runner.sweep_runner INFO: intensity=0.00 seed=3 ep=9 success=True steps=74
2026-03-13 08:08:10,787 trace.runner.sweep_runner INFO: intensity=0.00 seed=4 ep=0 success=True steps=77
2026-03-13 08:08:16,255 trace.runner.sweep_runner INFO: intensity=0.00 seed=4 ep=1 success=True steps=79
2026-03-13 08:08:21,507 trace.runner.sweep_runner INFO: intensity=0.00 seed=4 ep=2 success=True steps=76
2026-03-13 08:08:26,788 trace.runner.sweep_runner INFO: intensity=0.00 seed=4 ep=3 success=True steps=73
2026-03-13 08:08:32,297 trace.runner.sweep_runner INFO: intensity=0.00 seed=4 ep=4 success=True steps=77
2026-03-13 08:08:37,902 trace.runner.sweep_runner INFO: intensity=0.00 seed=4 ep=5 success=True steps=79
2026-03-13 08:08:42,953 trace.runner.sweep_runner INFO: intensity=0.00 seed=4 ep=6 success=True steps=68
2026-03-13 08:08:48,545 trace.runner.sweep_runner INFO: intensity=0.00 seed=4 ep=7 success=True steps=76
2026-03-13 08:08:54,408 trace.runner.sweep_runner INFO: intensity=0.00 seed=4 ep=8 success=True steps=83
2026-03-13 08:08:59,847 trace.runner.sweep_runner INFO: intensity=0.00 seed=4 ep=9 success=True steps=75
2026-03-13 08:09:13,497 trace.runner.sweep_runner INFO: intensity=0.10 seed=0 ep=0 success=False steps=220
2026-03-13 08:09:20,540 trace.runner.sweep_runner INFO: intensity=0.10 seed=0 ep=1 success=True steps=106
2026-03-13 08:09:26,657 trace.runner.sweep_runner INFO: intensity=0.10 seed=0 ep=2 success=True steps=84
2026-03-13 08:09:32,262 trace.runner.sweep_runner INFO: intensity=0.10 seed=0 ep=3 success=True steps=82
2026-03-13 08:09:39,039 trace.runner.sweep_runner INFO: intensity=0.10 seed=0 ep=4 success=True steps=103
2026-03-13 08:09:44,107 trace.runner.sweep_runner INFO: intensity=0.10 seed=0 ep=5 success=True steps=70
2026-03-13 08:09:49,076 trace.runner.sweep_runner INFO: intensity=0.10 seed=0 ep=6 success=True steps=67
2026-03-13 08:09:55,050 trace.runner.sweep_runner INFO: intensity=0.10 seed=0 ep=7 success=True steps=85
2026-03-13 08:10:00,731 trace.runner.sweep_runner INFO: intensity=0.10 seed=0 ep=8 success=True steps=77
2026-03-13 08:10:06,094 trace.runner.sweep_runner INFO: intensity=0.10 seed=0 ep=9 success=True steps=78
2026-03-13 08:10:11,926 trace.runner.sweep_runner INFO: intensity=0.10 seed=1 ep=0 success=True steps=82
2026-03-13 08:10:18,516 trace.runner.sweep_runner INFO: intensity=0.10 seed=1 ep=1 success=True steps=102
2026-03-13 08:10:23,872 trace.runner.sweep_runner INFO: intensity=0.10 seed=1 ep=2 success=True steps=75
2026-03-13 08:10:29,160 trace.runner.sweep_runner INFO: intensity=0.10 seed=1 ep=3 success=True steps=75
2026-03-13 08:10:34,764 trace.runner.sweep_runner INFO: intensity=0.10 seed=1 ep=4 success=True steps=77
2026-03-13 08:10:40,521 trace.runner.sweep_runner INFO: intensity=0.10 seed=1 ep=5 success=True steps=80
2026-03-13 08:10:45,800 trace.runner.sweep_runner INFO: intensity=0.10 seed=1 ep=6 success=True steps=74
2026-03-13 08:10:51,833 trace.runner.sweep_runner INFO: intensity=0.10 seed=1 ep=7 success=True steps=86
2026-03-13 08:10:57,480 trace.runner.sweep_runner INFO: intensity=0.10 seed=1 ep=8 success=True steps=81
2026-03-13 08:11:02,931 trace.runner.sweep_runner INFO: intensity=0.10 seed=1 ep=9 success=True steps=77
2026-03-13 08:11:08,502 trace.runner.sweep_runner INFO: intensity=0.10 seed=2 ep=0 success=True steps=80
2026-03-13 08:11:17,426 trace.runner.sweep_runner INFO: intensity=0.10 seed=2 ep=1 success=True steps=141
2026-03-13 08:11:24,686 trace.runner.sweep_runner INFO: intensity=0.10 seed=2 ep=2 success=True steps=111
2026-03-13 08:11:30,477 trace.runner.sweep_runner INFO: intensity=0.10 seed=2 ep=3 success=True steps=84
2026-03-13 08:11:35,421 trace.runner.sweep_runner INFO: intensity=0.10 seed=2 ep=4 success=True steps=69
2026-03-13 08:11:40,748 trace.runner.sweep_runner INFO: intensity=0.10 seed=2 ep=5 success=True steps=72
2026-03-13 08:11:47,926 trace.runner.sweep_runner INFO: intensity=0.10 seed=2 ep=6 success=True steps=107
2026-03-13 08:11:53,929 trace.runner.sweep_runner INFO: intensity=0.10 seed=2 ep=7 success=True steps=83
2026-03-13 08:11:59,659 trace.runner.sweep_runner INFO: intensity=0.10 seed=2 ep=8 success=True steps=81
2026-03-13 08:12:05,007 trace.runner.sweep_runner INFO: intensity=0.10 seed=2 ep=9 success=True steps=75
2026-03-13 08:12:10,814 trace.runner.sweep_runner INFO: intensity=0.10 seed=3 ep=0 success=True steps=83
2026-03-13 08:12:18,156 trace.runner.sweep_runner INFO: intensity=0.10 seed=3 ep=1 success=True steps=111
2026-03-13 08:12:23,949 trace.runner.sweep_runner INFO: intensity=0.10 seed=3 ep=2 success=True steps=85
2026-03-13 08:12:29,206 trace.runner.sweep_runner INFO: intensity=0.10 seed=3 ep=3 success=True steps=74
2026-03-13 08:12:34,520 trace.runner.sweep_runner INFO: intensity=0.10 seed=3 ep=4 success=True steps=75
2026-03-13 08:12:39,693 trace.runner.sweep_runner INFO: intensity=0.10 seed=3 ep=5 success=True steps=74
2026-03-13 08:12:45,090 trace.runner.sweep_runner INFO: intensity=0.10 seed=3 ep=6 success=True steps=75
2026-03-13 08:12:50,887 trace.runner.sweep_runner INFO: intensity=0.10 seed=3 ep=7 success=True steps=83
2026-03-13 08:12:56,562 trace.runner.sweep_runner INFO: intensity=0.10 seed=3 ep=8 success=True steps=79
2026-03-13 08:13:01,790 trace.runner.sweep_runner INFO: intensity=0.10 seed=3 ep=9 success=True steps=73
2026-03-13 08:13:07,316 trace.runner.sweep_runner INFO: intensity=0.10 seed=4 ep=0 success=True steps=78
2026-03-13 08:13:12,887 trace.runner.sweep_runner INFO: intensity=0.10 seed=4 ep=1 success=True steps=80
2026-03-13 08:13:18,689 trace.runner.sweep_runner INFO: intensity=0.10 seed=4 ep=2 success=True steps=79
2026-03-13 08:13:24,080 trace.runner.sweep_runner INFO: intensity=0.10 seed=4 ep=3 success=True steps=73
2026-03-13 08:13:29,547 trace.runner.sweep_runner INFO: intensity=0.10 seed=4 ep=4 success=True steps=77
2026-03-13 08:13:34,992 trace.runner.sweep_runner INFO: intensity=0.10 seed=4 ep=5 success=True steps=76
2026-03-13 08:13:40,315 trace.runner.sweep_runner INFO: intensity=0.10 seed=4 ep=6 success=True steps=74
2026-03-13 08:13:48,065 trace.runner.sweep_runner INFO: intensity=0.10 seed=4 ep=7 success=True steps=120
2026-03-13 08:13:53,927 trace.runner.sweep_runner INFO: intensity=0.10 seed=4 ep=8 success=True steps=83
2026-03-13 08:13:59,165 trace.runner.sweep_runner INFO: intensity=0.10 seed=4 ep=9 success=True steps=72
2026-03-13 08:14:04,465 trace.runner.sweep_runner INFO: intensity=0.20 seed=0 ep=0 success=True steps=73
2026-03-13 08:14:11,771 trace.runner.sweep_runner INFO: intensity=0.20 seed=0 ep=1 success=True steps=112
2026-03-13 08:14:17,720 trace.runner.sweep_runner INFO: intensity=0.20 seed=0 ep=2 success=True steps=80
2026-03-13 08:14:23,520 trace.runner.sweep_runner INFO: intensity=0.20 seed=0 ep=3 success=True steps=82
2026-03-13 08:14:28,814 trace.runner.sweep_runner INFO: intensity=0.20 seed=0 ep=4 success=True steps=77
2026-03-13 08:14:34,430 trace.runner.sweep_runner INFO: intensity=0.20 seed=0 ep=5 success=True steps=78
2026-03-13 08:14:41,712 trace.runner.sweep_runner INFO: intensity=0.20 seed=0 ep=6 success=True steps=107
2026-03-13 08:14:47,581 trace.runner.sweep_runner INFO: intensity=0.20 seed=0 ep=7 success=True steps=82
2026-03-13 08:14:52,921 trace.runner.sweep_runner INFO: intensity=0.20 seed=0 ep=8 success=True steps=75
2026-03-13 08:14:58,388 trace.runner.sweep_runner INFO: intensity=0.20 seed=0 ep=9 success=True steps=80
2026-03-13 08:15:04,290 trace.runner.sweep_runner INFO: intensity=0.20 seed=1 ep=0 success=True steps=83
2026-03-13 08:15:11,288 trace.runner.sweep_runner INFO: intensity=0.20 seed=1 ep=1 success=True steps=106
2026-03-13 08:15:18,232 trace.runner.sweep_runner INFO: intensity=0.20 seed=1 ep=2 success=True steps=107
2026-03-13 08:15:23,729 trace.runner.sweep_runner INFO: intensity=0.20 seed=1 ep=3 success=True steps=78
2026-03-13 08:15:29,045 trace.runner.sweep_runner INFO: intensity=0.20 seed=1 ep=4 success=True steps=75
2026-03-13 08:15:34,562 trace.runner.sweep_runner INFO: intensity=0.20 seed=1 ep=5 success=True steps=79
2026-03-13 08:15:39,954 trace.runner.sweep_runner INFO: intensity=0.20 seed=1 ep=6 success=True steps=75
2026-03-13 08:15:45,495 trace.runner.sweep_runner INFO: intensity=0.20 seed=1 ep=7 success=True steps=77
2026-03-13 08:15:51,382 trace.runner.sweep_runner INFO: intensity=0.20 seed=1 ep=8 success=True steps=83
2026-03-13 08:15:58,496 trace.runner.sweep_runner INFO: intensity=0.20 seed=1 ep=9 success=True steps=108
2026-03-13 08:16:04,030 trace.runner.sweep_runner INFO: intensity=0.20 seed=2 ep=0 success=True steps=77
2026-03-13 08:16:11,134 trace.runner.sweep_runner INFO: intensity=0.20 seed=2 ep=1 success=True steps=108
2026-03-13 08:16:19,480 trace.runner.sweep_runner INFO: intensity=0.20 seed=2 ep=2 success=True steps=130
2026-03-13 08:16:25,605 trace.runner.sweep_runner INFO: intensity=0.20 seed=2 ep=3 success=True steps=88
2026-03-13 08:16:30,921 trace.runner.sweep_runner INFO: intensity=0.20 seed=2 ep=4 success=True steps=72
2026-03-13 08:16:36,398 trace.runner.sweep_runner INFO: intensity=0.20 seed=2 ep=5 success=True steps=77
2026-03-13 08:16:41,692 trace.runner.sweep_runner INFO: intensity=0.20 seed=2 ep=6 success=True steps=71
2026-03-13 08:16:47,949 trace.runner.sweep_runner INFO: intensity=0.20 seed=2 ep=7 success=True steps=87
2026-03-13 08:16:53,953 trace.runner.sweep_runner INFO: intensity=0.20 seed=2 ep=8 success=True steps=83
2026-03-13 08:16:59,231 trace.runner.sweep_runner INFO: intensity=0.20 seed=2 ep=9 success=True steps=74
2026-03-13 08:17:06,298 trace.runner.sweep_runner INFO: intensity=0.20 seed=3 ep=0 success=True steps=108
2026-03-13 08:17:14,067 trace.runner.sweep_runner INFO: intensity=0.20 seed=3 ep=1 success=True steps=117
2026-03-13 08:17:20,095 trace.runner.sweep_runner INFO: intensity=0.20 seed=3 ep=2 success=True steps=86
2026-03-13 08:17:25,549 trace.runner.sweep_runner INFO: intensity=0.20 seed=3 ep=3 success=True steps=75
2026-03-13 08:17:30,826 trace.runner.sweep_runner INFO: intensity=0.20 seed=3 ep=4 success=True steps=72
2026-03-13 08:17:37,692 trace.runner.sweep_runner INFO: intensity=0.20 seed=3 ep=5 success=True steps=104
2026-03-13 08:17:42,978 trace.runner.sweep_runner INFO: intensity=0.20 seed=3 ep=6 success=True steps=72
2026-03-13 08:17:49,081 trace.runner.sweep_runner INFO: intensity=0.20 seed=3 ep=7 success=True steps=86
2026-03-13 08:17:54,742 trace.runner.sweep_runner INFO: intensity=0.20 seed=3 ep=8 success=True steps=82
2026-03-13 08:17:59,909 trace.runner.sweep_runner INFO: intensity=0.20 seed=3 ep=9 success=True steps=73
2026-03-13 08:18:07,109 trace.runner.sweep_runner INFO: intensity=0.20 seed=4 ep=0 success=True steps=110
2026-03-13 08:18:12,472 trace.runner.sweep_runner INFO: intensity=0.20 seed=4 ep=1 success=True steps=76
2026-03-13 08:18:19,598 trace.runner.sweep_runner INFO: intensity=0.20 seed=4 ep=2 success=True steps=110
2026-03-13 08:18:24,681 trace.runner.sweep_runner INFO: intensity=0.20 seed=4 ep=3 success=True steps=70
2026-03-13 08:18:30,054 trace.runner.sweep_runner INFO: intensity=0.20 seed=4 ep=4 success=True steps=75
2026-03-13 08:18:35,271 trace.runner.sweep_runner INFO: intensity=0.20 seed=4 ep=5 success=True steps=74
2026-03-13 08:18:40,592 trace.runner.sweep_runner INFO: intensity=0.20 seed=4 ep=6 success=True steps=72
2026-03-13 08:18:50,743 trace.runner.sweep_runner INFO: intensity=0.20 seed=4 ep=7 success=True steps=164
2026-03-13 08:18:56,452 trace.runner.sweep_runner INFO: intensity=0.20 seed=4 ep=8 success=True steps=80
2026-03-13 08:19:01,616 trace.runner.sweep_runner INFO: intensity=0.20 seed=4 ep=9 success=True steps=73
2026-03-13 08:19:06,722 trace.runner.sweep_runner INFO: intensity=0.30 seed=0 ep=0 success=True steps=71
2026-03-13 08:19:13,968 trace.runner.sweep_runner INFO: intensity=0.30 seed=0 ep=1 success=True steps=110
2026-03-13 08:19:19,874 trace.runner.sweep_runner INFO: intensity=0.30 seed=0 ep=2 success=True steps=81
2026-03-13 08:19:26,466 trace.runner.sweep_runner INFO: intensity=0.30 seed=0 ep=3 success=True steps=103
2026-03-13 08:19:31,960 trace.runner.sweep_runner INFO: intensity=0.30 seed=0 ep=4 success=True steps=79
2026-03-13 08:19:36,859 trace.runner.sweep_runner INFO: intensity=0.30 seed=0 ep=5 success=True steps=68
2026-03-13 08:19:42,216 trace.runner.sweep_runner INFO: intensity=0.30 seed=0 ep=6 success=True steps=72
2026-03-13 08:19:48,104 trace.runner.sweep_runner INFO: intensity=0.30 seed=0 ep=7 success=True steps=81
2026-03-13 08:19:53,916 trace.runner.sweep_runner INFO: intensity=0.30 seed=0 ep=8 success=True steps=84
2026-03-13 08:20:00,613 trace.runner.sweep_runner INFO: intensity=0.30 seed=0 ep=9 success=True steps=104
2026-03-13 08:20:06,695 trace.runner.sweep_runner INFO: intensity=0.30 seed=1 ep=0 success=True steps=83
2026-03-13 08:20:11,812 trace.runner.sweep_runner INFO: intensity=0.30 seed=1 ep=1 success=True steps=77
2026-03-13 08:20:18,932 trace.runner.sweep_runner INFO: intensity=0.30 seed=1 ep=2 success=True steps=110
2026-03-13 08:20:24,276 trace.runner.sweep_runner INFO: intensity=0.30 seed=1 ep=3 success=True steps=74
2026-03-13 08:20:29,839 trace.runner.sweep_runner INFO: intensity=0.30 seed=1 ep=4 success=True steps=77
2026-03-13 08:20:35,838 trace.runner.sweep_runner INFO: intensity=0.30 seed=1 ep=5 success=True steps=86
2026-03-13 08:20:41,345 trace.runner.sweep_runner INFO: intensity=0.30 seed=1 ep=6 success=True steps=79
2026-03-13 08:20:47,244 trace.runner.sweep_runner INFO: intensity=0.30 seed=1 ep=7 success=True steps=82
2026-03-13 08:20:52,455 trace.runner.sweep_runner INFO: intensity=0.30 seed=1 ep=8 success=True steps=75
2026-03-13 08:20:58,255 trace.runner.sweep_runner INFO: intensity=0.30 seed=1 ep=9 success=True steps=81
2026-03-13 08:21:03,822 trace.runner.sweep_runner INFO: intensity=0.30 seed=2 ep=0 success=True steps=77
2026-03-13 08:21:10,881 trace.runner.sweep_runner INFO: intensity=0.30 seed=2 ep=1 success=True steps=108
2026-03-13 08:21:16,677 trace.runner.sweep_runner INFO: intensity=0.30 seed=2 ep=2 success=True steps=85
2026-03-13 08:21:22,741 trace.runner.sweep_runner INFO: intensity=0.30 seed=2 ep=3 success=True steps=88
2026-03-13 08:21:29,768 trace.runner.sweep_runner INFO: intensity=0.30 seed=2 ep=4 success=True steps=104
2026-03-13 08:21:34,906 trace.runner.sweep_runner INFO: intensity=0.30 seed=2 ep=5 success=True steps=71
2026-03-13 08:21:39,909 trace.runner.sweep_runner INFO: intensity=0.30 seed=2 ep=6 success=True steps=69
2026-03-13 08:21:46,101 trace.runner.sweep_runner INFO: intensity=0.30 seed=2 ep=7 success=True steps=87
2026-03-13 08:21:52,028 trace.runner.sweep_runner INFO: intensity=0.30 seed=2 ep=8 success=True steps=83
2026-03-13 08:21:57,204 trace.runner.sweep_runner INFO: intensity=0.30 seed=2 ep=9 success=True steps=72
2026-03-13 08:22:03,171 trace.runner.sweep_runner INFO: intensity=0.30 seed=3 ep=0 success=True steps=87
2026-03-13 08:22:10,864 trace.runner.sweep_runner INFO: intensity=0.30 seed=3 ep=1 success=True steps=118
2026-03-13 08:22:17,154 trace.runner.sweep_runner INFO: intensity=0.30 seed=3 ep=2 success=True steps=92
2026-03-13 08:22:22,946 trace.runner.sweep_runner INFO: intensity=0.30 seed=3 ep=3 success=True steps=82
2026-03-13 08:22:28,411 trace.runner.sweep_runner INFO: intensity=0.30 seed=3 ep=4 success=True steps=78
2026-03-13 08:22:33,462 trace.runner.sweep_runner INFO: intensity=0.30 seed=3 ep=5 success=True steps=74
2026-03-13 08:22:38,631 trace.runner.sweep_runner INFO: intensity=0.30 seed=3 ep=6 success=True steps=71
2026-03-13 08:22:44,614 trace.runner.sweep_runner INFO: intensity=0.30 seed=3 ep=7 success=True steps=87
2026-03-13 08:22:50,050 trace.runner.sweep_runner INFO: intensity=0.30 seed=3 ep=8 success=True steps=79
2026-03-13 08:22:55,200 trace.runner.sweep_runner INFO: intensity=0.30 seed=3 ep=9 success=True steps=74
2026-03-13 08:23:00,335 trace.runner.sweep_runner INFO: intensity=0.30 seed=4 ep=0 success=True steps=76
2026-03-13 08:23:05,964 trace.runner.sweep_runner INFO: intensity=0.30 seed=4 ep=1 success=True steps=81
2026-03-13 08:23:11,915 trace.runner.sweep_runner INFO: intensity=0.30 seed=4 ep=2 success=True steps=83
2026-03-13 08:23:17,317 trace.runner.sweep_runner INFO: intensity=0.30 seed=4 ep=3 success=True steps=74
2026-03-13 08:23:22,646 trace.runner.sweep_runner INFO: intensity=0.30 seed=4 ep=4 success=True steps=74
2026-03-13 08:23:28,147 trace.runner.sweep_runner INFO: intensity=0.30 seed=4 ep=5 success=True steps=76
2026-03-13 08:23:33,264 trace.runner.sweep_runner INFO: intensity=0.30 seed=4 ep=6 success=True steps=72
2026-03-13 08:23:38,777 trace.runner.sweep_runner INFO: intensity=0.30 seed=4 ep=7 success=True steps=82
2026-03-13 08:23:44,329 trace.runner.sweep_runner INFO: intensity=0.30 seed=4 ep=8 success=True steps=79
2026-03-13 08:23:49,540 trace.runner.sweep_runner INFO: intensity=0.30 seed=4 ep=9 success=True steps=75
2026-03-13 08:23:56,372 trace.runner.sweep_runner INFO: intensity=0.50 seed=0 ep=0 success=True steps=105
2026-03-13 08:24:03,328 trace.runner.sweep_runner INFO: intensity=0.50 seed=0 ep=1 success=True steps=105
2026-03-13 08:24:09,090 trace.runner.sweep_runner INFO: intensity=0.50 seed=0 ep=2 success=True steps=84
2026-03-13 08:24:14,235 trace.runner.sweep_runner INFO: intensity=0.50 seed=0 ep=3 success=True steps=74
2026-03-13 08:24:19,450 trace.runner.sweep_runner INFO: intensity=0.50 seed=0 ep=4 success=True steps=76
2026-03-13 08:24:24,977 trace.runner.sweep_runner INFO: intensity=0.50 seed=0 ep=5 success=True steps=77
2026-03-13 08:24:29,972 trace.runner.sweep_runner INFO: intensity=0.50 seed=0 ep=6 success=True steps=69
2026-03-13 08:24:35,705 trace.runner.sweep_runner INFO: intensity=0.50 seed=0 ep=7 success=True steps=82
2026-03-13 08:24:42,124 trace.runner.sweep_runner INFO: intensity=0.50 seed=0 ep=8 success=True steps=97
2026-03-13 08:24:48,744 trace.runner.sweep_runner INFO: intensity=0.50 seed=0 ep=9 success=True steps=103
2026-03-13 08:24:54,480 trace.runner.sweep_runner INFO: intensity=0.50 seed=1 ep=0 success=True steps=79
2026-03-13 08:25:00,152 trace.runner.sweep_runner INFO: intensity=0.50 seed=1 ep=1 success=True steps=84
2026-03-13 08:25:05,777 trace.runner.sweep_runner INFO: intensity=0.50 seed=1 ep=2 success=True steps=82
2026-03-13 08:25:11,214 trace.runner.sweep_runner INFO: intensity=0.50 seed=1 ep=3 success=True steps=75
2026-03-13 08:25:16,516 trace.runner.sweep_runner INFO: intensity=0.50 seed=1 ep=4 success=True steps=74
2026-03-13 08:25:21,922 trace.runner.sweep_runner INFO: intensity=0.50 seed=1 ep=5 success=True steps=75
2026-03-13 08:25:27,524 trace.runner.sweep_runner INFO: intensity=0.50 seed=1 ep=6 success=True steps=79
2026-03-13 08:25:35,538 trace.runner.sweep_runner INFO: intensity=0.50 seed=1 ep=7 success=True steps=122
2026-03-13 08:25:41,140 trace.runner.sweep_runner INFO: intensity=0.50 seed=1 ep=8 success=True steps=82
2026-03-13 08:25:47,001 trace.runner.sweep_runner INFO: intensity=0.50 seed=1 ep=9 success=True steps=84
2026-03-13 08:25:53,121 trace.runner.sweep_runner INFO: intensity=0.50 seed=2 ep=0 success=True steps=89
2026-03-13 08:26:00,635 trace.runner.sweep_runner INFO: intensity=0.50 seed=2 ep=1 success=True steps=115
2026-03-13 08:26:07,848 trace.runner.sweep_runner INFO: intensity=0.50 seed=2 ep=2 success=True steps=108
2026-03-13 08:26:13,179 trace.runner.sweep_runner INFO: intensity=0.50 seed=2 ep=3 success=True steps=77
2026-03-13 08:26:18,429 trace.runner.sweep_runner INFO: intensity=0.50 seed=2 ep=4 success=True steps=73
2026-03-13 08:26:23,546 trace.runner.sweep_runner INFO: intensity=0.50 seed=2 ep=5 success=True steps=73
2026-03-13 08:26:28,938 trace.runner.sweep_runner INFO: intensity=0.50 seed=2 ep=6 success=True steps=75
2026-03-13 08:26:35,172 trace.runner.sweep_runner INFO: intensity=0.50 seed=2 ep=7 success=True steps=85
2026-03-13 08:26:41,055 trace.runner.sweep_runner INFO: intensity=0.50 seed=2 ep=8 success=True steps=85
2026-03-13 08:26:46,407 trace.runner.sweep_runner INFO: intensity=0.50 seed=2 ep=9 success=True steps=74
2026-03-13 08:26:52,266 trace.runner.sweep_runner INFO: intensity=0.50 seed=3 ep=0 success=True steps=85
2026-03-13 08:26:59,497 trace.runner.sweep_runner INFO: intensity=0.50 seed=3 ep=1 success=True steps=112
2026-03-13 08:27:05,154 trace.runner.sweep_runner INFO: intensity=0.50 seed=3 ep=2 success=True steps=85
2026-03-13 08:27:11,251 trace.runner.sweep_runner INFO: intensity=0.50 seed=3 ep=3 success=True steps=87
2026-03-13 08:27:16,828 trace.runner.sweep_runner INFO: intensity=0.50 seed=3 ep=4 success=True steps=78
2026-03-13 08:27:22,245 trace.runner.sweep_runner INFO: intensity=0.50 seed=3 ep=5 success=True steps=80
2026-03-13 08:27:27,425 trace.runner.sweep_runner INFO: intensity=0.50 seed=3 ep=6 success=True steps=70
2026-03-13 08:27:33,313 trace.runner.sweep_runner INFO: intensity=0.50 seed=3 ep=7 success=True steps=86
2026-03-13 08:27:39,047 trace.runner.sweep_runner INFO: intensity=0.50 seed=3 ep=8 success=True steps=85
2026-03-13 08:27:44,329 trace.runner.sweep_runner INFO: intensity=0.50 seed=3 ep=9 success=True steps=76
2026-03-13 08:27:50,190 trace.runner.sweep_runner INFO: intensity=0.50 seed=4 ep=0 success=True steps=87
2026-03-13 08:27:56,032 trace.runner.sweep_runner INFO: intensity=0.50 seed=4 ep=1 success=True steps=84
2026-03-13 08:28:07,509 trace.runner.sweep_runner INFO: intensity=0.50 seed=4 ep=2 success=True steps=189
2026-03-13 08:28:13,224 trace.runner.sweep_runner INFO: intensity=0.50 seed=4 ep=3 success=True steps=79
2026-03-13 08:28:18,780 trace.runner.sweep_runner INFO: intensity=0.50 seed=4 ep=4 success=True steps=77
2026-03-13 08:28:24,578 trace.runner.sweep_runner INFO: intensity=0.50 seed=4 ep=5 success=True steps=81
2026-03-13 08:28:29,915 trace.runner.sweep_runner INFO: intensity=0.50 seed=4 ep=6 success=True steps=72
2026-03-13 08:28:35,493 trace.runner.sweep_runner INFO: intensity=0.50 seed=4 ep=7 success=True steps=81
2026-03-13 08:28:41,264 trace.runner.sweep_runner INFO: intensity=0.50 seed=4 ep=8 success=True steps=81
2026-03-13 08:28:46,480 trace.runner.sweep_runner INFO: intensity=0.50 seed=4 ep=9 success=True steps=75
2026-03-13 08:28:51,774 trace.runner.sweep_runner INFO: intensity=0.70 seed=0 ep=0 success=True steps=72
2026-03-13 08:28:59,232 trace.runner.sweep_runner INFO: intensity=0.70 seed=0 ep=1 success=True steps=112
2026-03-13 08:29:05,310 trace.runner.sweep_runner INFO: intensity=0.70 seed=0 ep=2 success=True steps=87
2026-03-13 08:29:10,515 trace.runner.sweep_runner INFO: intensity=0.70 seed=0 ep=3 success=True steps=74
2026-03-13 08:29:15,812 trace.runner.sweep_runner INFO: intensity=0.70 seed=0 ep=4 success=True steps=78
2026-03-13 08:29:21,185 trace.runner.sweep_runner INFO: intensity=0.70 seed=0 ep=5 success=True steps=75
2026-03-13 08:29:26,317 trace.runner.sweep_runner INFO: intensity=0.70 seed=0 ep=6 success=True steps=70
2026-03-13 08:29:34,451 trace.runner.sweep_runner INFO: intensity=0.70 seed=0 ep=7 success=True steps=123
2026-03-13 08:29:41,054 trace.runner.sweep_runner INFO: intensity=0.70 seed=0 ep=8 success=True steps=100
2026-03-13 08:29:47,612 trace.runner.sweep_runner INFO: intensity=0.70 seed=0 ep=9 success=True steps=105
2026-03-13 08:29:52,900 trace.runner.sweep_runner INFO: intensity=0.70 seed=1 ep=0 success=True steps=71
2026-03-13 08:29:58,053 trace.runner.sweep_runner INFO: intensity=0.70 seed=1 ep=1 success=True steps=78
2026-03-13 08:30:05,020 trace.runner.sweep_runner INFO: intensity=0.70 seed=1 ep=2 success=True steps=110
2026-03-13 08:30:10,397 trace.runner.sweep_runner INFO: intensity=0.70 seed=1 ep=3 success=True steps=75
2026-03-13 08:30:15,788 trace.runner.sweep_runner INFO: intensity=0.70 seed=1 ep=4 success=True steps=74
2026-03-13 08:30:21,596 trace.runner.sweep_runner INFO: intensity=0.70 seed=1 ep=5 success=True steps=81
2026-03-13 08:30:27,035 trace.runner.sweep_runner INFO: intensity=0.70 seed=1 ep=6 success=True steps=76
2026-03-13 08:30:36,542 trace.runner.sweep_runner INFO: intensity=0.70 seed=1 ep=7 success=True steps=150
2026-03-13 08:30:42,339 trace.runner.sweep_runner INFO: intensity=0.70 seed=1 ep=8 success=True steps=86
2026-03-13 08:30:49,861 trace.runner.sweep_runner INFO: intensity=0.70 seed=1 ep=9 success=True steps=116
2026-03-13 08:30:55,398 trace.runner.sweep_runner INFO: intensity=0.70 seed=2 ep=0 success=True steps=79
2026-03-13 08:31:03,797 trace.runner.sweep_runner INFO: intensity=0.70 seed=2 ep=1 success=True steps=131
2026-03-13 08:31:09,205 trace.runner.sweep_runner INFO: intensity=0.70 seed=2 ep=2 success=True steps=77
2026-03-13 08:31:14,402 trace.runner.sweep_runner INFO: intensity=0.70 seed=2 ep=3 success=True steps=71
2026-03-13 08:31:19,664 trace.runner.sweep_runner INFO: intensity=0.70 seed=2 ep=4 success=True steps=73
2026-03-13 08:31:24,969 trace.runner.sweep_runner INFO: intensity=0.70 seed=2 ep=5 success=True steps=75
2026-03-13 08:31:30,247 trace.runner.sweep_runner INFO: intensity=0.70 seed=2 ep=6 success=True steps=72
2026-03-13 08:31:36,285 trace.runner.sweep_runner INFO: intensity=0.70 seed=2 ep=7 success=True steps=83
2026-03-13 08:31:42,217 trace.runner.sweep_runner INFO: intensity=0.70 seed=2 ep=8 success=True steps=84
2026-03-13 08:31:47,357 trace.runner.sweep_runner INFO: intensity=0.70 seed=2 ep=9 success=True steps=74
2026-03-13 08:31:54,566 trace.runner.sweep_runner INFO: intensity=0.70 seed=3 ep=0 success=True steps=108
2026-03-13 08:32:01,880 trace.runner.sweep_runner INFO: intensity=0.70 seed=3 ep=1 success=True steps=114
2026-03-13 08:32:09,668 trace.runner.sweep_runner INFO: intensity=0.70 seed=3 ep=2 success=True steps=121
2026-03-13 08:32:17,048 trace.runner.sweep_runner INFO: intensity=0.70 seed=3 ep=3 success=True steps=109
2026-03-13 08:32:22,658 trace.runner.sweep_runner INFO: intensity=0.70 seed=3 ep=4 success=True steps=79
2026-03-13 08:32:27,545 trace.runner.sweep_runner INFO: intensity=0.70 seed=3 ep=5 success=True steps=72
2026-03-13 08:32:32,355 trace.runner.sweep_runner INFO: intensity=0.70 seed=3 ep=6 success=True steps=70
2026-03-13 08:32:39,143 trace.runner.sweep_runner INFO: intensity=0.70 seed=3 ep=7 success=True steps=107
2026-03-13 08:32:44,843 trace.runner.sweep_runner INFO: intensity=0.70 seed=3 ep=8 success=True steps=87
2026-03-13 08:32:50,048 trace.runner.sweep_runner INFO: intensity=0.70 seed=3 ep=9 success=True steps=77
2026-03-13 08:32:55,681 trace.runner.sweep_runner INFO: intensity=0.70 seed=4 ep=0 success=True steps=87
2026-03-13 08:33:01,137 trace.runner.sweep_runner INFO: intensity=0.70 seed=4 ep=1 success=True steps=76
2026-03-13 08:33:09,049 trace.runner.sweep_runner INFO: intensity=0.70 seed=4 ep=2 success=True steps=126
2026-03-13 08:33:14,326 trace.runner.sweep_runner INFO: intensity=0.70 seed=4 ep=3 success=True steps=73
2026-03-13 08:33:21,715 trace.runner.sweep_runner INFO: intensity=0.70 seed=4 ep=4 success=True steps=111
2026-03-13 08:33:27,246 trace.runner.sweep_runner INFO: intensity=0.70 seed=4 ep=5 success=True steps=79
2026-03-13 08:33:32,756 trace.runner.sweep_runner INFO: intensity=0.70 seed=4 ep=6 success=True steps=77
2026-03-13 08:33:38,303 trace.runner.sweep_runner INFO: intensity=0.70 seed=4 ep=7 success=True steps=81
2026-03-13 08:33:44,433 trace.runner.sweep_runner INFO: intensity=0.70 seed=4 ep=8 success=True steps=86
2026-03-13 08:33:49,691 trace.runner.sweep_runner INFO: intensity=0.70 seed=4 ep=9 success=True steps=75
2026-03-13 08:33:54,820 trace.runner.sweep_runner INFO: intensity=1.00 seed=0 ep=0 success=True steps=71
2026-03-13 08:34:04,157 trace.runner.sweep_runner INFO: intensity=1.00 seed=0 ep=1 success=True steps=146
2026-03-13 08:34:10,160 trace.runner.sweep_runner INFO: intensity=1.00 seed=0 ep=2 success=True steps=87
2026-03-13 08:34:15,347 trace.runner.sweep_runner INFO: intensity=1.00 seed=0 ep=3 success=True steps=76
2026-03-13 08:34:22,006 trace.runner.sweep_runner INFO: intensity=1.00 seed=0 ep=4 success=True steps=108
2026-03-13 08:34:27,161 trace.runner.sweep_runner INFO: intensity=1.00 seed=0 ep=5 success=True steps=70
2026-03-13 08:34:32,245 trace.runner.sweep_runner INFO: intensity=1.00 seed=0 ep=6 success=True steps=69
2026-03-13 08:34:40,534 trace.runner.sweep_runner INFO: intensity=1.00 seed=0 ep=7 success=True steps=123
2026-03-13 08:34:47,035 trace.runner.sweep_runner INFO: intensity=1.00 seed=0 ep=8 success=True steps=98
2026-03-13 08:34:53,888 trace.runner.sweep_runner INFO: intensity=1.00 seed=0 ep=9 success=True steps=113
2026-03-13 08:34:59,481 trace.runner.sweep_runner INFO: intensity=1.00 seed=1 ep=0 success=True steps=76
2026-03-13 08:35:11,773 trace.runner.sweep_runner INFO: intensity=1.00 seed=1 ep=1 success=False steps=220
2026-03-13 08:35:16,953 trace.runner.sweep_runner INFO: intensity=1.00 seed=1 ep=2 success=True steps=76
2026-03-13 08:35:22,911 trace.runner.sweep_runner INFO: intensity=1.00 seed=1 ep=3 success=True steps=85
2026-03-13 08:35:28,286 trace.runner.sweep_runner INFO: intensity=1.00 seed=1 ep=4 success=True steps=74
2026-03-13 08:35:33,671 trace.runner.sweep_runner INFO: intensity=1.00 seed=1 ep=5 success=True steps=74
2026-03-13 08:35:39,082 trace.runner.sweep_runner INFO: intensity=1.00 seed=1 ep=6 success=True steps=75
2026-03-13 08:35:49,760 trace.runner.sweep_runner INFO: intensity=1.00 seed=1 ep=7 success=True steps=172
2026-03-13 08:35:55,438 trace.runner.sweep_runner INFO: intensity=1.00 seed=1 ep=8 success=True steps=89
2026-03-13 08:36:08,894 trace.runner.sweep_runner INFO: intensity=1.00 seed=1 ep=9 success=False steps=220
2026-03-13 08:36:14,533 trace.runner.sweep_runner INFO: intensity=1.00 seed=2 ep=0 success=True steps=80
2026-03-13 08:36:22,200 trace.runner.sweep_runner INFO: intensity=1.00 seed=2 ep=1 success=True steps=117
2026-03-13 08:36:27,742 trace.runner.sweep_runner INFO: intensity=1.00 seed=2 ep=2 success=True steps=77
2026-03-13 08:36:32,855 trace.runner.sweep_runner INFO: intensity=1.00 seed=2 ep=3 success=True steps=73
2026-03-13 08:36:37,877 trace.runner.sweep_runner INFO: intensity=1.00 seed=2 ep=4 success=True steps=68
2026-03-13 08:36:43,151 trace.runner.sweep_runner INFO: intensity=1.00 seed=2 ep=5 success=True steps=78
2026-03-13 08:36:48,164 trace.runner.sweep_runner INFO: intensity=1.00 seed=2 ep=6 success=True steps=68
2026-03-13 08:36:54,157 trace.runner.sweep_runner INFO: intensity=1.00 seed=2 ep=7 success=True steps=85
2026-03-13 08:37:00,266 trace.runner.sweep_runner INFO: intensity=1.00 seed=2 ep=8 success=True steps=85
2026-03-13 08:37:05,173 trace.runner.sweep_runner INFO: intensity=1.00 seed=2 ep=9 success=True steps=69
2026-03-13 08:37:14,093 trace.runner.sweep_runner INFO: intensity=1.00 seed=3 ep=0 success=True steps=139
2026-03-13 08:37:20,920 trace.runner.sweep_runner INFO: intensity=1.00 seed=3 ep=1 success=True steps=105
2026-03-13 08:37:28,799 trace.runner.sweep_runner INFO: intensity=1.00 seed=3 ep=2 success=True steps=122
2026-03-13 08:37:34,232 trace.runner.sweep_runner INFO: intensity=1.00 seed=3 ep=3 success=True steps=74
2026-03-13 08:37:39,730 trace.runner.sweep_runner INFO: intensity=1.00 seed=3 ep=4 success=True steps=77
2026-03-13 08:37:46,056 trace.runner.sweep_runner INFO: intensity=1.00 seed=3 ep=5 success=True steps=102
2026-03-13 08:37:52,019 trace.runner.sweep_runner INFO: intensity=1.00 seed=3 ep=6 success=True steps=84
2026-03-13 08:37:57,805 trace.runner.sweep_runner INFO: intensity=1.00 seed=3 ep=7 success=True steps=86
2026-03-13 08:38:03,155 trace.runner.sweep_runner INFO: intensity=1.00 seed=3 ep=8 success=True steps=81
2026-03-13 08:38:08,202 trace.runner.sweep_runner INFO: intensity=1.00 seed=3 ep=9 success=True steps=73
2026-03-13 08:38:16,789 trace.runner.sweep_runner INFO: intensity=1.00 seed=4 ep=0 success=True steps=148
2026-03-13 08:38:22,388 trace.runner.sweep_runner INFO: intensity=1.00 seed=4 ep=1 success=True steps=78
2026-03-13 08:38:29,457 trace.runner.sweep_runner INFO: intensity=1.00 seed=4 ep=2 success=True steps=115
2026-03-13 08:38:36,670 trace.runner.sweep_runner INFO: intensity=1.00 seed=4 ep=3 success=True steps=110
2026-03-13 08:38:42,197 trace.runner.sweep_runner INFO: intensity=1.00 seed=4 ep=4 success=True steps=78
2026-03-13 08:38:47,991 trace.runner.sweep_runner INFO: intensity=1.00 seed=4 ep=5 success=True steps=82
2026-03-13 08:38:53,594 trace.runner.sweep_runner INFO: intensity=1.00 seed=4 ep=6 success=True steps=78
2026-03-13 08:38:58,917 trace.runner.sweep_runner INFO: intensity=1.00 seed=4 ep=7 success=True steps=78
2026-03-13 08:39:04,733 trace.runner.sweep_runner INFO: intensity=1.00 seed=4 ep=8 success=True steps=82
2026-03-13 08:39:09,833 trace.runner.sweep_runner INFO: intensity=1.00 seed=4 ep=9 success=True steps=73
2026-03-13 08:39:09,836 __main__ INFO:   baseline=100%, max_degradation=4%, breakpoint=none
2026-03-13 08:39:09,838 __main__ INFO:   Report updated: output/reports/report_Pi0PolicyAdapter_libero_20260313_054143.md (4/9 stressors)
2026-03-13 08:39:09,838 __main__ INFO: Running sweep 5/9: LongHorizonDriftStressor
2026-03-13 08:39:15,056 trace.runner.sweep_runner INFO: intensity=0.00 seed=0 ep=0 success=True steps=70
2026-03-13 08:39:22,037 trace.runner.sweep_runner INFO: intensity=0.00 seed=0 ep=1 success=True steps=104
2026-03-13 08:39:27,946 trace.runner.sweep_runner INFO: intensity=0.00 seed=0 ep=2 success=True steps=83
2026-03-13 08:39:33,617 trace.runner.sweep_runner INFO: intensity=0.00 seed=0 ep=3 success=True steps=78
2026-03-13 08:39:39,243 trace.runner.sweep_runner INFO: intensity=0.00 seed=0 ep=4 success=True steps=77
2026-03-13 08:39:44,962 trace.runner.sweep_runner INFO: intensity=0.00 seed=0 ep=5 success=True steps=80
2026-03-13 08:39:50,050 trace.runner.sweep_runner INFO: intensity=0.00 seed=0 ep=6 success=True steps=67
2026-03-13 08:39:56,035 trace.runner.sweep_runner INFO: intensity=0.00 seed=0 ep=7 success=True steps=83
2026-03-13 08:40:01,640 trace.runner.sweep_runner INFO: intensity=0.00 seed=0 ep=8 success=True steps=76
2026-03-13 08:40:08,650 trace.runner.sweep_runner INFO: intensity=0.00 seed=0 ep=9 success=True steps=105
2026-03-13 08:40:14,361 trace.runner.sweep_runner INFO: intensity=0.00 seed=1 ep=0 success=True steps=80
2026-03-13 08:40:19,904 trace.runner.sweep_runner INFO: intensity=0.00 seed=1 ep=1 success=True steps=77
2026-03-13 08:40:25,083 trace.runner.sweep_runner INFO: intensity=0.00 seed=1 ep=2 success=True steps=74
2026-03-13 08:40:30,426 trace.runner.sweep_runner INFO: intensity=0.00 seed=1 ep=3 success=True steps=74
2026-03-13 08:40:35,705 trace.runner.sweep_runner INFO: intensity=0.00 seed=1 ep=4 success=True steps=72
2026-03-13 08:40:41,301 trace.runner.sweep_runner INFO: intensity=0.00 seed=1 ep=5 success=True steps=77
2026-03-13 08:40:46,854 trace.runner.sweep_runner INFO: intensity=0.00 seed=1 ep=6 success=True steps=77
2026-03-13 08:40:52,570 trace.runner.sweep_runner INFO: intensity=0.00 seed=1 ep=7 success=True steps=78
2026-03-13 08:40:58,107 trace.runner.sweep_runner INFO: intensity=0.00 seed=1 ep=8 success=True steps=76
2026-03-13 08:41:03,650 trace.runner.sweep_runner INFO: intensity=0.00 seed=1 ep=9 success=True steps=77
2026-03-13 08:41:09,238 trace.runner.sweep_runner INFO: intensity=0.00 seed=2 ep=0 success=True steps=79
2026-03-13 08:41:14,860 trace.runner.sweep_runner INFO: intensity=0.00 seed=2 ep=1 success=True steps=78
2026-03-13 08:41:22,341 trace.runner.sweep_runner INFO: intensity=0.00 seed=2 ep=2 success=True steps=111
2026-03-13 08:41:27,893 trace.runner.sweep_runner INFO: intensity=0.00 seed=2 ep=3 success=True steps=76
2026-03-13 08:41:33,013 trace.runner.sweep_runner INFO: intensity=0.00 seed=2 ep=4 success=True steps=69
2026-03-13 08:41:38,713 trace.runner.sweep_runner INFO: intensity=0.00 seed=2 ep=5 success=True steps=79
2026-03-13 08:41:44,040 trace.runner.sweep_runner INFO: intensity=0.00 seed=2 ep=6 success=True steps=73
2026-03-13 08:41:50,064 trace.runner.sweep_runner INFO: intensity=0.00 seed=2 ep=7 success=True steps=84
2026-03-13 08:41:55,929 trace.runner.sweep_runner INFO: intensity=0.00 seed=2 ep=8 success=True steps=81
2026-03-13 08:42:01,411 trace.runner.sweep_runner INFO: intensity=0.00 seed=2 ep=9 success=True steps=76
2026-03-13 08:42:08,679 trace.runner.sweep_runner INFO: intensity=0.00 seed=3 ep=0 success=True steps=110
2026-03-13 08:42:15,850 trace.runner.sweep_runner INFO: intensity=0.00 seed=3 ep=1 success=True steps=107
2026-03-13 08:42:21,594 trace.runner.sweep_runner INFO: intensity=0.00 seed=3 ep=2 success=True steps=82
2026-03-13 08:42:27,228 trace.runner.sweep_runner INFO: intensity=0.00 seed=3 ep=3 success=True steps=78
2026-03-13 08:42:32,564 trace.runner.sweep_runner INFO: intensity=0.00 seed=3 ep=4 success=True steps=74
2026-03-13 08:42:39,780 trace.runner.sweep_runner INFO: intensity=0.00 seed=3 ep=5 success=True steps=106
2026-03-13 08:42:45,264 trace.runner.sweep_runner INFO: intensity=0.00 seed=3 ep=6 success=True steps=75
2026-03-13 08:42:51,174 trace.runner.sweep_runner INFO: intensity=0.00 seed=3 ep=7 success=True steps=82
2026-03-13 08:42:57,022 trace.runner.sweep_runner INFO: intensity=0.00 seed=3 ep=8 success=True steps=81
2026-03-13 08:43:02,328 trace.runner.sweep_runner INFO: intensity=0.00 seed=3 ep=9 success=True steps=72
2026-03-13 08:43:07,895 trace.runner.sweep_runner INFO: intensity=0.00 seed=4 ep=0 success=True steps=78
2026-03-13 08:43:13,265 trace.runner.sweep_runner INFO: intensity=0.00 seed=4 ep=1 success=True steps=74
2026-03-13 08:43:18,752 trace.runner.sweep_runner INFO: intensity=0.00 seed=4 ep=2 success=True steps=78
2026-03-13 08:43:24,351 trace.runner.sweep_runner INFO: intensity=0.00 seed=4 ep=3 success=True steps=77
2026-03-13 08:43:29,734 trace.runner.sweep_runner INFO: intensity=0.00 seed=4 ep=4 success=True steps=74
2026-03-13 08:43:35,560 trace.runner.sweep_runner INFO: intensity=0.00 seed=4 ep=5 success=True steps=81
2026-03-13 08:43:40,905 trace.runner.sweep_runner INFO: intensity=0.00 seed=4 ep=6 success=True steps=73
2026-03-13 08:43:46,585 trace.runner.sweep_runner INFO: intensity=0.00 seed=4 ep=7 success=True steps=77
2026-03-13 08:43:52,064 trace.runner.sweep_runner INFO: intensity=0.00 seed=4 ep=8 success=True steps=76
2026-03-13 08:43:57,326 trace.runner.sweep_runner INFO: intensity=0.00 seed=4 ep=9 success=True steps=71
2026-03-13 08:44:02,691 trace.runner.sweep_runner INFO: intensity=0.10 seed=0 ep=0 success=True steps=75
2026-03-13 08:44:09,988 trace.runner.sweep_runner INFO: intensity=0.10 seed=0 ep=1 success=True steps=110
2026-03-13 08:44:15,719 trace.runner.sweep_runner INFO: intensity=0.10 seed=0 ep=2 success=True steps=83
2026-03-13 08:44:20,997 trace.runner.sweep_runner INFO: intensity=0.10 seed=0 ep=3 success=True steps=72
2026-03-13 08:44:26,546 trace.runner.sweep_runner INFO: intensity=0.10 seed=0 ep=4 success=True steps=77
2026-03-13 08:44:31,957 trace.runner.sweep_runner INFO: intensity=0.10 seed=0 ep=5 success=True steps=75
2026-03-13 08:44:37,335 trace.runner.sweep_runner INFO: intensity=0.10 seed=0 ep=6 success=True steps=75
2026-03-13 08:44:43,375 trace.runner.sweep_runner INFO: intensity=0.10 seed=0 ep=7 success=True steps=82
2026-03-13 08:44:49,128 trace.runner.sweep_runner INFO: intensity=0.10 seed=0 ep=8 success=True steps=80
2026-03-13 08:44:56,092 trace.runner.sweep_runner INFO: intensity=0.10 seed=0 ep=9 success=True steps=103
2026-03-13 08:45:01,735 trace.runner.sweep_runner INFO: intensity=0.10 seed=1 ep=0 success=True steps=78
2026-03-13 08:45:08,943 trace.runner.sweep_runner INFO: intensity=0.10 seed=1 ep=1 success=True steps=107
2026-03-13 08:45:14,253 trace.runner.sweep_runner INFO: intensity=0.10 seed=1 ep=2 success=True steps=76
2026-03-13 08:45:19,751 trace.runner.sweep_runner INFO: intensity=0.10 seed=1 ep=3 success=True steps=76
2026-03-13 08:45:25,261 trace.runner.sweep_runner INFO: intensity=0.10 seed=1 ep=4 success=True steps=75
2026-03-13 08:45:30,881 trace.runner.sweep_runner INFO: intensity=0.10 seed=1 ep=5 success=True steps=79
2026-03-13 08:45:36,287 trace.runner.sweep_runner INFO: intensity=0.10 seed=1 ep=6 success=True steps=73
2026-03-13 08:45:41,899 trace.runner.sweep_runner INFO: intensity=0.10 seed=1 ep=7 success=True steps=76
2026-03-13 08:45:47,671 trace.runner.sweep_runner INFO: intensity=0.10 seed=1 ep=8 success=True steps=80
2026-03-13 08:45:53,306 trace.runner.sweep_runner INFO: intensity=0.10 seed=1 ep=9 success=True steps=79
2026-03-13 08:45:58,810 trace.runner.sweep_runner INFO: intensity=0.10 seed=2 ep=0 success=True steps=76
2026-03-13 08:46:05,908 trace.runner.sweep_runner INFO: intensity=0.10 seed=2 ep=1 success=True steps=106
2026-03-13 08:46:11,391 trace.runner.sweep_runner INFO: intensity=0.10 seed=2 ep=2 success=True steps=80
2026-03-13 08:46:17,028 trace.runner.sweep_runner INFO: intensity=0.10 seed=2 ep=3 success=True steps=79
2026-03-13 08:46:22,391 trace.runner.sweep_runner INFO: intensity=0.10 seed=2 ep=4 success=True steps=74
2026-03-13 08:46:28,424 trace.runner.sweep_runner INFO: intensity=0.10 seed=2 ep=5 success=True steps=83
2026-03-13 08:46:33,759 trace.runner.sweep_runner INFO: intensity=0.10 seed=2 ep=6 success=True steps=73
2026-03-13 08:46:39,715 trace.runner.sweep_runner INFO: intensity=0.10 seed=2 ep=7 success=True steps=82
2026-03-13 08:46:45,659 trace.runner.sweep_runner INFO: intensity=0.10 seed=2 ep=8 success=True steps=82
2026-03-13 08:46:51,227 trace.runner.sweep_runner INFO: intensity=0.10 seed=2 ep=9 success=True steps=76
2026-03-13 08:46:56,952 trace.runner.sweep_runner INFO: intensity=0.10 seed=3 ep=0 success=True steps=81
2026-03-13 08:47:04,463 trace.runner.sweep_runner INFO: intensity=0.10 seed=3 ep=1 success=True steps=111
2026-03-13 08:47:10,251 trace.runner.sweep_runner INFO: intensity=0.10 seed=3 ep=2 success=True steps=83
2026-03-13 08:47:15,956 trace.runner.sweep_runner INFO: intensity=0.10 seed=3 ep=3 success=True steps=80
2026-03-13 08:47:21,260 trace.runner.sweep_runner INFO: intensity=0.10 seed=3 ep=4 success=True steps=71
2026-03-13 08:47:26,198 trace.runner.sweep_runner INFO: intensity=0.10 seed=3 ep=5 success=True steps=68
2026-03-13 08:47:31,648 trace.runner.sweep_runner INFO: intensity=0.10 seed=3 ep=6 success=True steps=74
2026-03-13 08:47:37,595 trace.runner.sweep_runner INFO: intensity=0.10 seed=3 ep=7 success=True steps=81
2026-03-13 08:47:43,347 trace.runner.sweep_runner INFO: intensity=0.10 seed=3 ep=8 success=True steps=79
2026-03-13 08:47:48,733 trace.runner.sweep_runner INFO: intensity=0.10 seed=3 ep=9 success=True steps=73
2026-03-13 08:47:54,319 trace.runner.sweep_runner INFO: intensity=0.10 seed=4 ep=0 success=True steps=77
2026-03-13 08:47:59,884 trace.runner.sweep_runner INFO: intensity=0.10 seed=4 ep=1 success=True steps=77
2026-03-13 08:48:07,021 trace.runner.sweep_runner INFO: intensity=0.10 seed=4 ep=2 success=True steps=109
2026-03-13 08:48:12,706 trace.runner.sweep_runner INFO: intensity=0.10 seed=4 ep=3 success=True steps=76
2026-03-13 08:48:18,275 trace.runner.sweep_runner INFO: intensity=0.10 seed=4 ep=4 success=True steps=76
2026-03-13 08:48:23,880 trace.runner.sweep_runner INFO: intensity=0.10 seed=4 ep=5 success=True steps=79
2026-03-13 08:48:28,967 trace.runner.sweep_runner INFO: intensity=0.10 seed=4 ep=6 success=True steps=69
2026-03-13 08:48:34,662 trace.runner.sweep_runner INFO: intensity=0.10 seed=4 ep=7 success=True steps=78
2026-03-13 08:48:40,205 trace.runner.sweep_runner INFO: intensity=0.10 seed=4 ep=8 success=True steps=77
2026-03-13 08:48:45,548 trace.runner.sweep_runner INFO: intensity=0.10 seed=4 ep=9 success=True steps=74
2026-03-13 08:48:51,037 trace.runner.sweep_runner INFO: intensity=0.20 seed=0 ep=0 success=True steps=76
2026-03-13 08:48:56,312 trace.runner.sweep_runner INFO: intensity=0.20 seed=0 ep=1 success=True steps=74
2026-03-13 08:49:02,180 trace.runner.sweep_runner INFO: intensity=0.20 seed=0 ep=2 success=True steps=82
2026-03-13 08:49:07,730 trace.runner.sweep_runner INFO: intensity=0.20 seed=0 ep=3 success=True steps=76
2026-03-13 08:49:13,236 trace.runner.sweep_runner INFO: intensity=0.20 seed=0 ep=4 success=True steps=77
2026-03-13 08:49:18,797 trace.runner.sweep_runner INFO: intensity=0.20 seed=0 ep=5 success=True steps=77
2026-03-13 08:49:24,296 trace.runner.sweep_runner INFO: intensity=0.20 seed=0 ep=6 success=True steps=75
2026-03-13 08:49:29,956 trace.runner.sweep_runner INFO: intensity=0.20 seed=0 ep=7 success=True steps=77
2026-03-13 08:49:36,057 trace.runner.sweep_runner INFO: intensity=0.20 seed=0 ep=8 success=True steps=86
2026-03-13 08:49:43,302 trace.runner.sweep_runner INFO: intensity=0.20 seed=0 ep=9 success=True steps=106
2026-03-13 08:49:48,917 trace.runner.sweep_runner INFO: intensity=0.20 seed=1 ep=0 success=True steps=79
2026-03-13 08:49:56,365 trace.runner.sweep_runner INFO: intensity=0.20 seed=1 ep=1 success=True steps=111
2026-03-13 08:50:02,051 trace.runner.sweep_runner INFO: intensity=0.20 seed=1 ep=2 success=True steps=82
2026-03-13 08:50:07,475 trace.runner.sweep_runner INFO: intensity=0.20 seed=1 ep=3 success=True steps=75
2026-03-13 08:50:12,797 trace.runner.sweep_runner INFO: intensity=0.20 seed=1 ep=4 success=True steps=71
2026-03-13 08:50:18,080 trace.runner.sweep_runner INFO: intensity=0.20 seed=1 ep=5 success=True steps=73
2026-03-13 08:50:23,440 trace.runner.sweep_runner INFO: intensity=0.20 seed=1 ep=6 success=True steps=73
2026-03-13 08:50:29,515 trace.runner.sweep_runner INFO: intensity=0.20 seed=1 ep=7 success=True steps=83
2026-03-13 08:50:35,526 trace.runner.sweep_runner INFO: intensity=0.20 seed=1 ep=8 success=True steps=84
2026-03-13 08:50:42,412 trace.runner.sweep_runner INFO: intensity=0.20 seed=1 ep=9 success=True steps=101
2026-03-13 08:50:47,969 trace.runner.sweep_runner INFO: intensity=0.20 seed=2 ep=0 success=True steps=76
2026-03-13 08:50:53,764 trace.runner.sweep_runner INFO: intensity=0.20 seed=2 ep=1 success=True steps=83
2026-03-13 08:50:58,978 trace.runner.sweep_runner INFO: intensity=0.20 seed=2 ep=2 success=True steps=75
2026-03-13 08:51:04,625 trace.runner.sweep_runner INFO: intensity=0.20 seed=2 ep=3 success=True steps=78
2026-03-13 08:51:09,890 trace.runner.sweep_runner INFO: intensity=0.20 seed=2 ep=4 success=True steps=71
2026-03-13 08:51:15,266 trace.runner.sweep_runner INFO: intensity=0.20 seed=2 ep=5 success=True steps=74
2026-03-13 08:51:20,542 trace.runner.sweep_runner INFO: intensity=0.20 seed=2 ep=6 success=True steps=72
2026-03-13 08:51:26,550 trace.runner.sweep_runner INFO: intensity=0.20 seed=2 ep=7 success=True steps=83
2026-03-13 08:51:32,555 trace.runner.sweep_runner INFO: intensity=0.20 seed=2 ep=8 success=True steps=83
2026-03-13 08:51:37,967 trace.runner.sweep_runner INFO: intensity=0.20 seed=2 ep=9 success=True steps=74
2026-03-13 08:51:45,702 trace.runner.sweep_runner INFO: intensity=0.20 seed=3 ep=0 success=True steps=115
2026-03-13 08:51:53,329 trace.runner.sweep_runner INFO: intensity=0.20 seed=3 ep=1 success=True steps=113
2026-03-13 08:51:59,382 trace.runner.sweep_runner INFO: intensity=0.20 seed=3 ep=2 success=True steps=87
2026-03-13 08:52:05,001 trace.runner.sweep_runner INFO: intensity=0.20 seed=3 ep=3 success=True steps=78
2026-03-13 08:52:10,310 trace.runner.sweep_runner INFO: intensity=0.20 seed=3 ep=4 success=True steps=73
2026-03-13 08:52:17,285 trace.runner.sweep_runner INFO: intensity=0.20 seed=3 ep=5 success=True steps=103
2026-03-13 08:52:22,562 trace.runner.sweep_runner INFO: intensity=0.20 seed=3 ep=6 success=True steps=71
2026-03-13 08:52:28,742 trace.runner.sweep_runner INFO: intensity=0.20 seed=3 ep=7 success=True steps=87
2026-03-13 08:52:34,406 trace.runner.sweep_runner INFO: intensity=0.20 seed=3 ep=8 success=True steps=79
2026-03-13 08:52:39,915 trace.runner.sweep_runner INFO: intensity=0.20 seed=3 ep=9 success=True steps=75
2026-03-13 08:52:45,583 trace.runner.sweep_runner INFO: intensity=0.20 seed=4 ep=0 success=True steps=78
2026-03-13 08:52:51,217 trace.runner.sweep_runner INFO: intensity=0.20 seed=4 ep=1 success=True steps=78
2026-03-13 08:52:57,261 trace.runner.sweep_runner INFO: intensity=0.20 seed=4 ep=2 success=True steps=84
2026-03-13 08:53:02,885 trace.runner.sweep_runner INFO: intensity=0.20 seed=4 ep=3 success=True steps=76
2026-03-13 08:53:08,457 trace.runner.sweep_runner INFO: intensity=0.20 seed=4 ep=4 success=True steps=78
2026-03-13 08:53:13,968 trace.runner.sweep_runner INFO: intensity=0.20 seed=4 ep=5 success=True steps=76
2026-03-13 08:53:19,281 trace.runner.sweep_runner INFO: intensity=0.20 seed=4 ep=6 success=True steps=72
2026-03-13 08:53:24,947 trace.runner.sweep_runner INFO: intensity=0.20 seed=4 ep=7 success=True steps=76
2026-03-13 08:53:30,840 trace.runner.sweep_runner INFO: intensity=0.20 seed=4 ep=8 success=True steps=81
2026-03-13 08:53:35,908 trace.runner.sweep_runner INFO: intensity=0.20 seed=4 ep=9 success=True steps=68
2026-03-13 08:53:40,951 trace.runner.sweep_runner INFO: intensity=0.30 seed=0 ep=0 success=True steps=66
2026-03-13 08:53:48,747 trace.runner.sweep_runner INFO: intensity=0.30 seed=0 ep=1 success=True steps=114
2026-03-13 08:53:54,808 trace.runner.sweep_runner INFO: intensity=0.30 seed=0 ep=2 success=True steps=90
2026-03-13 08:54:00,441 trace.runner.sweep_runner INFO: intensity=0.30 seed=0 ep=3 success=True steps=77
2026-03-13 08:54:06,263 trace.runner.sweep_runner INFO: intensity=0.30 seed=0 ep=4 success=True steps=82
2026-03-13 08:54:11,705 trace.runner.sweep_runner INFO: intensity=0.30 seed=0 ep=5 success=True steps=75
2026-03-13 08:54:17,272 trace.runner.sweep_runner INFO: intensity=0.30 seed=0 ep=6 success=True steps=74
2026-03-13 08:54:23,287 trace.runner.sweep_runner INFO: intensity=0.30 seed=0 ep=7 success=True steps=85
2026-03-13 08:54:28,999 trace.runner.sweep_runner INFO: intensity=0.30 seed=0 ep=8 success=True steps=80
2026-03-13 08:54:34,370 trace.runner.sweep_runner INFO: intensity=0.30 seed=0 ep=9 success=True steps=74
2026-03-13 08:54:40,062 trace.runner.sweep_runner INFO: intensity=0.30 seed=1 ep=0 success=True steps=80
2026-03-13 08:54:47,543 trace.runner.sweep_runner INFO: intensity=0.30 seed=1 ep=1 success=True steps=111
2026-03-13 08:54:54,723 trace.runner.sweep_runner INFO: intensity=0.30 seed=1 ep=2 success=True steps=106
2026-03-13 08:54:59,992 trace.runner.sweep_runner INFO: intensity=0.30 seed=1 ep=3 success=True steps=72
2026-03-13 08:55:05,295 trace.runner.sweep_runner INFO: intensity=0.30 seed=1 ep=4 success=True steps=73
2026-03-13 08:55:11,268 trace.runner.sweep_runner INFO: intensity=0.30 seed=1 ep=5 success=True steps=84
2026-03-13 08:55:16,922 trace.runner.sweep_runner INFO: intensity=0.30 seed=1 ep=6 success=True steps=77
2026-03-13 08:55:22,900 trace.runner.sweep_runner INFO: intensity=0.30 seed=1 ep=7 success=True steps=83
2026-03-13 08:55:28,745 trace.runner.sweep_runner INFO: intensity=0.30 seed=1 ep=8 success=True steps=80
2026-03-13 08:55:34,560 trace.runner.sweep_runner INFO: intensity=0.30 seed=1 ep=9 success=True steps=79
2026-03-13 08:55:40,283 trace.runner.sweep_runner INFO: intensity=0.30 seed=2 ep=0 success=True steps=78
2026-03-13 08:55:45,952 trace.runner.sweep_runner INFO: intensity=0.30 seed=2 ep=1 success=True steps=80
2026-03-13 08:55:51,493 trace.runner.sweep_runner INFO: intensity=0.30 seed=2 ep=2 success=True steps=79
2026-03-13 08:55:57,167 trace.runner.sweep_runner INFO: intensity=0.30 seed=2 ep=3 success=True steps=79
2026-03-13 08:56:02,525 trace.runner.sweep_runner INFO: intensity=0.30 seed=2 ep=4 success=True steps=72
2026-03-13 08:56:08,505 trace.runner.sweep_runner INFO: intensity=0.30 seed=2 ep=5 success=True steps=81
2026-03-13 08:56:13,667 trace.runner.sweep_runner INFO: intensity=0.30 seed=2 ep=6 success=True steps=70
2026-03-13 08:56:19,782 trace.runner.sweep_runner INFO: intensity=0.30 seed=2 ep=7 success=True steps=83
2026-03-13 08:56:25,655 trace.runner.sweep_runner INFO: intensity=0.30 seed=2 ep=8 success=True steps=81
2026-03-13 08:56:31,252 trace.runner.sweep_runner INFO: intensity=0.30 seed=2 ep=9 success=True steps=77
2026-03-13 08:56:36,608 trace.runner.sweep_runner INFO: intensity=0.30 seed=3 ep=0 success=True steps=73
2026-03-13 08:56:42,458 trace.runner.sweep_runner INFO: intensity=0.30 seed=3 ep=1 success=True steps=80
2026-03-13 08:56:48,503 trace.runner.sweep_runner INFO: intensity=0.30 seed=3 ep=2 success=True steps=87
2026-03-13 08:56:53,918 trace.runner.sweep_runner INFO: intensity=0.30 seed=3 ep=3 success=True steps=75
2026-03-13 08:56:59,164 trace.runner.sweep_runner INFO: intensity=0.30 seed=3 ep=4 success=True steps=71
2026-03-13 08:57:04,735 trace.runner.sweep_runner INFO: intensity=0.30 seed=3 ep=5 success=True steps=78
2026-03-13 08:57:10,223 trace.runner.sweep_runner INFO: intensity=0.30 seed=3 ep=6 success=True steps=75
2026-03-13 08:57:16,332 trace.runner.sweep_runner INFO: intensity=0.30 seed=3 ep=7 success=True steps=86
2026-03-13 08:57:22,326 trace.runner.sweep_runner INFO: intensity=0.30 seed=3 ep=8 success=True steps=82
2026-03-13 08:57:27,888 trace.runner.sweep_runner INFO: intensity=0.30 seed=3 ep=9 success=True steps=76
2026-03-13 08:57:33,417 trace.runner.sweep_runner INFO: intensity=0.30 seed=4 ep=0 success=True steps=76
2026-03-13 08:57:40,571 trace.runner.sweep_runner INFO: intensity=0.30 seed=4 ep=1 success=True steps=107
2026-03-13 08:57:46,223 trace.runner.sweep_runner INFO: intensity=0.30 seed=4 ep=2 success=True steps=80
2026-03-13 08:57:51,943 trace.runner.sweep_runner INFO: intensity=0.30 seed=4 ep=3 success=True steps=80
2026-03-13 08:57:57,243 trace.runner.sweep_runner INFO: intensity=0.30 seed=4 ep=4 success=True steps=72
2026-03-13 08:58:02,845 trace.runner.sweep_runner INFO: intensity=0.30 seed=4 ep=5 success=True steps=78
2026-03-13 08:58:08,126 trace.runner.sweep_runner INFO: intensity=0.30 seed=4 ep=6 success=True steps=70
2026-03-13 08:58:13,849 trace.runner.sweep_runner INFO: intensity=0.30 seed=4 ep=7 success=True steps=78
2026-03-13 08:58:19,510 trace.runner.sweep_runner INFO: intensity=0.30 seed=4 ep=8 success=True steps=79
2026-03-13 08:58:25,275 trace.runner.sweep_runner INFO: intensity=0.30 seed=4 ep=9 success=True steps=78
2026-03-13 08:58:30,460 trace.runner.sweep_runner INFO: intensity=0.50 seed=0 ep=0 success=True steps=70
2026-03-13 08:58:36,224 trace.runner.sweep_runner INFO: intensity=0.50 seed=0 ep=1 success=True steps=81
2026-03-13 08:58:42,160 trace.runner.sweep_runner INFO: intensity=0.50 seed=0 ep=2 success=True steps=85
2026-03-13 08:58:48,007 trace.runner.sweep_runner INFO: intensity=0.50 seed=0 ep=3 success=True steps=78
2026-03-13 08:58:54,037 trace.runner.sweep_runner INFO: intensity=0.50 seed=0 ep=4 success=True steps=84
2026-03-13 08:58:59,731 trace.runner.sweep_runner INFO: intensity=0.50 seed=0 ep=5 success=True steps=80
2026-03-13 08:59:05,518 trace.runner.sweep_runner INFO: intensity=0.50 seed=0 ep=6 success=True steps=79
2026-03-13 08:59:12,245 trace.runner.sweep_runner INFO: intensity=0.50 seed=0 ep=7 success=True steps=93
2026-03-13 08:59:17,874 trace.runner.sweep_runner INFO: intensity=0.50 seed=0 ep=8 success=True steps=77
2026-03-13 08:59:24,033 trace.runner.sweep_runner INFO: intensity=0.50 seed=0 ep=9 success=True steps=87
2026-03-13 08:59:29,778 trace.runner.sweep_runner INFO: intensity=0.50 seed=1 ep=0 success=True steps=80
2026-03-13 08:59:35,664 trace.runner.sweep_runner INFO: intensity=0.50 seed=1 ep=1 success=True steps=83
2026-03-13 08:59:41,177 trace.runner.sweep_runner INFO: intensity=0.50 seed=1 ep=2 success=True steps=79
2026-03-13 08:59:46,871 trace.runner.sweep_runner INFO: intensity=0.50 seed=1 ep=3 success=True steps=80
2026-03-13 08:59:52,777 trace.runner.sweep_runner INFO: intensity=0.50 seed=1 ep=4 success=True steps=81
2026-03-13 08:59:58,180 trace.runner.sweep_runner INFO: intensity=0.50 seed=1 ep=5 success=True steps=74
2026-03-13 09:00:03,893 trace.runner.sweep_runner INFO: intensity=0.50 seed=1 ep=6 success=True steps=80
2026-03-13 09:00:09,955 trace.runner.sweep_runner INFO: intensity=0.50 seed=1 ep=7 success=True steps=84
2026-03-13 09:00:16,288 trace.runner.sweep_runner INFO: intensity=0.50 seed=1 ep=8 success=True steps=89
2026-03-13 09:00:21,399 trace.runner.sweep_runner INFO: intensity=0.50 seed=1 ep=9 success=True steps=70
2026-03-13 09:00:27,058 trace.runner.sweep_runner INFO: intensity=0.50 seed=2 ep=0 success=True steps=78
2026-03-13 09:00:33,355 trace.runner.sweep_runner INFO: intensity=0.50 seed=2 ep=1 success=True steps=89
2026-03-13 09:00:41,788 trace.runner.sweep_runner INFO: intensity=0.50 seed=2 ep=2 success=True steps=129
2026-03-13 09:00:47,474 trace.runner.sweep_runner INFO: intensity=0.50 seed=2 ep=3 success=True steps=79
2026-03-13 09:00:52,902 trace.runner.sweep_runner INFO: intensity=0.50 seed=2 ep=4 success=True steps=75
2026-03-13 09:00:58,891 trace.runner.sweep_runner INFO: intensity=0.50 seed=2 ep=5 success=True steps=83
2026-03-13 09:01:04,264 trace.runner.sweep_runner INFO: intensity=0.50 seed=2 ep=6 success=True steps=72
2026-03-13 09:01:10,659 trace.runner.sweep_runner INFO: intensity=0.50 seed=2 ep=7 success=True steps=87
2026-03-13 09:01:16,515 trace.runner.sweep_runner INFO: intensity=0.50 seed=2 ep=8 success=True steps=81
2026-03-13 09:01:22,405 trace.runner.sweep_runner INFO: intensity=0.50 seed=2 ep=9 success=True steps=81
2026-03-13 09:01:28,060 trace.runner.sweep_runner INFO: intensity=0.50 seed=3 ep=0 success=True steps=79
2026-03-13 09:01:35,793 trace.runner.sweep_runner INFO: intensity=0.50 seed=3 ep=1 success=True steps=115
2026-03-13 09:01:41,683 trace.runner.sweep_runner INFO: intensity=0.50 seed=3 ep=2 success=True steps=85
2026-03-13 09:01:47,083 trace.runner.sweep_runner INFO: intensity=0.50 seed=3 ep=3 success=True steps=74
2026-03-13 09:01:55,410 trace.runner.sweep_runner INFO: intensity=0.50 seed=3 ep=4 success=True steps=125
2026-03-13 09:02:01,716 trace.runner.sweep_runner INFO: intensity=0.50 seed=3 ep=5 success=True steps=88
2026-03-13 09:02:07,116 trace.runner.sweep_runner INFO: intensity=0.50 seed=3 ep=6 success=True steps=71
2026-03-13 09:02:13,092 trace.runner.sweep_runner INFO: intensity=0.50 seed=3 ep=7 success=True steps=82
2026-03-13 09:02:18,850 trace.runner.sweep_runner INFO: intensity=0.50 seed=3 ep=8 success=True steps=80
2026-03-13 09:02:24,436 trace.runner.sweep_runner INFO: intensity=0.50 seed=3 ep=9 success=True steps=76
2026-03-13 09:02:30,321 trace.runner.sweep_runner INFO: intensity=0.50 seed=4 ep=0 success=True steps=83
2026-03-13 09:02:35,641 trace.runner.sweep_runner INFO: intensity=0.50 seed=4 ep=1 success=True steps=73
2026-03-13 09:02:41,130 trace.runner.sweep_runner INFO: intensity=0.50 seed=4 ep=2 success=True steps=77
2026-03-13 09:02:46,776 trace.runner.sweep_runner INFO: intensity=0.50 seed=4 ep=3 success=True steps=76
2026-03-13 09:02:52,883 trace.runner.sweep_runner INFO: intensity=0.50 seed=4 ep=4 success=True steps=84
2026-03-13 09:03:00,204 trace.runner.sweep_runner INFO: intensity=0.50 seed=4 ep=5 success=True steps=108
2026-03-13 09:03:05,673 trace.runner.sweep_runner INFO: intensity=0.50 seed=4 ep=6 success=True steps=75
2026-03-13 09:03:11,127 trace.runner.sweep_runner INFO: intensity=0.50 seed=4 ep=7 success=True steps=73
2026-03-13 09:03:16,781 trace.runner.sweep_runner INFO: intensity=0.50 seed=4 ep=8 success=True steps=78
2026-03-13 09:03:22,175 trace.runner.sweep_runner INFO: intensity=0.50 seed=4 ep=9 success=True steps=72
2026-03-13 09:03:35,906 trace.runner.sweep_runner INFO: intensity=0.70 seed=0 ep=0 success=False steps=220
2026-03-13 09:03:49,589 trace.runner.sweep_runner INFO: intensity=0.70 seed=0 ep=1 success=False steps=220
2026-03-13 09:03:55,546 trace.runner.sweep_runner INFO: intensity=0.70 seed=0 ep=2 success=True steps=85
2026-03-13 09:04:01,813 trace.runner.sweep_runner INFO: intensity=0.70 seed=0 ep=3 success=True steps=88
2026-03-13 09:04:09,517 trace.runner.sweep_runner INFO: intensity=0.70 seed=0 ep=4 success=True steps=111
2026-03-13 09:04:14,506 trace.runner.sweep_runner INFO: intensity=0.70 seed=0 ep=5 success=True steps=67
2026-03-13 09:04:19,842 trace.runner.sweep_runner INFO: intensity=0.70 seed=0 ep=6 success=True steps=73
2026-03-13 09:04:26,179 trace.runner.sweep_runner INFO: intensity=0.70 seed=0 ep=7 success=True steps=87
2026-03-13 09:04:32,960 trace.runner.sweep_runner INFO: intensity=0.70 seed=0 ep=8 success=True steps=98
2026-03-13 09:04:38,668 trace.runner.sweep_runner INFO: intensity=0.70 seed=0 ep=9 success=True steps=80
2026-03-13 09:04:52,334 trace.runner.sweep_runner INFO: intensity=0.70 seed=1 ep=0 success=False steps=220
2026-03-13 09:05:06,074 trace.runner.sweep_runner INFO: intensity=0.70 seed=1 ep=1 success=False steps=220
2026-03-13 09:05:19,411 trace.runner.sweep_runner INFO: intensity=0.70 seed=1 ep=2 success=False steps=220
2026-03-13 09:05:25,184 trace.runner.sweep_runner INFO: intensity=0.70 seed=1 ep=3 success=True steps=78
2026-03-13 09:05:30,287 trace.runner.sweep_runner INFO: intensity=0.70 seed=1 ep=4 success=True steps=68
2026-03-13 09:05:35,696 trace.runner.sweep_runner INFO: intensity=0.70 seed=1 ep=5 success=True steps=73
2026-03-13 09:05:42,012 trace.runner.sweep_runner INFO: intensity=0.70 seed=1 ep=6 success=True steps=89
2026-03-13 09:05:48,017 trace.runner.sweep_runner INFO: intensity=0.70 seed=1 ep=7 success=True steps=81
2026-03-13 09:05:54,204 trace.runner.sweep_runner INFO: intensity=0.70 seed=1 ep=8 success=True steps=85
2026-03-13 09:05:59,684 trace.runner.sweep_runner INFO: intensity=0.70 seed=1 ep=9 success=True steps=75
2026-03-13 09:06:05,301 trace.runner.sweep_runner INFO: intensity=0.70 seed=2 ep=0 success=True steps=78
2026-03-13 09:06:11,781 trace.runner.sweep_runner INFO: intensity=0.70 seed=2 ep=1 success=True steps=94
2026-03-13 09:06:20,136 trace.runner.sweep_runner INFO: intensity=0.70 seed=2 ep=2 success=True steps=127
2026-03-13 09:06:25,872 trace.runner.sweep_runner INFO: intensity=0.70 seed=2 ep=3 success=True steps=78
2026-03-13 09:06:31,244 trace.runner.sweep_runner INFO: intensity=0.70 seed=2 ep=4 success=True steps=73
2026-03-13 09:06:37,173 trace.runner.sweep_runner INFO: intensity=0.70 seed=2 ep=5 success=True steps=80
2026-03-13 09:06:42,852 trace.runner.sweep_runner INFO: intensity=0.70 seed=2 ep=6 success=True steps=78
2026-03-13 09:06:49,045 trace.runner.sweep_runner INFO: intensity=0.70 seed=2 ep=7 success=True steps=86
2026-03-13 09:06:55,016 trace.runner.sweep_runner INFO: intensity=0.70 seed=2 ep=8 success=True steps=84
2026-03-13 09:07:01,725 trace.runner.sweep_runner INFO: intensity=0.70 seed=2 ep=9 success=True steps=94
2026-03-13 09:07:11,579 trace.runner.sweep_runner INFO: intensity=0.70 seed=3 ep=0 success=True steps=149
2026-03-13 09:07:18,933 trace.runner.sweep_runner INFO: intensity=0.70 seed=3 ep=1 success=True steps=104
2026-03-13 09:07:25,301 trace.runner.sweep_runner INFO: intensity=0.70 seed=3 ep=2 success=True steps=92
2026-03-13 09:07:31,759 trace.runner.sweep_runner INFO: intensity=0.70 seed=3 ep=3 success=True steps=92
2026-03-13 09:07:37,521 trace.runner.sweep_runner INFO: intensity=0.70 seed=3 ep=4 success=True steps=79
2026-03-13 09:07:51,446 trace.runner.sweep_runner INFO: intensity=0.70 seed=3 ep=5 success=False steps=220
2026-03-13 09:07:57,158 trace.runner.sweep_runner INFO: intensity=0.70 seed=3 ep=6 success=True steps=79
2026-03-13 09:08:04,045 trace.runner.sweep_runner INFO: intensity=0.70 seed=3 ep=7 success=True steps=97
2026-03-13 09:08:17,175 trace.runner.sweep_runner INFO: intensity=0.70 seed=3 ep=8 success=True steps=201
2026-03-13 09:08:22,615 trace.runner.sweep_runner INFO: intensity=0.70 seed=3 ep=9 success=True steps=74
2026-03-13 09:08:28,453 trace.runner.sweep_runner INFO: intensity=0.70 seed=4 ep=0 success=True steps=81
2026-03-13 09:08:34,010 trace.runner.sweep_runner INFO: intensity=0.70 seed=4 ep=1 success=True steps=76
2026-03-13 09:08:39,784 trace.runner.sweep_runner INFO: intensity=0.70 seed=4 ep=2 success=True steps=83
2026-03-13 09:08:45,239 trace.runner.sweep_runner INFO: intensity=0.70 seed=4 ep=3 success=True steps=75
2026-03-13 09:08:51,225 trace.runner.sweep_runner INFO: intensity=0.70 seed=4 ep=4 success=True steps=82
2026-03-13 09:08:56,904 trace.runner.sweep_runner INFO: intensity=0.70 seed=4 ep=5 success=True steps=79
2026-03-13 09:09:02,542 trace.runner.sweep_runner INFO: intensity=0.70 seed=4 ep=6 success=True steps=77
2026-03-13 09:09:08,067 trace.runner.sweep_runner INFO: intensity=0.70 seed=4 ep=7 success=True steps=73
2026-03-13 09:09:14,146 trace.runner.sweep_runner INFO: intensity=0.70 seed=4 ep=8 success=True steps=83
2026-03-13 09:09:21,377 trace.runner.sweep_runner INFO: intensity=0.70 seed=4 ep=9 success=True steps=101
2026-03-13 09:09:29,978 trace.runner.sweep_runner INFO: intensity=1.00 seed=0 ep=0 success=True steps=124
2026-03-13 09:09:43,251 trace.runner.sweep_runner INFO: intensity=1.00 seed=0 ep=1 success=False steps=220
2026-03-13 09:09:57,070 trace.runner.sweep_runner INFO: intensity=1.00 seed=0 ep=2 success=False steps=220
2026-03-13 09:10:03,848 trace.runner.sweep_runner INFO: intensity=1.00 seed=0 ep=3 success=True steps=95
2026-03-13 09:10:09,889 trace.runner.sweep_runner INFO: intensity=1.00 seed=0 ep=4 success=True steps=85
2026-03-13 09:10:15,156 trace.runner.sweep_runner INFO: intensity=1.00 seed=0 ep=5 success=True steps=69
2026-03-13 09:10:24,856 trace.runner.sweep_runner INFO: intensity=1.00 seed=0 ep=6 success=True steps=144
2026-03-13 09:10:38,687 trace.runner.sweep_runner INFO: intensity=1.00 seed=0 ep=7 success=False steps=220
2026-03-13 09:10:44,222 trace.runner.sweep_runner INFO: intensity=1.00 seed=0 ep=8 success=True steps=75
2026-03-13 09:10:53,146 trace.runner.sweep_runner INFO: intensity=1.00 seed=0 ep=9 success=True steps=135
2026-03-13 09:11:06,907 trace.runner.sweep_runner INFO: intensity=1.00 seed=1 ep=0 success=False steps=220
2026-03-13 09:11:13,988 trace.runner.sweep_runner INFO: intensity=1.00 seed=1 ep=1 success=True steps=103
2026-03-13 09:11:20,110 trace.runner.sweep_runner INFO: intensity=1.00 seed=1 ep=2 success=True steps=90
2026-03-13 09:11:27,970 trace.runner.sweep_runner INFO: intensity=1.00 seed=1 ep=3 success=True steps=113
2026-03-13 09:11:34,010 trace.runner.sweep_runner INFO: intensity=1.00 seed=1 ep=4 success=True steps=85
2026-03-13 09:11:39,902 trace.runner.sweep_runner INFO: intensity=1.00 seed=1 ep=5 success=True steps=81
2026-03-13 09:11:46,186 trace.runner.sweep_runner INFO: intensity=1.00 seed=1 ep=6 success=True steps=90
2026-03-13 09:11:52,439 trace.runner.sweep_runner INFO: intensity=1.00 seed=1 ep=7 success=True steps=84
2026-03-13 09:11:59,076 trace.runner.sweep_runner INFO: intensity=1.00 seed=1 ep=8 success=True steps=95
2026-03-13 09:12:04,475 trace.runner.sweep_runner INFO: intensity=1.00 seed=1 ep=9 success=True steps=74
2026-03-13 09:12:10,530 trace.runner.sweep_runner INFO: intensity=1.00 seed=2 ep=0 success=True steps=85
2026-03-13 09:12:16,855 trace.runner.sweep_runner INFO: intensity=1.00 seed=2 ep=1 success=True steps=88
2026-03-13 09:12:27,971 trace.runner.sweep_runner INFO: intensity=1.00 seed=2 ep=2 success=True steps=173
2026-03-13 09:12:34,196 trace.runner.sweep_runner INFO: intensity=1.00 seed=2 ep=3 success=True steps=87
2026-03-13 09:12:40,057 trace.runner.sweep_runner INFO: intensity=1.00 seed=2 ep=4 success=True steps=81
2026-03-13 09:12:46,425 trace.runner.sweep_runner INFO: intensity=1.00 seed=2 ep=5 success=True steps=91
2026-03-13 09:12:52,365 trace.runner.sweep_runner INFO: intensity=1.00 seed=2 ep=6 success=True steps=83
2026-03-13 09:13:00,798 trace.runner.sweep_runner INFO: intensity=1.00 seed=2 ep=7 success=True steps=127
2026-03-13 09:13:07,495 trace.runner.sweep_runner INFO: intensity=1.00 seed=2 ep=8 success=True steps=94
2026-03-13 09:13:13,321 trace.runner.sweep_runner INFO: intensity=1.00 seed=2 ep=9 success=True steps=80
2026-03-13 09:13:27,797 trace.runner.sweep_runner INFO: intensity=1.00 seed=3 ep=0 success=False steps=220
2026-03-13 09:13:41,483 trace.runner.sweep_runner INFO: intensity=1.00 seed=3 ep=1 success=False steps=220
2026-03-13 09:13:51,673 trace.runner.sweep_runner INFO: intensity=1.00 seed=3 ep=2 success=True steps=152
2026-03-13 09:13:58,498 trace.runner.sweep_runner INFO: intensity=1.00 seed=3 ep=3 success=True steps=98
2026-03-13 09:14:12,613 trace.runner.sweep_runner INFO: intensity=1.00 seed=3 ep=4 success=False steps=220
2026-03-13 09:14:18,877 trace.runner.sweep_runner INFO: intensity=1.00 seed=3 ep=5 success=True steps=88
2026-03-13 09:14:24,066 trace.runner.sweep_runner INFO: intensity=1.00 seed=3 ep=6 success=True steps=69
2026-03-13 09:14:30,311 trace.runner.sweep_runner INFO: intensity=1.00 seed=3 ep=7 success=True steps=88
2026-03-13 09:14:44,279 trace.runner.sweep_runner INFO: intensity=1.00 seed=3 ep=8 success=False steps=220
2026-03-13 09:14:52,375 trace.runner.sweep_runner INFO: intensity=1.00 seed=3 ep=9 success=True steps=113
2026-03-13 09:14:58,346 trace.runner.sweep_runner INFO: intensity=1.00 seed=4 ep=0 success=True steps=83
2026-03-13 09:15:05,200 trace.runner.sweep_runner INFO: intensity=1.00 seed=4 ep=1 success=True steps=98
2026-03-13 09:15:19,174 trace.runner.sweep_runner INFO: intensity=1.00 seed=4 ep=2 success=False steps=220
2026-03-13 09:15:24,915 trace.runner.sweep_runner INFO: intensity=1.00 seed=4 ep=3 success=True steps=80
2026-03-13 09:15:34,413 trace.runner.sweep_runner INFO: intensity=1.00 seed=4 ep=4 success=True steps=137
2026-03-13 09:15:48,214 trace.runner.sweep_runner INFO: intensity=1.00 seed=4 ep=5 success=False steps=220
2026-03-13 09:15:53,791 trace.runner.sweep_runner INFO: intensity=1.00 seed=4 ep=6 success=True steps=76
2026-03-13 09:16:04,561 trace.runner.sweep_runner INFO: intensity=1.00 seed=4 ep=7 success=True steps=167
2026-03-13 09:16:10,813 trace.runner.sweep_runner INFO: intensity=1.00 seed=4 ep=8 success=True steps=88
2026-03-13 09:16:17,879 trace.runner.sweep_runner INFO: intensity=1.00 seed=4 ep=9 success=True steps=100
2026-03-13 09:16:17,882 __main__ INFO:   baseline=100%, max_degradation=20%, breakpoint=none
2026-03-13 09:16:17,885 __main__ INFO:   Report updated: output/reports/report_Pi0PolicyAdapter_libero_20260313_054143.md (5/9 stressors)
2026-03-13 09:16:17,885 __main__ INFO: Running sweep 6/9: ImageNoiseStressor
2026-03-13 09:16:23,227 trace.runner.sweep_runner INFO: intensity=0.00 seed=0 ep=0 success=True steps=72
2026-03-13 09:16:28,820 trace.runner.sweep_runner INFO: intensity=0.00 seed=0 ep=1 success=True steps=78
2026-03-13 09:16:34,842 trace.runner.sweep_runner INFO: intensity=0.00 seed=0 ep=2 success=True steps=86
2026-03-13 09:16:40,239 trace.runner.sweep_runner INFO: intensity=0.00 seed=0 ep=3 success=True steps=74
2026-03-13 09:16:45,904 trace.runner.sweep_runner INFO: intensity=0.00 seed=0 ep=4 success=True steps=77
2026-03-13 09:16:51,298 trace.runner.sweep_runner INFO: intensity=0.00 seed=0 ep=5 success=True steps=73
2026-03-13 09:16:56,585 trace.runner.sweep_runner INFO: intensity=0.00 seed=0 ep=6 success=True steps=70
2026-03-13 09:17:02,453 trace.runner.sweep_runner INFO: intensity=0.00 seed=0 ep=7 success=True steps=80
2026-03-13 09:17:08,120 trace.runner.sweep_runner INFO: intensity=0.00 seed=0 ep=8 success=True steps=77
2026-03-13 09:17:15,149 trace.runner.sweep_runner INFO: intensity=0.00 seed=0 ep=9 success=True steps=104
2026-03-13 09:17:21,048 trace.runner.sweep_runner INFO: intensity=0.00 seed=1 ep=0 success=True steps=81
2026-03-13 09:17:26,401 trace.runner.sweep_runner INFO: intensity=0.00 seed=1 ep=1 success=True steps=73
2026-03-13 09:17:31,594 trace.runner.sweep_runner INFO: intensity=0.00 seed=1 ep=2 success=True steps=73
2026-03-13 09:17:36,966 trace.runner.sweep_runner INFO: intensity=0.00 seed=1 ep=3 success=True steps=73
2026-03-13 09:17:42,437 trace.runner.sweep_runner INFO: intensity=0.00 seed=1 ep=4 success=True steps=74
2026-03-13 09:17:48,209 trace.runner.sweep_runner INFO: intensity=0.00 seed=1 ep=5 success=True steps=80
2026-03-13 09:17:53,750 trace.runner.sweep_runner INFO: intensity=0.00 seed=1 ep=6 success=True steps=74
2026-03-13 09:17:59,497 trace.runner.sweep_runner INFO: intensity=0.00 seed=1 ep=7 success=True steps=78
2026-03-13 09:18:05,950 trace.runner.sweep_runner INFO: intensity=0.00 seed=1 ep=8 success=True steps=89
2026-03-13 09:18:11,624 trace.runner.sweep_runner INFO: intensity=0.00 seed=1 ep=9 success=True steps=78
2026-03-13 09:18:17,126 trace.runner.sweep_runner INFO: intensity=0.00 seed=2 ep=0 success=True steps=75
2026-03-13 09:18:26,326 trace.runner.sweep_runner INFO: intensity=0.00 seed=2 ep=1 success=True steps=142
2026-03-13 09:18:31,851 trace.runner.sweep_runner INFO: intensity=0.00 seed=2 ep=2 success=True steps=78
2026-03-13 09:18:37,535 trace.runner.sweep_runner INFO: intensity=0.00 seed=2 ep=3 success=True steps=77
2026-03-13 09:18:42,954 trace.runner.sweep_runner INFO: intensity=0.00 seed=2 ep=4 success=True steps=72
2026-03-13 09:18:48,415 trace.runner.sweep_runner INFO: intensity=0.00 seed=2 ep=5 success=True steps=72
2026-03-13 09:18:53,560 trace.runner.sweep_runner INFO: intensity=0.00 seed=2 ep=6 success=True steps=70
2026-03-13 09:18:59,606 trace.runner.sweep_runner INFO: intensity=0.00 seed=2 ep=7 success=True steps=82
2026-03-13 09:19:05,665 trace.runner.sweep_runner INFO: intensity=0.00 seed=2 ep=8 success=True steps=84
2026-03-13 09:19:11,177 trace.runner.sweep_runner INFO: intensity=0.00 seed=2 ep=9 success=True steps=73
2026-03-13 09:19:18,515 trace.runner.sweep_runner INFO: intensity=0.00 seed=3 ep=0 success=True steps=108
2026-03-13 09:19:27,564 trace.runner.sweep_runner INFO: intensity=0.00 seed=3 ep=1 success=True steps=140
2026-03-13 09:19:33,443 trace.runner.sweep_runner INFO: intensity=0.00 seed=3 ep=2 success=True steps=81
2026-03-13 09:19:38,767 trace.runner.sweep_runner INFO: intensity=0.00 seed=3 ep=3 success=True steps=73
2026-03-13 09:19:44,199 trace.runner.sweep_runner INFO: intensity=0.00 seed=3 ep=4 success=True steps=72
2026-03-13 09:19:51,287 trace.runner.sweep_runner INFO: intensity=0.00 seed=3 ep=5 success=True steps=104
2026-03-13 09:19:56,759 trace.runner.sweep_runner INFO: intensity=0.00 seed=3 ep=6 success=True steps=73
2026-03-13 09:20:02,933 trace.runner.sweep_runner INFO: intensity=0.00 seed=3 ep=7 success=True steps=85
2026-03-13 09:20:08,892 trace.runner.sweep_runner INFO: intensity=0.00 seed=3 ep=8 success=True steps=81
2026-03-13 09:20:14,303 trace.runner.sweep_runner INFO: intensity=0.00 seed=3 ep=9 success=True steps=74
2026-03-13 09:20:19,995 trace.runner.sweep_runner INFO: intensity=0.00 seed=4 ep=0 success=True steps=77
2026-03-13 09:20:25,839 trace.runner.sweep_runner INFO: intensity=0.00 seed=4 ep=1 success=True steps=81
2026-03-13 09:20:31,478 trace.runner.sweep_runner INFO: intensity=0.00 seed=4 ep=2 success=True steps=80
2026-03-13 09:20:37,238 trace.runner.sweep_runner INFO: intensity=0.00 seed=4 ep=3 success=True steps=79
2026-03-13 09:20:42,880 trace.runner.sweep_runner INFO: intensity=0.00 seed=4 ep=4 success=True steps=76
2026-03-13 09:20:48,513 trace.runner.sweep_runner INFO: intensity=0.00 seed=4 ep=5 success=True steps=78
2026-03-13 09:20:54,045 trace.runner.sweep_runner INFO: intensity=0.00 seed=4 ep=6 success=True steps=73
2026-03-13 09:20:59,877 trace.runner.sweep_runner INFO: intensity=0.00 seed=4 ep=7 success=True steps=78
2026-03-13 09:21:05,609 trace.runner.sweep_runner INFO: intensity=0.00 seed=4 ep=8 success=True steps=79
2026-03-13 09:21:11,016 trace.runner.sweep_runner INFO: intensity=0.00 seed=4 ep=9 success=True steps=74
2026-03-13 09:21:17,006 trace.runner.sweep_runner INFO: intensity=0.10 seed=0 ep=0 success=True steps=75
2026-03-13 09:21:24,302 trace.runner.sweep_runner INFO: intensity=0.10 seed=0 ep=1 success=True steps=96
2026-03-13 09:21:30,747 trace.runner.sweep_runner INFO: intensity=0.10 seed=0 ep=2 success=True steps=83
2026-03-13 09:21:37,099 trace.runner.sweep_runner INFO: intensity=0.10 seed=0 ep=3 success=True steps=79
2026-03-13 09:21:43,289 trace.runner.sweep_runner INFO: intensity=0.10 seed=0 ep=4 success=True steps=76
2026-03-13 09:21:49,213 trace.runner.sweep_runner INFO: intensity=0.10 seed=0 ep=5 success=True steps=74
2026-03-13 09:21:55,355 trace.runner.sweep_runner INFO: intensity=0.10 seed=0 ep=6 success=True steps=76
2026-03-13 09:22:01,673 trace.runner.sweep_runner INFO: intensity=0.10 seed=0 ep=7 success=True steps=79
2026-03-13 09:22:08,048 trace.runner.sweep_runner INFO: intensity=0.10 seed=0 ep=8 success=True steps=79
2026-03-13 09:22:14,043 trace.runner.sweep_runner INFO: intensity=0.10 seed=0 ep=9 success=True steps=74
2026-03-13 09:22:20,146 trace.runner.sweep_runner INFO: intensity=0.10 seed=1 ep=0 success=True steps=76
2026-03-13 09:22:28,009 trace.runner.sweep_runner INFO: intensity=0.10 seed=1 ep=1 success=True steps=105
2026-03-13 09:22:34,394 trace.runner.sweep_runner INFO: intensity=0.10 seed=1 ep=2 success=True steps=83
2026-03-13 09:22:40,698 trace.runner.sweep_runner INFO: intensity=0.10 seed=1 ep=3 success=True steps=79
2026-03-13 09:22:46,664 trace.runner.sweep_runner INFO: intensity=0.10 seed=1 ep=4 success=True steps=73
2026-03-13 09:22:52,829 trace.runner.sweep_runner INFO: intensity=0.10 seed=1 ep=5 success=True steps=76
2026-03-13 09:22:58,892 trace.runner.sweep_runner INFO: intensity=0.10 seed=1 ep=6 success=True steps=73
2026-03-13 09:23:05,458 trace.runner.sweep_runner INFO: intensity=0.10 seed=1 ep=7 success=True steps=81
2026-03-13 09:23:11,810 trace.runner.sweep_runner INFO: intensity=0.10 seed=1 ep=8 success=True steps=78
2026-03-13 09:23:18,076 trace.runner.sweep_runner INFO: intensity=0.10 seed=1 ep=9 success=True steps=77
2026-03-13 09:23:24,632 trace.runner.sweep_runner INFO: intensity=0.10 seed=2 ep=0 success=True steps=81
2026-03-13 09:23:30,928 trace.runner.sweep_runner INFO: intensity=0.10 seed=2 ep=1 success=True steps=80
2026-03-13 09:23:37,273 trace.runner.sweep_runner INFO: intensity=0.10 seed=2 ep=2 success=True steps=84
2026-03-13 09:23:43,702 trace.runner.sweep_runner INFO: intensity=0.10 seed=2 ep=3 success=True steps=80
2026-03-13 09:23:49,611 trace.runner.sweep_runner INFO: intensity=0.10 seed=2 ep=4 success=True steps=73
2026-03-13 09:24:00,953 trace.runner.sweep_runner INFO: intensity=0.10 seed=2 ep=5 success=True steps=156
2026-03-13 09:24:06,797 trace.runner.sweep_runner INFO: intensity=0.10 seed=2 ep=6 success=True steps=72
2026-03-13 09:24:13,193 trace.runner.sweep_runner INFO: intensity=0.10 seed=2 ep=7 success=True steps=80
2026-03-13 09:24:19,605 trace.runner.sweep_runner INFO: intensity=0.10 seed=2 ep=8 success=True steps=79
2026-03-13 09:24:25,612 trace.runner.sweep_runner INFO: intensity=0.10 seed=2 ep=9 success=True steps=75
2026-03-13 09:24:31,765 trace.runner.sweep_runner INFO: intensity=0.10 seed=3 ep=0 success=True steps=77
2026-03-13 09:24:38,207 trace.runner.sweep_runner INFO: intensity=0.10 seed=3 ep=1 success=True steps=82
2026-03-13 09:24:44,714 trace.runner.sweep_runner INFO: intensity=0.10 seed=3 ep=2 success=True steps=86
2026-03-13 09:24:51,064 trace.runner.sweep_runner INFO: intensity=0.10 seed=3 ep=3 success=True steps=78
2026-03-13 09:24:59,128 trace.runner.sweep_runner INFO: intensity=0.10 seed=3 ep=4 success=True steps=107
2026-03-13 09:25:06,959 trace.runner.sweep_runner INFO: intensity=0.10 seed=3 ep=5 success=True steps=105
2026-03-13 09:25:12,952 trace.runner.sweep_runner INFO: intensity=0.10 seed=3 ep=6 success=True steps=72
2026-03-13 09:25:19,887 trace.runner.sweep_runner INFO: intensity=0.10 seed=3 ep=7 success=True steps=86
2026-03-13 09:25:26,225 trace.runner.sweep_runner INFO: intensity=0.10 seed=3 ep=8 success=True steps=78
2026-03-13 09:25:32,296 trace.runner.sweep_runner INFO: intensity=0.10 seed=3 ep=9 success=True steps=73
2026-03-13 09:25:38,841 trace.runner.sweep_runner INFO: intensity=0.10 seed=4 ep=0 success=True steps=81
2026-03-13 09:25:44,662 trace.runner.sweep_runner INFO: intensity=0.10 seed=4 ep=1 success=True steps=71
2026-03-13 09:25:50,771 trace.runner.sweep_runner INFO: intensity=0.10 seed=4 ep=2 success=True steps=80
2026-03-13 09:25:58,986 trace.runner.sweep_runner INFO: intensity=0.10 seed=4 ep=3 success=True steps=109
2026-03-13 09:26:05,103 trace.runner.sweep_runner INFO: intensity=0.10 seed=4 ep=4 success=True steps=76
2026-03-13 09:26:11,021 trace.runner.sweep_runner INFO: intensity=0.10 seed=4 ep=5 success=True steps=75
2026-03-13 09:26:16,706 trace.runner.sweep_runner INFO: intensity=0.10 seed=4 ep=6 success=True steps=69
2026-03-13 09:26:23,217 trace.runner.sweep_runner INFO: intensity=0.10 seed=4 ep=7 success=True steps=82
2026-03-13 09:26:29,896 trace.runner.sweep_runner INFO: intensity=0.10 seed=4 ep=8 success=True steps=83
2026-03-13 09:26:36,200 trace.runner.sweep_runner INFO: intensity=0.10 seed=4 ep=9 success=True steps=78
2026-03-13 09:26:42,201 trace.runner.sweep_runner INFO: intensity=0.20 seed=0 ep=0 success=True steps=75
2026-03-13 09:26:50,325 trace.runner.sweep_runner INFO: intensity=0.20 seed=0 ep=1 success=True steps=107
2026-03-13 09:26:56,735 trace.runner.sweep_runner INFO: intensity=0.20 seed=0 ep=2 success=True steps=82
2026-03-13 09:27:02,734 trace.runner.sweep_runner INFO: intensity=0.20 seed=0 ep=3 success=True steps=75
2026-03-13 09:27:08,995 trace.runner.sweep_runner INFO: intensity=0.20 seed=0 ep=4 success=True steps=76
2026-03-13 09:27:15,079 trace.runner.sweep_runner INFO: intensity=0.20 seed=0 ep=5 success=True steps=75
2026-03-13 09:27:21,167 trace.runner.sweep_runner INFO: intensity=0.20 seed=0 ep=6 success=True steps=73
2026-03-13 09:27:27,849 trace.runner.sweep_runner INFO: intensity=0.20 seed=0 ep=7 success=True steps=84
2026-03-13 09:27:34,166 trace.runner.sweep_runner INFO: intensity=0.20 seed=0 ep=8 success=True steps=78
2026-03-13 09:27:40,041 trace.runner.sweep_runner INFO: intensity=0.20 seed=0 ep=9 success=True steps=73
2026-03-13 09:27:46,250 trace.runner.sweep_runner INFO: intensity=0.20 seed=1 ep=0 success=True steps=77
2026-03-13 09:27:52,240 trace.runner.sweep_runner INFO: intensity=0.20 seed=1 ep=1 success=True steps=74
2026-03-13 09:27:58,488 trace.runner.sweep_runner INFO: intensity=0.20 seed=1 ep=2 success=True steps=81
2026-03-13 09:28:04,496 trace.runner.sweep_runner INFO: intensity=0.20 seed=1 ep=3 success=True steps=75
2026-03-13 09:28:10,415 trace.runner.sweep_runner INFO: intensity=0.20 seed=1 ep=4 success=True steps=72
2026-03-13 09:28:16,407 trace.runner.sweep_runner INFO: intensity=0.20 seed=1 ep=5 success=True steps=74
2026-03-13 09:28:22,488 trace.runner.sweep_runner INFO: intensity=0.20 seed=1 ep=6 success=True steps=74
2026-03-13 09:28:29,064 trace.runner.sweep_runner INFO: intensity=0.20 seed=1 ep=7 success=True steps=81
2026-03-13 09:28:35,378 trace.runner.sweep_runner INFO: intensity=0.20 seed=1 ep=8 success=True steps=78
2026-03-13 09:28:41,510 trace.runner.sweep_runner INFO: intensity=0.20 seed=1 ep=9 success=True steps=76
2026-03-13 09:28:47,664 trace.runner.sweep_runner INFO: intensity=0.20 seed=2 ep=0 success=True steps=77
2026-03-13 09:28:53,895 trace.runner.sweep_runner INFO: intensity=0.20 seed=2 ep=1 success=True steps=79
2026-03-13 09:29:00,016 trace.runner.sweep_runner INFO: intensity=0.20 seed=2 ep=2 success=True steps=80
2026-03-13 09:29:06,005 trace.runner.sweep_runner INFO: intensity=0.20 seed=2 ep=3 success=True steps=74
2026-03-13 09:29:12,000 trace.runner.sweep_runner INFO: intensity=0.20 seed=2 ep=4 success=True steps=74
2026-03-13 09:29:17,985 trace.runner.sweep_runner INFO: intensity=0.20 seed=2 ep=5 success=True steps=73
2026-03-13 09:29:23,937 trace.runner.sweep_runner INFO: intensity=0.20 seed=2 ep=6 success=True steps=74
2026-03-13 09:29:30,621 trace.runner.sweep_runner INFO: intensity=0.20 seed=2 ep=7 success=True steps=83
2026-03-13 09:29:36,662 trace.runner.sweep_runner INFO: intensity=0.20 seed=2 ep=8 success=True steps=75
2026-03-13 09:29:42,822 trace.runner.sweep_runner INFO: intensity=0.20 seed=2 ep=9 success=True steps=76
2026-03-13 09:29:48,986 trace.runner.sweep_runner INFO: intensity=0.20 seed=3 ep=0 success=True steps=76
2026-03-13 09:29:59,658 trace.runner.sweep_runner INFO: intensity=0.20 seed=3 ep=1 success=True steps=147
2026-03-13 09:30:06,253 trace.runner.sweep_runner INFO: intensity=0.20 seed=3 ep=2 success=True steps=86
2026-03-13 09:30:12,588 trace.runner.sweep_runner INFO: intensity=0.20 seed=3 ep=3 success=True steps=79
2026-03-13 09:30:18,539 trace.runner.sweep_runner INFO: intensity=0.20 seed=3 ep=4 success=True steps=74
2026-03-13 09:30:24,366 trace.runner.sweep_runner INFO: intensity=0.20 seed=3 ep=5 success=True steps=71
2026-03-13 09:30:30,325 trace.runner.sweep_runner INFO: intensity=0.20 seed=3 ep=6 success=True steps=75
2026-03-13 09:30:37,014 trace.runner.sweep_runner INFO: intensity=0.20 seed=3 ep=7 success=True steps=84
2026-03-13 09:30:43,194 trace.runner.sweep_runner INFO: intensity=0.20 seed=3 ep=8 success=True steps=76
2026-03-13 09:30:49,208 trace.runner.sweep_runner INFO: intensity=0.20 seed=3 ep=9 success=True steps=74
2026-03-13 09:30:55,418 trace.runner.sweep_runner INFO: intensity=0.20 seed=4 ep=0 success=True steps=77
2026-03-13 09:31:01,637 trace.runner.sweep_runner INFO: intensity=0.20 seed=4 ep=1 success=True steps=77
2026-03-13 09:31:07,749 trace.runner.sweep_runner INFO: intensity=0.20 seed=4 ep=2 success=True steps=80
2026-03-13 09:31:14,041 trace.runner.sweep_runner INFO: intensity=0.20 seed=4 ep=3 success=True steps=77
2026-03-13 09:31:20,311 trace.runner.sweep_runner INFO: intensity=0.20 seed=4 ep=4 success=True steps=77
2026-03-13 09:31:26,426 trace.runner.sweep_runner INFO: intensity=0.20 seed=4 ep=5 success=True steps=76
2026-03-13 09:31:32,351 trace.runner.sweep_runner INFO: intensity=0.20 seed=4 ep=6 success=True steps=72
2026-03-13 09:31:38,862 trace.runner.sweep_runner INFO: intensity=0.20 seed=4 ep=7 success=True steps=82
2026-03-13 09:31:45,101 trace.runner.sweep_runner INFO: intensity=0.20 seed=4 ep=8 success=True steps=76
2026-03-13 09:31:51,203 trace.runner.sweep_runner INFO: intensity=0.20 seed=4 ep=9 success=True steps=75
2026-03-13 09:31:57,413 trace.runner.sweep_runner INFO: intensity=0.30 seed=0 ep=0 success=True steps=76
2026-03-13 09:32:03,432 trace.runner.sweep_runner INFO: intensity=0.30 seed=0 ep=1 success=True steps=74
2026-03-13 09:32:10,068 trace.runner.sweep_runner INFO: intensity=0.30 seed=0 ep=2 success=True steps=85
2026-03-13 09:32:16,282 trace.runner.sweep_runner INFO: intensity=0.30 seed=0 ep=3 success=True steps=76
2026-03-13 09:32:22,281 trace.runner.sweep_runner INFO: intensity=0.30 seed=0 ep=4 success=True steps=75
2026-03-13 09:32:28,265 trace.runner.sweep_runner INFO: intensity=0.30 seed=0 ep=5 success=True steps=74
2026-03-13 09:32:34,146 trace.runner.sweep_runner INFO: intensity=0.30 seed=0 ep=6 success=True steps=72
2026-03-13 09:32:40,811 trace.runner.sweep_runner INFO: intensity=0.30 seed=0 ep=7 success=True steps=82
2026-03-13 09:32:47,023 trace.runner.sweep_runner INFO: intensity=0.30 seed=0 ep=8 success=True steps=77
2026-03-13 09:32:53,062 trace.runner.sweep_runner INFO: intensity=0.30 seed=0 ep=9 success=True steps=75
2026-03-13 09:32:59,232 trace.runner.sweep_runner INFO: intensity=0.30 seed=1 ep=0 success=True steps=76
2026-03-13 09:33:05,459 trace.runner.sweep_runner INFO: intensity=0.30 seed=1 ep=1 success=True steps=78
2026-03-13 09:33:11,739 trace.runner.sweep_runner INFO: intensity=0.30 seed=1 ep=2 success=True steps=81
2026-03-13 09:33:18,000 trace.runner.sweep_runner INFO: intensity=0.30 seed=1 ep=3 success=True steps=76
2026-03-13 09:33:24,157 trace.runner.sweep_runner INFO: intensity=0.30 seed=1 ep=4 success=True steps=77
2026-03-13 09:33:30,158 trace.runner.sweep_runner INFO: intensity=0.30 seed=1 ep=5 success=True steps=75
2026-03-13 09:33:36,209 trace.runner.sweep_runner INFO: intensity=0.30 seed=1 ep=6 success=True steps=73
2026-03-13 09:33:42,447 trace.runner.sweep_runner INFO: intensity=0.30 seed=1 ep=7 success=True steps=77
2026-03-13 09:33:48,348 trace.runner.sweep_runner INFO: intensity=0.30 seed=1 ep=8 success=True steps=73
2026-03-13 09:33:54,368 trace.runner.sweep_runner INFO: intensity=0.30 seed=1 ep=9 success=True steps=75
2026-03-13 09:34:00,645 trace.runner.sweep_runner INFO: intensity=0.30 seed=2 ep=0 success=True steps=77
2026-03-13 09:34:06,929 trace.runner.sweep_runner INFO: intensity=0.30 seed=2 ep=1 success=True steps=80
2026-03-13 09:34:13,604 trace.runner.sweep_runner INFO: intensity=0.30 seed=2 ep=2 success=True steps=86
2026-03-13 09:34:19,797 trace.runner.sweep_runner INFO: intensity=0.30 seed=2 ep=3 success=True steps=77
2026-03-13 09:34:25,783 trace.runner.sweep_runner INFO: intensity=0.30 seed=2 ep=4 success=True steps=72
2026-03-13 09:34:31,827 trace.runner.sweep_runner INFO: intensity=0.30 seed=2 ep=5 success=True steps=73
2026-03-13 09:34:37,826 trace.runner.sweep_runner INFO: intensity=0.30 seed=2 ep=6 success=True steps=74
2026-03-13 09:34:44,698 trace.runner.sweep_runner INFO: intensity=0.30 seed=2 ep=7 success=True steps=85
2026-03-13 09:34:51,053 trace.runner.sweep_runner INFO: intensity=0.30 seed=2 ep=8 success=True steps=79
2026-03-13 09:34:57,129 trace.runner.sweep_runner INFO: intensity=0.30 seed=2 ep=9 success=True steps=75
2026-03-13 09:35:03,062 trace.runner.sweep_runner INFO: intensity=0.30 seed=3 ep=0 success=True steps=73
2026-03-13 09:35:09,278 trace.runner.sweep_runner INFO: intensity=0.30 seed=3 ep=1 success=True steps=78
2026-03-13 09:35:15,959 trace.runner.sweep_runner INFO: intensity=0.30 seed=3 ep=2 success=True steps=85
2026-03-13 09:35:22,215 trace.runner.sweep_runner INFO: intensity=0.30 seed=3 ep=3 success=True steps=76
2026-03-13 09:35:28,044 trace.runner.sweep_runner INFO: intensity=0.30 seed=3 ep=4 success=True steps=71
2026-03-13 09:35:34,049 trace.runner.sweep_runner INFO: intensity=0.30 seed=3 ep=5 success=True steps=75
2026-03-13 09:35:39,992 trace.runner.sweep_runner INFO: intensity=0.30 seed=3 ep=6 success=True steps=73
2026-03-13 09:35:46,639 trace.runner.sweep_runner INFO: intensity=0.30 seed=3 ep=7 success=True steps=81
2026-03-13 09:35:52,995 trace.runner.sweep_runner INFO: intensity=0.30 seed=3 ep=8 success=True steps=79
2026-03-13 09:35:58,885 trace.runner.sweep_runner INFO: intensity=0.30 seed=3 ep=9 success=True steps=72
2026-03-13 09:36:04,970 trace.runner.sweep_runner INFO: intensity=0.30 seed=4 ep=0 success=True steps=75
2026-03-13 09:36:10,949 trace.runner.sweep_runner INFO: intensity=0.30 seed=4 ep=1 success=True steps=74
2026-03-13 09:36:16,959 trace.runner.sweep_runner INFO: intensity=0.30 seed=4 ep=2 success=True steps=76
2026-03-13 09:36:23,197 trace.runner.sweep_runner INFO: intensity=0.30 seed=4 ep=3 success=True steps=78
2026-03-13 09:36:29,357 trace.runner.sweep_runner INFO: intensity=0.30 seed=4 ep=4 success=True steps=75
2026-03-13 09:36:35,564 trace.runner.sweep_runner INFO: intensity=0.30 seed=4 ep=5 success=True steps=77
2026-03-13 09:36:41,457 trace.runner.sweep_runner INFO: intensity=0.30 seed=4 ep=6 success=True steps=71
2026-03-13 09:36:47,922 trace.runner.sweep_runner INFO: intensity=0.30 seed=4 ep=7 success=True steps=79
2026-03-13 09:36:54,206 trace.runner.sweep_runner INFO: intensity=0.30 seed=4 ep=8 success=True steps=78
2026-03-13 09:37:00,298 trace.runner.sweep_runner INFO: intensity=0.30 seed=4 ep=9 success=True steps=73
2026-03-13 09:37:06,494 trace.runner.sweep_runner INFO: intensity=0.50 seed=0 ep=0 success=True steps=77
2026-03-13 09:37:12,831 trace.runner.sweep_runner INFO: intensity=0.50 seed=0 ep=1 success=True steps=80
2026-03-13 09:37:19,367 trace.runner.sweep_runner INFO: intensity=0.50 seed=0 ep=2 success=True steps=84
2026-03-13 09:37:25,596 trace.runner.sweep_runner INFO: intensity=0.50 seed=0 ep=3 success=True steps=76
2026-03-13 09:37:31,894 trace.runner.sweep_runner INFO: intensity=0.50 seed=0 ep=4 success=True steps=77
2026-03-13 09:37:38,022 trace.runner.sweep_runner INFO: intensity=0.50 seed=0 ep=5 success=True steps=76
2026-03-13 09:37:44,254 trace.runner.sweep_runner INFO: intensity=0.50 seed=0 ep=6 success=True steps=75
2026-03-13 09:37:50,860 trace.runner.sweep_runner INFO: intensity=0.50 seed=0 ep=7 success=True steps=81
2026-03-13 09:37:56,897 trace.runner.sweep_runner INFO: intensity=0.50 seed=0 ep=8 success=True steps=75
2026-03-13 09:38:03,147 trace.runner.sweep_runner INFO: intensity=0.50 seed=0 ep=9 success=True steps=77
2026-03-13 09:38:09,279 trace.runner.sweep_runner INFO: intensity=0.50 seed=1 ep=0 success=True steps=75
2026-03-13 09:38:15,667 trace.runner.sweep_runner INFO: intensity=0.50 seed=1 ep=1 success=True steps=79
2026-03-13 09:38:21,568 trace.runner.sweep_runner INFO: intensity=0.50 seed=1 ep=2 success=True steps=76
2026-03-13 09:38:27,431 trace.runner.sweep_runner INFO: intensity=0.50 seed=1 ep=3 success=True steps=72
2026-03-13 09:38:33,465 trace.runner.sweep_runner INFO: intensity=0.50 seed=1 ep=4 success=True steps=74
2026-03-13 09:38:39,447 trace.runner.sweep_runner INFO: intensity=0.50 seed=1 ep=5 success=True steps=74
2026-03-13 09:38:45,456 trace.runner.sweep_runner INFO: intensity=0.50 seed=1 ep=6 success=True steps=74
2026-03-13 09:38:51,803 trace.runner.sweep_runner INFO: intensity=0.50 seed=1 ep=7 success=True steps=79
2026-03-13 09:38:58,075 trace.runner.sweep_runner INFO: intensity=0.50 seed=1 ep=8 success=True steps=76
2026-03-13 09:39:04,151 trace.runner.sweep_runner INFO: intensity=0.50 seed=1 ep=9 success=True steps=74
2026-03-13 09:39:10,331 trace.runner.sweep_runner INFO: intensity=0.50 seed=2 ep=0 success=True steps=76
2026-03-13 09:39:16,635 trace.runner.sweep_runner INFO: intensity=0.50 seed=2 ep=1 success=True steps=78
2026-03-13 09:39:23,140 trace.runner.sweep_runner INFO: intensity=0.50 seed=2 ep=2 success=True steps=85
2026-03-13 09:39:29,625 trace.runner.sweep_runner INFO: intensity=0.50 seed=2 ep=3 success=True steps=79
2026-03-13 09:39:35,894 trace.runner.sweep_runner INFO: intensity=0.50 seed=2 ep=4 success=True steps=77
2026-03-13 09:39:42,284 trace.runner.sweep_runner INFO: intensity=0.50 seed=2 ep=5 success=True steps=79
2026-03-13 09:39:48,382 trace.runner.sweep_runner INFO: intensity=0.50 seed=2 ep=6 success=True steps=75
2026-03-13 09:39:55,082 trace.runner.sweep_runner INFO: intensity=0.50 seed=2 ep=7 success=True steps=82
2026-03-13 09:40:01,397 trace.runner.sweep_runner INFO: intensity=0.50 seed=2 ep=8 success=True steps=77
2026-03-13 09:40:07,453 trace.runner.sweep_runner INFO: intensity=0.50 seed=2 ep=9 success=True steps=73
2026-03-13 09:40:13,728 trace.runner.sweep_runner INFO: intensity=0.50 seed=3 ep=0 success=True steps=79
2026-03-13 09:40:20,223 trace.runner.sweep_runner INFO: intensity=0.50 seed=3 ep=1 success=True steps=81
2026-03-13 09:40:27,346 trace.runner.sweep_runner INFO: intensity=0.50 seed=3 ep=2 success=True steps=92
2026-03-13 09:40:33,739 trace.runner.sweep_runner INFO: intensity=0.50 seed=3 ep=3 success=True steps=80
2026-03-13 09:40:39,817 trace.runner.sweep_runner INFO: intensity=0.50 seed=3 ep=4 success=True steps=74
2026-03-13 09:40:46,022 trace.runner.sweep_runner INFO: intensity=0.50 seed=3 ep=5 success=True steps=77
2026-03-13 09:40:52,175 trace.runner.sweep_runner INFO: intensity=0.50 seed=3 ep=6 success=True steps=75
2026-03-13 09:40:58,838 trace.runner.sweep_runner INFO: intensity=0.50 seed=3 ep=7 success=True steps=83
2026-03-13 09:41:05,104 trace.runner.sweep_runner INFO: intensity=0.50 seed=3 ep=8 success=True steps=76
2026-03-13 09:41:11,318 trace.runner.sweep_runner INFO: intensity=0.50 seed=3 ep=9 success=True steps=76
2026-03-13 09:41:17,562 trace.runner.sweep_runner INFO: intensity=0.50 seed=4 ep=0 success=True steps=77
2026-03-13 09:41:23,644 trace.runner.sweep_runner INFO: intensity=0.50 seed=4 ep=1 success=True steps=74
2026-03-13 09:41:30,108 trace.runner.sweep_runner INFO: intensity=0.50 seed=4 ep=2 success=True steps=84
2026-03-13 09:41:36,753 trace.runner.sweep_runner INFO: intensity=0.50 seed=4 ep=3 success=True steps=82
2026-03-13 09:41:42,732 trace.runner.sweep_runner INFO: intensity=0.50 seed=4 ep=4 success=True steps=72
2026-03-13 09:41:49,018 trace.runner.sweep_runner INFO: intensity=0.50 seed=4 ep=5 success=True steps=78
2026-03-13 09:41:55,161 trace.runner.sweep_runner INFO: intensity=0.50 seed=4 ep=6 success=True steps=75
2026-03-13 09:42:01,884 trace.runner.sweep_runner INFO: intensity=0.50 seed=4 ep=7 success=True steps=83
2026-03-13 09:42:08,176 trace.runner.sweep_runner INFO: intensity=0.50 seed=4 ep=8 success=True steps=76
2026-03-13 09:42:14,169 trace.runner.sweep_runner INFO: intensity=0.50 seed=4 ep=9 success=True steps=73
2026-03-13 09:42:20,526 trace.runner.sweep_runner INFO: intensity=0.70 seed=0 ep=0 success=True steps=77
2026-03-13 09:42:26,741 trace.runner.sweep_runner INFO: intensity=0.70 seed=0 ep=1 success=True steps=77
2026-03-13 09:42:33,355 trace.runner.sweep_runner INFO: intensity=0.70 seed=0 ep=2 success=True steps=86
2026-03-13 09:42:39,598 trace.runner.sweep_runner INFO: intensity=0.70 seed=0 ep=3 success=True steps=76
2026-03-13 09:42:46,064 trace.runner.sweep_runner INFO: intensity=0.70 seed=0 ep=4 success=True steps=80
2026-03-13 09:42:52,313 trace.runner.sweep_runner INFO: intensity=0.70 seed=0 ep=5 success=True steps=77
2026-03-13 09:42:58,652 trace.runner.sweep_runner INFO: intensity=0.70 seed=0 ep=6 success=True steps=77
2026-03-13 09:43:05,361 trace.runner.sweep_runner INFO: intensity=0.70 seed=0 ep=7 success=True steps=83
2026-03-13 09:43:11,773 trace.runner.sweep_runner INFO: intensity=0.70 seed=0 ep=8 success=True steps=80
2026-03-13 09:43:18,261 trace.runner.sweep_runner INFO: intensity=0.70 seed=0 ep=9 success=True steps=79
2026-03-13 09:43:24,543 trace.runner.sweep_runner INFO: intensity=0.70 seed=1 ep=0 success=True steps=78
2026-03-13 09:43:30,607 trace.runner.sweep_runner INFO: intensity=0.70 seed=1 ep=1 success=True steps=75
2026-03-13 09:43:36,729 trace.runner.sweep_runner INFO: intensity=0.70 seed=1 ep=2 success=True steps=80
2026-03-13 09:43:43,190 trace.runner.sweep_runner INFO: intensity=0.70 seed=1 ep=3 success=True steps=78
2026-03-13 09:43:49,570 trace.runner.sweep_runner INFO: intensity=0.70 seed=1 ep=4 success=True steps=78
2026-03-13 09:43:55,833 trace.runner.sweep_runner INFO: intensity=0.70 seed=1 ep=5 success=True steps=78
2026-03-13 09:44:02,112 trace.runner.sweep_runner INFO: intensity=0.70 seed=1 ep=6 success=True steps=76
2026-03-13 09:44:08,776 trace.runner.sweep_runner INFO: intensity=0.70 seed=1 ep=7 success=True steps=83
2026-03-13 09:44:14,983 trace.runner.sweep_runner INFO: intensity=0.70 seed=1 ep=8 success=True steps=76
2026-03-13 09:44:21,251 trace.runner.sweep_runner INFO: intensity=0.70 seed=1 ep=9 success=True steps=77
2026-03-13 09:44:27,577 trace.runner.sweep_runner INFO: intensity=0.70 seed=2 ep=0 success=True steps=79
2026-03-13 09:44:33,948 trace.runner.sweep_runner INFO: intensity=0.70 seed=2 ep=1 success=True steps=79
2026-03-13 09:44:40,441 trace.runner.sweep_runner INFO: intensity=0.70 seed=2 ep=2 success=True steps=85
2026-03-13 09:44:46,912 trace.runner.sweep_runner INFO: intensity=0.70 seed=2 ep=3 success=True steps=79
2026-03-13 09:44:53,224 trace.runner.sweep_runner INFO: intensity=0.70 seed=2 ep=4 success=True steps=78
2026-03-13 09:44:59,735 trace.runner.sweep_runner INFO: intensity=0.70 seed=2 ep=5 success=True steps=80
2026-03-13 09:45:06,051 trace.runner.sweep_runner INFO: intensity=0.70 seed=2 ep=6 success=True steps=77
2026-03-13 09:45:12,625 trace.runner.sweep_runner INFO: intensity=0.70 seed=2 ep=7 success=True steps=80
2026-03-13 09:45:19,267 trace.runner.sweep_runner INFO: intensity=0.70 seed=2 ep=8 success=True steps=81
2026-03-13 09:45:25,572 trace.runner.sweep_runner INFO: intensity=0.70 seed=2 ep=9 success=True steps=76
2026-03-13 09:45:32,123 trace.runner.sweep_runner INFO: intensity=0.70 seed=3 ep=0 success=True steps=81
2026-03-13 09:45:38,423 trace.runner.sweep_runner INFO: intensity=0.70 seed=3 ep=1 success=True steps=79
2026-03-13 09:45:45,118 trace.runner.sweep_runner INFO: intensity=0.70 seed=3 ep=2 success=True steps=86
2026-03-13 09:45:51,368 trace.runner.sweep_runner INFO: intensity=0.70 seed=3 ep=3 success=True steps=76
2026-03-13 09:45:57,517 trace.runner.sweep_runner INFO: intensity=0.70 seed=3 ep=4 success=True steps=75
2026-03-13 09:46:03,923 trace.runner.sweep_runner INFO: intensity=0.70 seed=3 ep=5 success=True steps=80
2026-03-13 09:46:10,418 trace.runner.sweep_runner INFO: intensity=0.70 seed=3 ep=6 success=True steps=79
2026-03-13 09:46:17,176 trace.runner.sweep_runner INFO: intensity=0.70 seed=3 ep=7 success=True steps=85
2026-03-13 09:46:23,482 trace.runner.sweep_runner INFO: intensity=0.70 seed=3 ep=8 success=True steps=78
2026-03-13 09:46:29,930 trace.runner.sweep_runner INFO: intensity=0.70 seed=3 ep=9 success=True steps=79
2026-03-13 09:46:36,826 trace.runner.sweep_runner INFO: intensity=0.70 seed=4 ep=0 success=True steps=86
2026-03-13 09:46:43,221 trace.runner.sweep_runner INFO: intensity=0.70 seed=4 ep=1 success=True steps=79
2026-03-13 09:46:49,676 trace.runner.sweep_runner INFO: intensity=0.70 seed=4 ep=2 success=True steps=84
2026-03-13 09:46:56,001 trace.runner.sweep_runner INFO: intensity=0.70 seed=4 ep=3 success=True steps=77
2026-03-13 09:47:02,356 trace.runner.sweep_runner INFO: intensity=0.70 seed=4 ep=4 success=True steps=78
2026-03-13 09:47:08,677 trace.runner.sweep_runner INFO: intensity=0.70 seed=4 ep=5 success=True steps=79
2026-03-13 09:47:14,898 trace.runner.sweep_runner INFO: intensity=0.70 seed=4 ep=6 success=True steps=77
2026-03-13 09:47:21,684 trace.runner.sweep_runner INFO: intensity=0.70 seed=4 ep=7 success=True steps=85
2026-03-13 09:47:28,113 trace.runner.sweep_runner INFO: intensity=0.70 seed=4 ep=8 success=True steps=80
2026-03-13 09:47:34,497 trace.runner.sweep_runner INFO: intensity=0.70 seed=4 ep=9 success=True steps=79
2026-03-13 09:47:40,869 trace.runner.sweep_runner INFO: intensity=1.00 seed=0 ep=0 success=True steps=76
2026-03-13 09:47:47,394 trace.runner.sweep_runner INFO: intensity=1.00 seed=0 ep=1 success=True steps=81
2026-03-13 09:47:54,041 trace.runner.sweep_runner INFO: intensity=1.00 seed=0 ep=2 success=True steps=84
2026-03-13 09:48:00,673 trace.runner.sweep_runner INFO: intensity=1.00 seed=0 ep=3 success=True steps=81
2026-03-13 09:48:07,045 trace.runner.sweep_runner INFO: intensity=1.00 seed=0 ep=4 success=True steps=77
2026-03-13 09:48:16,823 trace.runner.sweep_runner INFO: intensity=1.00 seed=0 ep=5 success=True steps=131
2026-03-13 09:48:23,020 trace.runner.sweep_runner INFO: intensity=1.00 seed=0 ep=6 success=True steps=76
2026-03-13 09:48:29,908 trace.runner.sweep_runner INFO: intensity=1.00 seed=0 ep=7 success=True steps=85
2026-03-13 09:48:36,568 trace.runner.sweep_runner INFO: intensity=1.00 seed=0 ep=8 success=True steps=81
2026-03-13 09:48:43,016 trace.runner.sweep_runner INFO: intensity=1.00 seed=0 ep=9 success=True steps=80
2026-03-13 09:48:49,382 trace.runner.sweep_runner INFO: intensity=1.00 seed=1 ep=0 success=True steps=79
2026-03-13 09:48:55,843 trace.runner.sweep_runner INFO: intensity=1.00 seed=1 ep=1 success=True steps=80
2026-03-13 09:49:02,337 trace.runner.sweep_runner INFO: intensity=1.00 seed=1 ep=2 success=True steps=84
2026-03-13 09:49:08,825 trace.runner.sweep_runner INFO: intensity=1.00 seed=1 ep=3 success=True steps=79
2026-03-13 09:49:15,289 trace.runner.sweep_runner INFO: intensity=1.00 seed=1 ep=4 success=True steps=79
2026-03-13 09:49:21,861 trace.runner.sweep_runner INFO: intensity=1.00 seed=1 ep=5 success=True steps=81
2026-03-13 09:49:28,142 trace.runner.sweep_runner INFO: intensity=1.00 seed=1 ep=6 success=True steps=76
2026-03-13 09:49:35,175 trace.runner.sweep_runner INFO: intensity=1.00 seed=1 ep=7 success=True steps=86
2026-03-13 09:49:41,507 trace.runner.sweep_runner INFO: intensity=1.00 seed=1 ep=8 success=True steps=77
2026-03-13 09:49:48,029 trace.runner.sweep_runner INFO: intensity=1.00 seed=1 ep=9 success=True steps=81
2026-03-13 09:49:54,726 trace.runner.sweep_runner INFO: intensity=1.00 seed=2 ep=0 success=True steps=81
2026-03-13 09:50:00,899 trace.runner.sweep_runner INFO: intensity=1.00 seed=2 ep=1 success=True steps=78
2026-03-13 09:50:07,656 trace.runner.sweep_runner INFO: intensity=1.00 seed=2 ep=2 success=True steps=85
2026-03-13 09:50:14,043 trace.runner.sweep_runner INFO: intensity=1.00 seed=2 ep=3 success=True steps=79
2026-03-13 09:50:20,909 trace.runner.sweep_runner INFO: intensity=1.00 seed=2 ep=4 success=True steps=84
2026-03-13 09:50:27,274 trace.runner.sweep_runner INFO: intensity=1.00 seed=2 ep=5 success=True steps=78
2026-03-13 09:50:33,691 trace.runner.sweep_runner INFO: intensity=1.00 seed=2 ep=6 success=True steps=79
2026-03-13 09:50:41,063 trace.runner.sweep_runner INFO: intensity=1.00 seed=2 ep=7 success=True steps=91
2026-03-13 09:50:47,406 trace.runner.sweep_runner INFO: intensity=1.00 seed=2 ep=8 success=True steps=78
2026-03-13 09:50:54,321 trace.runner.sweep_runner INFO: intensity=1.00 seed=2 ep=9 success=True steps=84
2026-03-13 09:51:00,833 trace.runner.sweep_runner INFO: intensity=1.00 seed=3 ep=0 success=True steps=79
2026-03-13 09:51:07,399 trace.runner.sweep_runner INFO: intensity=1.00 seed=3 ep=1 success=True steps=82
2026-03-13 09:51:13,905 trace.runner.sweep_runner INFO: intensity=1.00 seed=3 ep=2 success=True steps=85
2026-03-13 09:51:20,331 trace.runner.sweep_runner INFO: intensity=1.00 seed=3 ep=3 success=True steps=79
2026-03-13 09:51:26,811 trace.runner.sweep_runner INFO: intensity=1.00 seed=3 ep=4 success=True steps=79
2026-03-13 09:51:33,267 trace.runner.sweep_runner INFO: intensity=1.00 seed=3 ep=5 success=True steps=80
2026-03-13 09:51:39,914 trace.runner.sweep_runner INFO: intensity=1.00 seed=3 ep=6 success=True steps=81
2026-03-13 09:51:46,711 trace.runner.sweep_runner INFO: intensity=1.00 seed=3 ep=7 success=True steps=83
2026-03-13 09:51:53,398 trace.runner.sweep_runner INFO: intensity=1.00 seed=3 ep=8 success=True steps=82
2026-03-13 09:51:59,914 trace.runner.sweep_runner INFO: intensity=1.00 seed=3 ep=9 success=True steps=80
2026-03-13 09:52:06,209 trace.runner.sweep_runner INFO: intensity=1.00 seed=4 ep=0 success=True steps=77
2026-03-13 09:52:12,853 trace.runner.sweep_runner INFO: intensity=1.00 seed=4 ep=1 success=True steps=81
2026-03-13 09:52:20,431 trace.runner.sweep_runner INFO: intensity=1.00 seed=4 ep=2 success=True steps=96
2026-03-13 09:52:26,757 trace.runner.sweep_runner INFO: intensity=1.00 seed=4 ep=3 success=True steps=78
2026-03-13 09:52:33,130 trace.runner.sweep_runner INFO: intensity=1.00 seed=4 ep=4 success=True steps=77
2026-03-13 09:52:39,633 trace.runner.sweep_runner INFO: intensity=1.00 seed=4 ep=5 success=True steps=80
2026-03-13 09:52:46,119 trace.runner.sweep_runner INFO: intensity=1.00 seed=4 ep=6 success=True steps=80
2026-03-13 09:52:55,789 trace.runner.sweep_runner INFO: intensity=1.00 seed=4 ep=7 success=True steps=127
2026-03-13 09:53:02,440 trace.runner.sweep_runner INFO: intensity=1.00 seed=4 ep=8 success=True steps=82
2026-03-13 09:53:08,818 trace.runner.sweep_runner INFO: intensity=1.00 seed=4 ep=9 success=True steps=78
2026-03-13 09:53:08,820 __main__ INFO:   baseline=100%, max_degradation=0%, breakpoint=none
2026-03-13 09:53:08,823 __main__ INFO:   Report updated: output/reports/report_Pi0PolicyAdapter_libero_20260313_054143.md (6/9 stressors)
2026-03-13 09:53:08,823 __main__ INFO: Running sweep 7/9: OcclusionStressor
2026-03-13 09:53:14,123 trace.runner.sweep_runner INFO: intensity=0.00 seed=0 ep=0 success=True steps=70
2026-03-13 09:53:19,482 trace.runner.sweep_runner INFO: intensity=0.00 seed=0 ep=1 success=True steps=72
2026-03-13 09:53:25,463 trace.runner.sweep_runner INFO: intensity=0.00 seed=0 ep=2 success=True steps=83
2026-03-13 09:53:31,165 trace.runner.sweep_runner INFO: intensity=0.00 seed=0 ep=3 success=True steps=77
2026-03-13 09:53:36,887 trace.runner.sweep_runner INFO: intensity=0.00 seed=0 ep=4 success=True steps=77
2026-03-13 09:53:42,547 trace.runner.sweep_runner INFO: intensity=0.00 seed=0 ep=5 success=True steps=75
2026-03-13 09:53:48,086 trace.runner.sweep_runner INFO: intensity=0.00 seed=0 ep=6 success=True steps=75
2026-03-13 09:53:54,225 trace.runner.sweep_runner INFO: intensity=0.00 seed=0 ep=7 success=True steps=81
2026-03-13 09:53:59,890 trace.runner.sweep_runner INFO: intensity=0.00 seed=0 ep=8 success=True steps=76
2026-03-13 09:54:07,017 trace.runner.sweep_runner INFO: intensity=0.00 seed=0 ep=9 success=True steps=104
2026-03-13 09:54:12,748 trace.runner.sweep_runner INFO: intensity=0.00 seed=1 ep=0 success=True steps=78
2026-03-13 09:54:20,132 trace.runner.sweep_runner INFO: intensity=0.00 seed=1 ep=1 success=True steps=106
2026-03-13 09:54:25,476 trace.runner.sweep_runner INFO: intensity=0.00 seed=1 ep=2 success=True steps=73
2026-03-13 09:54:31,150 trace.runner.sweep_runner INFO: intensity=0.00 seed=1 ep=3 success=True steps=76
2026-03-13 09:54:36,758 trace.runner.sweep_runner INFO: intensity=0.00 seed=1 ep=4 success=True steps=75
2026-03-13 09:54:42,342 trace.runner.sweep_runner INFO: intensity=0.00 seed=1 ep=5 success=True steps=75
2026-03-13 09:54:47,889 trace.runner.sweep_runner INFO: intensity=0.00 seed=1 ep=6 success=True steps=74
2026-03-13 09:54:54,068 trace.runner.sweep_runner INFO: intensity=0.00 seed=1 ep=7 success=True steps=83
2026-03-13 09:55:00,232 trace.runner.sweep_runner INFO: intensity=0.00 seed=1 ep=8 success=True steps=83
2026-03-13 09:55:06,093 trace.runner.sweep_runner INFO: intensity=0.00 seed=1 ep=9 success=True steps=77
2026-03-13 09:55:11,697 trace.runner.sweep_runner INFO: intensity=0.00 seed=2 ep=0 success=True steps=76
2026-03-13 09:55:18,994 trace.runner.sweep_runner INFO: intensity=0.00 seed=2 ep=1 success=True steps=107
2026-03-13 09:55:24,884 trace.runner.sweep_runner INFO: intensity=0.00 seed=2 ep=2 success=True steps=85
2026-03-13 09:55:30,349 trace.runner.sweep_runner INFO: intensity=0.00 seed=2 ep=3 success=True steps=73
2026-03-13 09:55:35,598 trace.runner.sweep_runner INFO: intensity=0.00 seed=2 ep=4 success=True steps=67
2026-03-13 09:55:41,311 trace.runner.sweep_runner INFO: intensity=0.00 seed=2 ep=5 success=True steps=76
2026-03-13 09:55:46,669 trace.runner.sweep_runner INFO: intensity=0.00 seed=2 ep=6 success=True steps=72
2026-03-13 09:55:52,814 trace.runner.sweep_runner INFO: intensity=0.00 seed=2 ep=7 success=True steps=82
2026-03-13 09:55:58,833 trace.runner.sweep_runner INFO: intensity=0.00 seed=2 ep=8 success=True steps=82
2026-03-13 09:56:04,315 trace.runner.sweep_runner INFO: intensity=0.00 seed=2 ep=9 success=True steps=74
2026-03-13 09:56:11,999 trace.runner.sweep_runner INFO: intensity=0.00 seed=3 ep=0 success=True steps=111
2026-03-13 09:56:19,654 trace.runner.sweep_runner INFO: intensity=0.00 seed=3 ep=1 success=True steps=112
2026-03-13 09:56:25,711 trace.runner.sweep_runner INFO: intensity=0.00 seed=3 ep=2 success=True steps=85
2026-03-13 09:56:31,481 trace.runner.sweep_runner INFO: intensity=0.00 seed=3 ep=3 success=True steps=76
2026-03-13 09:56:37,046 trace.runner.sweep_runner INFO: intensity=0.00 seed=3 ep=4 success=True steps=75
2026-03-13 09:56:44,138 trace.runner.sweep_runner INFO: intensity=0.00 seed=3 ep=5 success=True steps=103
2026-03-13 09:56:49,439 trace.runner.sweep_runner INFO: intensity=0.00 seed=3 ep=6 success=True steps=69
2026-03-13 09:56:55,684 trace.runner.sweep_runner INFO: intensity=0.00 seed=3 ep=7 success=True steps=84
2026-03-13 09:57:01,446 trace.runner.sweep_runner INFO: intensity=0.00 seed=3 ep=8 success=True steps=77
2026-03-13 09:57:06,831 trace.runner.sweep_runner INFO: intensity=0.00 seed=3 ep=9 success=True steps=72
2026-03-13 09:57:12,576 trace.runner.sweep_runner INFO: intensity=0.00 seed=4 ep=0 success=True steps=78
2026-03-13 09:57:18,282 trace.runner.sweep_runner INFO: intensity=0.00 seed=4 ep=1 success=True steps=76
2026-03-13 09:57:23,964 trace.runner.sweep_runner INFO: intensity=0.00 seed=4 ep=2 success=True steps=78
2026-03-13 09:57:29,829 trace.runner.sweep_runner INFO: intensity=0.00 seed=4 ep=3 success=True steps=78
2026-03-13 09:57:35,600 trace.runner.sweep_runner INFO: intensity=0.00 seed=4 ep=4 success=True steps=76
2026-03-13 09:57:41,102 trace.runner.sweep_runner INFO: intensity=0.00 seed=4 ep=5 success=True steps=74
2026-03-13 09:57:46,689 trace.runner.sweep_runner INFO: intensity=0.00 seed=4 ep=6 success=True steps=72
2026-03-13 09:57:52,572 trace.runner.sweep_runner INFO: intensity=0.00 seed=4 ep=7 success=True steps=78
2026-03-13 09:57:58,369 trace.runner.sweep_runner INFO: intensity=0.00 seed=4 ep=8 success=True steps=79
2026-03-13 09:58:03,835 trace.runner.sweep_runner INFO: intensity=0.00 seed=4 ep=9 success=True steps=72
2026-03-13 09:58:09,326 trace.runner.sweep_runner INFO: intensity=0.10 seed=0 ep=0 success=True steps=72
2026-03-13 09:58:14,831 trace.runner.sweep_runner INFO: intensity=0.10 seed=0 ep=1 success=True steps=75
2026-03-13 09:58:20,788 trace.runner.sweep_runner INFO: intensity=0.10 seed=0 ep=2 success=True steps=83
2026-03-13 09:58:26,538 trace.runner.sweep_runner INFO: intensity=0.10 seed=0 ep=3 success=True steps=78
2026-03-13 09:58:32,279 trace.runner.sweep_runner INFO: intensity=0.10 seed=0 ep=4 success=True steps=76
2026-03-13 09:58:37,887 trace.runner.sweep_runner INFO: intensity=0.10 seed=0 ep=5 success=True steps=74
2026-03-13 09:58:43,166 trace.runner.sweep_runner INFO: intensity=0.10 seed=0 ep=6 success=True steps=68
2026-03-13 09:58:49,064 trace.runner.sweep_runner INFO: intensity=0.10 seed=0 ep=7 success=True steps=78
2026-03-13 09:58:54,969 trace.runner.sweep_runner INFO: intensity=0.10 seed=0 ep=8 success=True steps=80
2026-03-13 09:59:02,287 trace.runner.sweep_runner INFO: intensity=0.10 seed=0 ep=9 success=True steps=105
2026-03-13 09:59:08,084 trace.runner.sweep_runner INFO: intensity=0.10 seed=1 ep=0 success=True steps=78
2026-03-13 09:59:15,323 trace.runner.sweep_runner INFO: intensity=0.10 seed=1 ep=1 success=True steps=105
2026-03-13 09:59:20,945 trace.runner.sweep_runner INFO: intensity=0.10 seed=1 ep=2 success=True steps=79
2026-03-13 09:59:26,736 trace.runner.sweep_runner INFO: intensity=0.10 seed=1 ep=3 success=True steps=77
2026-03-13 09:59:32,679 trace.runner.sweep_runner INFO: intensity=0.10 seed=1 ep=4 success=True steps=79
2026-03-13 09:59:38,375 trace.runner.sweep_runner INFO: intensity=0.10 seed=1 ep=5 success=True steps=76
2026-03-13 09:59:43,995 trace.runner.sweep_runner INFO: intensity=0.10 seed=1 ep=6 success=True steps=75
2026-03-13 09:59:50,393 trace.runner.sweep_runner INFO: intensity=0.10 seed=1 ep=7 success=True steps=86
2026-03-13 09:59:56,263 trace.runner.sweep_runner INFO: intensity=0.10 seed=1 ep=8 success=True steps=78
2026-03-13 10:00:02,064 trace.runner.sweep_runner INFO: intensity=0.10 seed=1 ep=9 success=True steps=79
2026-03-13 10:00:07,904 trace.runner.sweep_runner INFO: intensity=0.10 seed=2 ep=0 success=True steps=77
2026-03-13 10:00:15,337 trace.runner.sweep_runner INFO: intensity=0.10 seed=2 ep=1 success=True steps=107
2026-03-13 10:00:20,641 trace.runner.sweep_runner INFO: intensity=0.10 seed=2 ep=2 success=True steps=74
2026-03-13 10:00:26,537 trace.runner.sweep_runner INFO: intensity=0.10 seed=2 ep=3 success=True steps=79
2026-03-13 10:00:32,100 trace.runner.sweep_runner INFO: intensity=0.10 seed=2 ep=4 success=True steps=74
2026-03-13 10:00:37,598 trace.runner.sweep_runner INFO: intensity=0.10 seed=2 ep=5 success=True steps=73
2026-03-13 10:00:43,101 trace.runner.sweep_runner INFO: intensity=0.10 seed=2 ep=6 success=True steps=72
2026-03-13 10:00:49,239 trace.runner.sweep_runner INFO: intensity=0.10 seed=2 ep=7 success=True steps=82
2026-03-13 10:00:55,456 trace.runner.sweep_runner INFO: intensity=0.10 seed=2 ep=8 success=True steps=85
2026-03-13 10:01:00,934 trace.runner.sweep_runner INFO: intensity=0.10 seed=2 ep=9 success=True steps=73
2026-03-13 10:01:06,996 trace.runner.sweep_runner INFO: intensity=0.10 seed=3 ep=0 success=True steps=83
2026-03-13 10:01:14,540 trace.runner.sweep_runner INFO: intensity=0.10 seed=3 ep=1 success=True steps=110
2026-03-13 10:01:20,664 trace.runner.sweep_runner INFO: intensity=0.10 seed=3 ep=2 success=True steps=86
2026-03-13 10:01:26,434 trace.runner.sweep_runner INFO: intensity=0.10 seed=3 ep=3 success=True steps=78
2026-03-13 10:01:32,048 trace.runner.sweep_runner INFO: intensity=0.10 seed=3 ep=4 success=True steps=75
2026-03-13 10:01:37,477 trace.runner.sweep_runner INFO: intensity=0.10 seed=3 ep=5 success=True steps=72
2026-03-13 10:01:43,138 trace.runner.sweep_runner INFO: intensity=0.10 seed=3 ep=6 success=True steps=73
2026-03-13 10:01:49,376 trace.runner.sweep_runner INFO: intensity=0.10 seed=3 ep=7 success=True steps=84
2026-03-13 10:01:55,408 trace.runner.sweep_runner INFO: intensity=0.10 seed=3 ep=8 success=True steps=81
2026-03-13 10:02:01,029 trace.runner.sweep_runner INFO: intensity=0.10 seed=3 ep=9 success=True steps=75
2026-03-13 10:02:06,754 trace.runner.sweep_runner INFO: intensity=0.10 seed=4 ep=0 success=True steps=76
2026-03-13 10:02:12,218 trace.runner.sweep_runner INFO: intensity=0.10 seed=4 ep=1 success=True steps=75
2026-03-13 10:02:17,493 trace.runner.sweep_runner INFO: intensity=0.10 seed=4 ep=2 success=True steps=73
2026-03-13 10:02:23,255 trace.runner.sweep_runner INFO: intensity=0.10 seed=4 ep=3 success=True steps=76
2026-03-13 10:02:28,653 trace.runner.sweep_runner INFO: intensity=0.10 seed=4 ep=4 success=True steps=72
2026-03-13 10:02:34,632 trace.runner.sweep_runner INFO: intensity=0.10 seed=4 ep=5 success=True steps=81
2026-03-13 10:02:40,282 trace.runner.sweep_runner INFO: intensity=0.10 seed=4 ep=6 success=True steps=73
2026-03-13 10:02:46,016 trace.runner.sweep_runner INFO: intensity=0.10 seed=4 ep=7 success=True steps=77
2026-03-13 10:03:00,057 trace.runner.sweep_runner INFO: intensity=0.10 seed=4 ep=8 success=False steps=220
2026-03-13 10:03:05,657 trace.runner.sweep_runner INFO: intensity=0.10 seed=4 ep=9 success=True steps=73
2026-03-13 10:03:11,083 trace.runner.sweep_runner INFO: intensity=0.20 seed=0 ep=0 success=True steps=72
2026-03-13 10:03:18,596 trace.runner.sweep_runner INFO: intensity=0.20 seed=0 ep=1 success=True steps=109
2026-03-13 10:03:24,835 trace.runner.sweep_runner INFO: intensity=0.20 seed=0 ep=2 success=True steps=87
2026-03-13 10:03:30,824 trace.runner.sweep_runner INFO: intensity=0.20 seed=0 ep=3 success=True steps=80
2026-03-13 10:03:36,255 trace.runner.sweep_runner INFO: intensity=0.20 seed=0 ep=4 success=True steps=71
2026-03-13 10:03:42,005 trace.runner.sweep_runner INFO: intensity=0.20 seed=0 ep=5 success=True steps=76
2026-03-13 10:03:47,578 trace.runner.sweep_runner INFO: intensity=0.20 seed=0 ep=6 success=True steps=73
2026-03-13 10:03:53,759 trace.runner.sweep_runner INFO: intensity=0.20 seed=0 ep=7 success=True steps=81
2026-03-13 10:03:59,775 trace.runner.sweep_runner INFO: intensity=0.20 seed=0 ep=8 success=True steps=81
2026-03-13 10:04:08,824 trace.runner.sweep_runner INFO: intensity=0.20 seed=0 ep=9 success=True steps=135
2026-03-13 10:04:14,599 trace.runner.sweep_runner INFO: intensity=0.20 seed=1 ep=0 success=True steps=77
2026-03-13 10:04:23,505 trace.runner.sweep_runner INFO: intensity=0.20 seed=1 ep=1 success=True steps=134
2026-03-13 10:04:29,022 trace.runner.sweep_runner INFO: intensity=0.20 seed=1 ep=2 success=True steps=76
2026-03-13 10:04:34,570 trace.runner.sweep_runner INFO: intensity=0.20 seed=1 ep=3 success=True steps=74
2026-03-13 10:04:39,994 trace.runner.sweep_runner INFO: intensity=0.20 seed=1 ep=4 success=True steps=72
2026-03-13 10:04:45,846 trace.runner.sweep_runner INFO: intensity=0.20 seed=1 ep=5 success=True steps=80
2026-03-13 10:04:51,375 trace.runner.sweep_runner INFO: intensity=0.20 seed=1 ep=6 success=True steps=72
2026-03-13 10:04:57,342 trace.runner.sweep_runner INFO: intensity=0.20 seed=1 ep=7 success=True steps=80
2026-03-13 10:05:02,999 trace.runner.sweep_runner INFO: intensity=0.20 seed=1 ep=8 success=True steps=75
2026-03-13 10:05:08,769 trace.runner.sweep_runner INFO: intensity=0.20 seed=1 ep=9 success=True steps=78
2026-03-13 10:05:14,517 trace.runner.sweep_runner INFO: intensity=0.20 seed=2 ep=0 success=True steps=77
2026-03-13 10:05:20,330 trace.runner.sweep_runner INFO: intensity=0.20 seed=2 ep=1 success=True steps=80
2026-03-13 10:05:25,925 trace.runner.sweep_runner INFO: intensity=0.20 seed=2 ep=2 success=True steps=78
2026-03-13 10:05:31,364 trace.runner.sweep_runner INFO: intensity=0.20 seed=2 ep=3 success=True steps=72
2026-03-13 10:05:36,850 trace.runner.sweep_runner INFO: intensity=0.20 seed=2 ep=4 success=True steps=72
2026-03-13 10:05:42,631 trace.runner.sweep_runner INFO: intensity=0.20 seed=2 ep=5 success=True steps=78
2026-03-13 10:05:55,431 trace.runner.sweep_runner INFO: intensity=0.20 seed=2 ep=6 success=True steps=192
2026-03-13 10:06:01,545 trace.runner.sweep_runner INFO: intensity=0.20 seed=2 ep=7 success=True steps=83
2026-03-13 10:06:07,765 trace.runner.sweep_runner INFO: intensity=0.20 seed=2 ep=8 success=True steps=83
2026-03-13 10:06:13,192 trace.runner.sweep_runner INFO: intensity=0.20 seed=2 ep=9 success=True steps=71
2026-03-13 10:06:20,277 trace.runner.sweep_runner INFO: intensity=0.20 seed=3 ep=0 success=True steps=101
2026-03-13 10:06:27,663 trace.runner.sweep_runner INFO: intensity=0.20 seed=3 ep=1 success=True steps=106
2026-03-13 10:06:33,466 trace.runner.sweep_runner INFO: intensity=0.20 seed=3 ep=2 success=True steps=81
2026-03-13 10:06:39,148 trace.runner.sweep_runner INFO: intensity=0.20 seed=3 ep=3 success=True steps=76
2026-03-13 10:06:44,671 trace.runner.sweep_runner INFO: intensity=0.20 seed=3 ep=4 success=True steps=72
2026-03-13 10:06:51,860 trace.runner.sweep_runner INFO: intensity=0.20 seed=3 ep=5 success=True steps=104
2026-03-13 10:06:57,371 trace.runner.sweep_runner INFO: intensity=0.20 seed=3 ep=6 success=True steps=72
2026-03-13 10:07:03,596 trace.runner.sweep_runner INFO: intensity=0.20 seed=3 ep=7 success=True steps=83
2026-03-13 10:07:09,178 trace.runner.sweep_runner INFO: intensity=0.20 seed=3 ep=8 success=True steps=75
2026-03-13 10:07:14,634 trace.runner.sweep_runner INFO: intensity=0.20 seed=3 ep=9 success=True steps=72
2026-03-13 10:07:20,430 trace.runner.sweep_runner INFO: intensity=0.20 seed=4 ep=0 success=True steps=79
2026-03-13 10:07:27,997 trace.runner.sweep_runner INFO: intensity=0.20 seed=4 ep=1 success=True steps=110
2026-03-13 10:07:35,498 trace.runner.sweep_runner INFO: intensity=0.20 seed=4 ep=2 success=True steps=107
2026-03-13 10:07:41,205 trace.runner.sweep_runner INFO: intensity=0.20 seed=4 ep=3 success=True steps=76
2026-03-13 10:07:46,711 trace.runner.sweep_runner INFO: intensity=0.20 seed=4 ep=4 success=True steps=73
2026-03-13 10:07:52,693 trace.runner.sweep_runner INFO: intensity=0.20 seed=4 ep=5 success=True steps=81
2026-03-13 10:07:57,961 trace.runner.sweep_runner INFO: intensity=0.20 seed=4 ep=6 success=True steps=67
2026-03-13 10:08:05,589 trace.runner.sweep_runner INFO: intensity=0.20 seed=4 ep=7 success=True steps=109
2026-03-13 10:08:11,725 trace.runner.sweep_runner INFO: intensity=0.20 seed=4 ep=8 success=True steps=81
2026-03-13 10:08:17,199 trace.runner.sweep_runner INFO: intensity=0.20 seed=4 ep=9 success=True steps=73
2026-03-13 10:08:22,986 trace.runner.sweep_runner INFO: intensity=0.30 seed=0 ep=0 success=True steps=77
2026-03-13 10:08:30,382 trace.runner.sweep_runner INFO: intensity=0.30 seed=0 ep=1 success=True steps=106
2026-03-13 10:08:36,336 trace.runner.sweep_runner INFO: intensity=0.30 seed=0 ep=2 success=True steps=83
2026-03-13 10:08:42,048 trace.runner.sweep_runner INFO: intensity=0.30 seed=0 ep=3 success=True steps=76
2026-03-13 10:08:47,592 trace.runner.sweep_runner INFO: intensity=0.30 seed=0 ep=4 success=True steps=75
2026-03-13 10:08:53,329 trace.runner.sweep_runner INFO: intensity=0.30 seed=0 ep=5 success=True steps=76
2026-03-13 10:08:59,086 trace.runner.sweep_runner INFO: intensity=0.30 seed=0 ep=6 success=True steps=76
2026-03-13 10:09:05,309 trace.runner.sweep_runner INFO: intensity=0.30 seed=0 ep=7 success=True steps=83
2026-03-13 10:09:11,310 trace.runner.sweep_runner INFO: intensity=0.30 seed=0 ep=8 success=True steps=81
2026-03-13 10:09:17,130 trace.runner.sweep_runner INFO: intensity=0.30 seed=0 ep=9 success=True steps=80
2026-03-13 10:09:22,962 trace.runner.sweep_runner INFO: intensity=0.30 seed=1 ep=0 success=True steps=78
2026-03-13 10:09:30,388 trace.runner.sweep_runner INFO: intensity=0.30 seed=1 ep=1 success=True steps=107
2026-03-13 10:09:36,004 trace.runner.sweep_runner INFO: intensity=0.30 seed=1 ep=2 success=True steps=77
2026-03-13 10:09:41,830 trace.runner.sweep_runner INFO: intensity=0.30 seed=1 ep=3 success=True steps=77
2026-03-13 10:09:47,565 trace.runner.sweep_runner INFO: intensity=0.30 seed=1 ep=4 success=True steps=75
2026-03-13 10:09:53,369 trace.runner.sweep_runner INFO: intensity=0.30 seed=1 ep=5 success=True steps=77
2026-03-13 10:09:58,869 trace.runner.sweep_runner INFO: intensity=0.30 seed=1 ep=6 success=True steps=71
2026-03-13 10:10:04,883 trace.runner.sweep_runner INFO: intensity=0.30 seed=1 ep=7 success=True steps=80
2026-03-13 10:10:10,818 trace.runner.sweep_runner INFO: intensity=0.30 seed=1 ep=8 success=True steps=79
2026-03-13 10:10:16,673 trace.runner.sweep_runner INFO: intensity=0.30 seed=1 ep=9 success=True steps=76
2026-03-13 10:10:22,399 trace.runner.sweep_runner INFO: intensity=0.30 seed=2 ep=0 success=True steps=78
2026-03-13 10:10:30,535 trace.runner.sweep_runner INFO: intensity=0.30 seed=2 ep=1 success=True steps=117
2026-03-13 10:10:36,194 trace.runner.sweep_runner INFO: intensity=0.30 seed=2 ep=2 success=True steps=80
2026-03-13 10:10:41,934 trace.runner.sweep_runner INFO: intensity=0.30 seed=2 ep=3 success=True steps=76
2026-03-13 10:10:47,506 trace.runner.sweep_runner INFO: intensity=0.30 seed=2 ep=4 success=True steps=74
2026-03-13 10:10:53,140 trace.runner.sweep_runner INFO: intensity=0.30 seed=2 ep=5 success=True steps=73
2026-03-13 10:11:00,437 trace.runner.sweep_runner INFO: intensity=0.30 seed=2 ep=6 success=True steps=104
2026-03-13 10:11:06,490 trace.runner.sweep_runner INFO: intensity=0.30 seed=2 ep=7 success=True steps=81
2026-03-13 10:11:12,715 trace.runner.sweep_runner INFO: intensity=0.30 seed=2 ep=8 success=True steps=84
2026-03-13 10:11:18,311 trace.runner.sweep_runner INFO: intensity=0.30 seed=2 ep=9 success=True steps=74
2026-03-13 10:11:24,288 trace.runner.sweep_runner INFO: intensity=0.30 seed=3 ep=0 success=True steps=81
2026-03-13 10:11:32,023 trace.runner.sweep_runner INFO: intensity=0.30 seed=3 ep=1 success=True steps=112
2026-03-13 10:11:38,121 trace.runner.sweep_runner INFO: intensity=0.30 seed=3 ep=2 success=True steps=84
2026-03-13 10:11:43,988 trace.runner.sweep_runner INFO: intensity=0.30 seed=3 ep=3 success=True steps=78
2026-03-13 10:11:49,547 trace.runner.sweep_runner INFO: intensity=0.30 seed=3 ep=4 success=True steps=73
2026-03-13 10:11:54,948 trace.runner.sweep_runner INFO: intensity=0.30 seed=3 ep=5 success=True steps=72
2026-03-13 10:12:00,443 trace.runner.sweep_runner INFO: intensity=0.30 seed=3 ep=6 success=True steps=71
2026-03-13 10:12:06,650 trace.runner.sweep_runner INFO: intensity=0.30 seed=3 ep=7 success=True steps=84
2026-03-13 10:12:12,576 trace.runner.sweep_runner INFO: intensity=0.30 seed=3 ep=8 success=True steps=79
2026-03-13 10:12:18,144 trace.runner.sweep_runner INFO: intensity=0.30 seed=3 ep=9 success=True steps=75
2026-03-13 10:12:23,888 trace.runner.sweep_runner INFO: intensity=0.30 seed=4 ep=0 success=True steps=76
2026-03-13 10:12:29,300 trace.runner.sweep_runner INFO: intensity=0.30 seed=4 ep=1 success=True steps=72
2026-03-13 10:12:34,882 trace.runner.sweep_runner INFO: intensity=0.30 seed=4 ep=2 success=True steps=76
2026-03-13 10:12:40,428 trace.runner.sweep_runner INFO: intensity=0.30 seed=4 ep=3 success=True steps=74
2026-03-13 10:12:46,313 trace.runner.sweep_runner INFO: intensity=0.30 seed=4 ep=4 success=True steps=78
2026-03-13 10:12:52,158 trace.runner.sweep_runner INFO: intensity=0.30 seed=4 ep=5 success=True steps=80
2026-03-13 10:12:57,569 trace.runner.sweep_runner INFO: intensity=0.30 seed=4 ep=6 success=True steps=69
2026-03-13 10:13:03,383 trace.runner.sweep_runner INFO: intensity=0.30 seed=4 ep=7 success=True steps=76
2026-03-13 10:13:09,215 trace.runner.sweep_runner INFO: intensity=0.30 seed=4 ep=8 success=True steps=77
2026-03-13 10:13:14,792 trace.runner.sweep_runner INFO: intensity=0.30 seed=4 ep=9 success=True steps=73
2026-03-13 10:13:20,883 trace.runner.sweep_runner INFO: intensity=0.50 seed=0 ep=0 success=True steps=81
2026-03-13 10:13:28,456 trace.runner.sweep_runner INFO: intensity=0.50 seed=0 ep=1 success=True steps=110
2026-03-13 10:13:34,414 trace.runner.sweep_runner INFO: intensity=0.50 seed=0 ep=2 success=True steps=81
2026-03-13 10:13:40,285 trace.runner.sweep_runner INFO: intensity=0.50 seed=0 ep=3 success=True steps=77
2026-03-13 10:13:46,158 trace.runner.sweep_runner INFO: intensity=0.50 seed=0 ep=4 success=True steps=79
2026-03-13 10:13:51,643 trace.runner.sweep_runner INFO: intensity=0.50 seed=0 ep=5 success=True steps=71
2026-03-13 10:13:57,243 trace.runner.sweep_runner INFO: intensity=0.50 seed=0 ep=6 success=True steps=74
2026-03-13 10:14:03,436 trace.runner.sweep_runner INFO: intensity=0.50 seed=0 ep=7 success=True steps=82
2026-03-13 10:14:09,427 trace.runner.sweep_runner INFO: intensity=0.50 seed=0 ep=8 success=True steps=80
2026-03-13 10:14:15,215 trace.runner.sweep_runner INFO: intensity=0.50 seed=0 ep=9 success=True steps=78
2026-03-13 10:14:21,004 trace.runner.sweep_runner INFO: intensity=0.50 seed=1 ep=0 success=True steps=77
2026-03-13 10:14:28,633 trace.runner.sweep_runner INFO: intensity=0.50 seed=1 ep=1 success=True steps=109
2026-03-13 10:14:34,119 trace.runner.sweep_runner INFO: intensity=0.50 seed=1 ep=2 success=True steps=75
2026-03-13 10:14:39,879 trace.runner.sweep_runner INFO: intensity=0.50 seed=1 ep=3 success=True steps=77
2026-03-13 10:14:45,673 trace.runner.sweep_runner INFO: intensity=0.50 seed=1 ep=4 success=True steps=76
2026-03-13 10:14:51,545 trace.runner.sweep_runner INFO: intensity=0.50 seed=1 ep=5 success=True steps=79
2026-03-13 10:14:57,267 trace.runner.sweep_runner INFO: intensity=0.50 seed=1 ep=6 success=True steps=75
2026-03-13 10:15:03,132 trace.runner.sweep_runner INFO: intensity=0.50 seed=1 ep=7 success=True steps=78
2026-03-13 10:15:09,305 trace.runner.sweep_runner INFO: intensity=0.50 seed=1 ep=8 success=True steps=82
2026-03-13 10:15:15,206 trace.runner.sweep_runner INFO: intensity=0.50 seed=1 ep=9 success=True steps=79
2026-03-13 10:15:20,733 trace.runner.sweep_runner INFO: intensity=0.50 seed=2 ep=0 success=True steps=74
2026-03-13 10:15:28,492 trace.runner.sweep_runner INFO: intensity=0.50 seed=2 ep=1 success=True steps=112
2026-03-13 10:15:36,228 trace.runner.sweep_runner INFO: intensity=0.50 seed=2 ep=2 success=True steps=115
2026-03-13 10:15:43,542 trace.runner.sweep_runner INFO: intensity=0.50 seed=2 ep=3 success=True steps=105
2026-03-13 10:15:49,151 trace.runner.sweep_runner INFO: intensity=0.50 seed=2 ep=4 success=True steps=73
2026-03-13 10:15:54,939 trace.runner.sweep_runner INFO: intensity=0.50 seed=2 ep=5 success=True steps=78
2026-03-13 10:16:00,708 trace.runner.sweep_runner INFO: intensity=0.50 seed=2 ep=6 success=True steps=78
2026-03-13 10:16:06,853 trace.runner.sweep_runner INFO: intensity=0.50 seed=2 ep=7 success=True steps=82
2026-03-13 10:16:12,808 trace.runner.sweep_runner INFO: intensity=0.50 seed=2 ep=8 success=True steps=79
2026-03-13 10:16:18,364 trace.runner.sweep_runner INFO: intensity=0.50 seed=2 ep=9 success=True steps=74
2026-03-13 10:16:24,370 trace.runner.sweep_runner INFO: intensity=0.50 seed=3 ep=0 success=True steps=81
2026-03-13 10:16:32,308 trace.runner.sweep_runner INFO: intensity=0.50 seed=3 ep=1 success=True steps=114
2026-03-13 10:16:38,421 trace.runner.sweep_runner INFO: intensity=0.50 seed=3 ep=2 success=True steps=86
2026-03-13 10:16:44,247 trace.runner.sweep_runner INFO: intensity=0.50 seed=3 ep=3 success=True steps=78
2026-03-13 10:16:49,778 trace.runner.sweep_runner INFO: intensity=0.50 seed=3 ep=4 success=True steps=73
2026-03-13 10:16:57,430 trace.runner.sweep_runner INFO: intensity=0.50 seed=3 ep=5 success=True steps=109
2026-03-13 10:17:03,145 trace.runner.sweep_runner INFO: intensity=0.50 seed=3 ep=6 success=True steps=75
2026-03-13 10:17:09,245 trace.runner.sweep_runner INFO: intensity=0.50 seed=3 ep=7 success=True steps=82
2026-03-13 10:17:15,276 trace.runner.sweep_runner INFO: intensity=0.50 seed=3 ep=8 success=True steps=80
2026-03-13 10:17:20,809 trace.runner.sweep_runner INFO: intensity=0.50 seed=3 ep=9 success=True steps=74
2026-03-13 10:17:26,606 trace.runner.sweep_runner INFO: intensity=0.50 seed=4 ep=0 success=True steps=78
2026-03-13 10:17:32,074 trace.runner.sweep_runner INFO: intensity=0.50 seed=4 ep=1 success=True steps=72
2026-03-13 10:17:37,945 trace.runner.sweep_runner INFO: intensity=0.50 seed=4 ep=2 success=True steps=82
2026-03-13 10:17:46,092 trace.runner.sweep_runner INFO: intensity=0.50 seed=4 ep=3 success=True steps=115
2026-03-13 10:17:51,974 trace.runner.sweep_runner INFO: intensity=0.50 seed=4 ep=4 success=True steps=76
2026-03-13 10:17:57,874 trace.runner.sweep_runner INFO: intensity=0.50 seed=4 ep=5 success=True steps=80
2026-03-13 10:18:03,347 trace.runner.sweep_runner INFO: intensity=0.50 seed=4 ep=6 success=True steps=71
2026-03-13 10:18:09,510 trace.runner.sweep_runner INFO: intensity=0.50 seed=4 ep=7 success=True steps=81
2026-03-13 10:18:15,356 trace.runner.sweep_runner INFO: intensity=0.50 seed=4 ep=8 success=True steps=80
2026-03-13 10:18:21,148 trace.runner.sweep_runner INFO: intensity=0.50 seed=4 ep=9 success=True steps=76
2026-03-13 10:18:26,577 trace.runner.sweep_runner INFO: intensity=0.70 seed=0 ep=0 success=True steps=72
2026-03-13 10:18:34,350 trace.runner.sweep_runner INFO: intensity=0.70 seed=0 ep=1 success=True steps=112
2026-03-13 10:18:40,384 trace.runner.sweep_runner INFO: intensity=0.70 seed=0 ep=2 success=True steps=81
2026-03-13 10:18:46,363 trace.runner.sweep_runner INFO: intensity=0.70 seed=0 ep=3 success=True steps=79
2026-03-13 10:18:52,046 trace.runner.sweep_runner INFO: intensity=0.70 seed=0 ep=4 success=True steps=74
2026-03-13 10:18:57,747 trace.runner.sweep_runner INFO: intensity=0.70 seed=0 ep=5 success=True steps=76
2026-03-13 10:19:04,056 trace.runner.sweep_runner INFO: intensity=0.70 seed=0 ep=6 success=True steps=82
2026-03-13 10:19:10,144 trace.runner.sweep_runner INFO: intensity=0.70 seed=0 ep=7 success=True steps=81
2026-03-13 10:19:16,254 trace.runner.sweep_runner INFO: intensity=0.70 seed=0 ep=8 success=True steps=81
2026-03-13 10:19:22,094 trace.runner.sweep_runner INFO: intensity=0.70 seed=0 ep=9 success=True steps=79
2026-03-13 10:19:27,970 trace.runner.sweep_runner INFO: intensity=0.70 seed=1 ep=0 success=True steps=79
2026-03-13 10:19:35,479 trace.runner.sweep_runner INFO: intensity=0.70 seed=1 ep=1 success=True steps=108
2026-03-13 10:19:41,251 trace.runner.sweep_runner INFO: intensity=0.70 seed=1 ep=2 success=True steps=80
2026-03-13 10:19:46,882 trace.runner.sweep_runner INFO: intensity=0.70 seed=1 ep=3 success=True steps=75
2026-03-13 10:19:52,444 trace.runner.sweep_runner INFO: intensity=0.70 seed=1 ep=4 success=True steps=74
2026-03-13 10:19:58,409 trace.runner.sweep_runner INFO: intensity=0.70 seed=1 ep=5 success=True steps=79
2026-03-13 10:20:03,955 trace.runner.sweep_runner INFO: intensity=0.70 seed=1 ep=6 success=True steps=73
2026-03-13 10:20:10,186 trace.runner.sweep_runner INFO: intensity=0.70 seed=1 ep=7 success=True steps=83
2026-03-13 10:20:16,040 trace.runner.sweep_runner INFO: intensity=0.70 seed=1 ep=8 success=True steps=76
2026-03-13 10:20:24,668 trace.runner.sweep_runner INFO: intensity=0.70 seed=1 ep=9 success=True steps=126
2026-03-13 10:20:30,475 trace.runner.sweep_runner INFO: intensity=0.70 seed=2 ep=0 success=True steps=77
2026-03-13 10:20:36,368 trace.runner.sweep_runner INFO: intensity=0.70 seed=2 ep=1 success=True steps=80
2026-03-13 10:20:42,643 trace.runner.sweep_runner INFO: intensity=0.70 seed=2 ep=2 success=True steps=87
2026-03-13 10:20:48,671 trace.runner.sweep_runner INFO: intensity=0.70 seed=2 ep=3 success=True steps=79
2026-03-13 10:20:54,441 trace.runner.sweep_runner INFO: intensity=0.70 seed=2 ep=4 success=True steps=77
2026-03-13 10:20:59,992 trace.runner.sweep_runner INFO: intensity=0.70 seed=2 ep=5 success=True steps=72
2026-03-13 10:21:05,843 trace.runner.sweep_runner INFO: intensity=0.70 seed=2 ep=6 success=True steps=76
2026-03-13 10:21:11,675 trace.runner.sweep_runner INFO: intensity=0.70 seed=2 ep=7 success=True steps=79
2026-03-13 10:21:17,828 trace.runner.sweep_runner INFO: intensity=0.70 seed=2 ep=8 success=True steps=84
2026-03-13 10:21:23,492 trace.runner.sweep_runner INFO: intensity=0.70 seed=2 ep=9 success=True steps=75
2026-03-13 10:21:31,117 trace.runner.sweep_runner INFO: intensity=0.70 seed=3 ep=0 success=True steps=108
2026-03-13 10:21:37,184 trace.runner.sweep_runner INFO: intensity=0.70 seed=3 ep=1 success=True steps=81
2026-03-13 10:21:43,366 trace.runner.sweep_runner INFO: intensity=0.70 seed=3 ep=2 success=True steps=85
2026-03-13 10:21:49,249 trace.runner.sweep_runner INFO: intensity=0.70 seed=3 ep=3 success=True steps=78
2026-03-13 10:21:55,133 trace.runner.sweep_runner INFO: intensity=0.70 seed=3 ep=4 success=True steps=76
2026-03-13 10:22:02,412 trace.runner.sweep_runner INFO: intensity=0.70 seed=3 ep=5 success=True steps=105
2026-03-13 10:22:08,465 trace.runner.sweep_runner INFO: intensity=0.70 seed=3 ep=6 success=True steps=80
2026-03-13 10:22:14,736 trace.runner.sweep_runner INFO: intensity=0.70 seed=3 ep=7 success=True steps=84
2026-03-13 10:22:20,908 trace.runner.sweep_runner INFO: intensity=0.70 seed=3 ep=8 success=True steps=82
2026-03-13 10:22:26,848 trace.runner.sweep_runner INFO: intensity=0.70 seed=3 ep=9 success=True steps=77
2026-03-13 10:22:32,487 trace.runner.sweep_runner INFO: intensity=0.70 seed=4 ep=0 success=True steps=75
2026-03-13 10:22:38,036 trace.runner.sweep_runner INFO: intensity=0.70 seed=4 ep=1 success=True steps=75
2026-03-13 10:22:44,061 trace.runner.sweep_runner INFO: intensity=0.70 seed=4 ep=2 success=True steps=85
2026-03-13 10:22:50,018 trace.runner.sweep_runner INFO: intensity=0.70 seed=4 ep=3 success=True steps=80
2026-03-13 10:22:55,907 trace.runner.sweep_runner INFO: intensity=0.70 seed=4 ep=4 success=True steps=77
2026-03-13 10:23:01,648 trace.runner.sweep_runner INFO: intensity=0.70 seed=4 ep=5 success=True steps=76
2026-03-13 10:23:07,221 trace.runner.sweep_runner INFO: intensity=0.70 seed=4 ep=6 success=True steps=72
2026-03-13 10:23:13,394 trace.runner.sweep_runner INFO: intensity=0.70 seed=4 ep=7 success=True steps=82
2026-03-13 10:23:19,169 trace.runner.sweep_runner INFO: intensity=0.70 seed=4 ep=8 success=True steps=78
2026-03-13 10:23:24,808 trace.runner.sweep_runner INFO: intensity=0.70 seed=4 ep=9 success=True steps=74
2026-03-13 10:23:30,585 trace.runner.sweep_runner INFO: intensity=1.00 seed=0 ep=0 success=True steps=77
2026-03-13 10:23:36,633 trace.runner.sweep_runner INFO: intensity=1.00 seed=0 ep=1 success=True steps=81
2026-03-13 10:23:42,299 trace.runner.sweep_runner INFO: intensity=1.00 seed=0 ep=2 success=True steps=79
2026-03-13 10:23:48,389 trace.runner.sweep_runner INFO: intensity=1.00 seed=0 ep=3 success=True steps=81
2026-03-13 10:23:53,969 trace.runner.sweep_runner INFO: intensity=1.00 seed=0 ep=4 success=True steps=75
2026-03-13 10:24:00,136 trace.runner.sweep_runner INFO: intensity=1.00 seed=0 ep=5 success=True steps=83
2026-03-13 10:24:08,025 trace.runner.sweep_runner INFO: intensity=1.00 seed=0 ep=6 success=True steps=106
2026-03-13 10:24:15,276 trace.runner.sweep_runner INFO: intensity=1.00 seed=0 ep=7 success=True steps=101
2026-03-13 10:24:21,507 trace.runner.sweep_runner INFO: intensity=1.00 seed=0 ep=8 success=True steps=85
2026-03-13 10:24:27,342 trace.runner.sweep_runner INFO: intensity=1.00 seed=0 ep=9 success=True steps=78
2026-03-13 10:24:33,472 trace.runner.sweep_runner INFO: intensity=1.00 seed=1 ep=0 success=True steps=83
2026-03-13 10:24:41,104 trace.runner.sweep_runner INFO: intensity=1.00 seed=1 ep=1 success=True steps=110
2026-03-13 10:24:47,365 trace.runner.sweep_runner INFO: intensity=1.00 seed=1 ep=2 success=True steps=88
2026-03-13 10:24:53,733 trace.runner.sweep_runner INFO: intensity=1.00 seed=1 ep=3 success=True steps=84
2026-03-13 10:24:59,715 trace.runner.sweep_runner INFO: intensity=1.00 seed=1 ep=4 success=True steps=80
2026-03-13 10:25:05,793 trace.runner.sweep_runner INFO: intensity=1.00 seed=1 ep=5 success=True steps=81
2026-03-13 10:25:11,959 trace.runner.sweep_runner INFO: intensity=1.00 seed=1 ep=6 success=True steps=82
2026-03-13 10:25:18,232 trace.runner.sweep_runner INFO: intensity=1.00 seed=1 ep=7 success=True steps=84
2026-03-13 10:25:24,450 trace.runner.sweep_runner INFO: intensity=1.00 seed=1 ep=8 success=True steps=82
2026-03-13 10:25:30,306 trace.runner.sweep_runner INFO: intensity=1.00 seed=1 ep=9 success=True steps=77
2026-03-13 10:25:38,067 trace.runner.sweep_runner INFO: intensity=1.00 seed=2 ep=0 success=True steps=111
2026-03-13 10:25:44,173 trace.runner.sweep_runner INFO: intensity=1.00 seed=2 ep=1 success=True steps=82
2026-03-13 10:25:50,630 trace.runner.sweep_runner INFO: intensity=1.00 seed=2 ep=2 success=True steps=91
2026-03-13 10:25:56,793 trace.runner.sweep_runner INFO: intensity=1.00 seed=2 ep=3 success=True steps=84
2026-03-13 10:26:02,650 trace.runner.sweep_runner INFO: intensity=1.00 seed=2 ep=4 success=True steps=77
2026-03-13 10:26:08,673 trace.runner.sweep_runner INFO: intensity=1.00 seed=2 ep=5 success=True steps=81
2026-03-13 10:26:14,618 trace.runner.sweep_runner INFO: intensity=1.00 seed=2 ep=6 success=True steps=79
2026-03-13 10:26:20,883 trace.runner.sweep_runner INFO: intensity=1.00 seed=2 ep=7 success=True steps=85
2026-03-13 10:26:27,577 trace.runner.sweep_runner INFO: intensity=1.00 seed=2 ep=8 success=True steps=91
2026-03-13 10:26:40,132 trace.runner.sweep_runner INFO: intensity=1.00 seed=2 ep=9 success=True steps=192
2026-03-13 10:26:46,363 trace.runner.sweep_runner INFO: intensity=1.00 seed=3 ep=0 success=True steps=85
2026-03-13 10:26:52,611 trace.runner.sweep_runner INFO: intensity=1.00 seed=3 ep=1 success=True steps=85
2026-03-13 10:26:58,841 trace.runner.sweep_runner INFO: intensity=1.00 seed=3 ep=2 success=True steps=87
2026-03-13 10:27:04,901 trace.runner.sweep_runner INFO: intensity=1.00 seed=3 ep=3 success=True steps=79
2026-03-13 10:27:10,684 trace.runner.sweep_runner INFO: intensity=1.00 seed=3 ep=4 success=True steps=76
2026-03-13 10:27:16,545 trace.runner.sweep_runner INFO: intensity=1.00 seed=3 ep=5 success=True steps=77
2026-03-13 10:27:22,427 trace.runner.sweep_runner INFO: intensity=1.00 seed=3 ep=6 success=True steps=76
2026-03-13 10:27:28,625 trace.runner.sweep_runner INFO: intensity=1.00 seed=3 ep=7 success=True steps=84
2026-03-13 10:27:34,534 trace.runner.sweep_runner INFO: intensity=1.00 seed=3 ep=8 success=True steps=78
2026-03-13 10:27:43,637 trace.runner.sweep_runner INFO: intensity=1.00 seed=3 ep=9 success=True steps=132
2026-03-13 10:27:51,780 trace.runner.sweep_runner INFO: intensity=1.00 seed=4 ep=0 success=True steps=116
2026-03-13 10:27:57,543 trace.runner.sweep_runner INFO: intensity=1.00 seed=4 ep=1 success=True steps=78
2026-03-13 10:28:11,243 trace.runner.sweep_runner INFO: intensity=1.00 seed=4 ep=2 success=False steps=220
2026-03-13 10:28:17,029 trace.runner.sweep_runner INFO: intensity=1.00 seed=4 ep=3 success=True steps=76
2026-03-13 10:28:22,859 trace.runner.sweep_runner INFO: intensity=1.00 seed=4 ep=4 success=True steps=77
2026-03-13 10:28:28,670 trace.runner.sweep_runner INFO: intensity=1.00 seed=4 ep=5 success=True steps=77
2026-03-13 10:28:34,701 trace.runner.sweep_runner INFO: intensity=1.00 seed=4 ep=6 success=True steps=79
2026-03-13 10:28:41,227 trace.runner.sweep_runner INFO: intensity=1.00 seed=4 ep=7 success=True steps=89
2026-03-13 10:28:47,315 trace.runner.sweep_runner INFO: intensity=1.00 seed=4 ep=8 success=True steps=81
2026-03-13 10:28:53,093 trace.runner.sweep_runner INFO: intensity=1.00 seed=4 ep=9 success=True steps=77
2026-03-13 10:28:53,100 __main__ INFO:   baseline=100%, max_degradation=2%, breakpoint=none
2026-03-13 10:28:53,103 __main__ INFO:   Report updated: output/reports/report_Pi0PolicyAdapter_libero_20260313_054143.md (7/9 stressors)
2026-03-13 10:28:53,103 __main__ INFO: Running sweep 8/9: BrightnessShiftStressor
2026-03-13 10:29:01,898 trace.runner.sweep_runner INFO: intensity=0.00 seed=0 ep=0 success=True steps=124
2026-03-13 10:29:09,356 trace.runner.sweep_runner INFO: intensity=0.00 seed=0 ep=1 success=True steps=106
2026-03-13 10:29:15,295 trace.runner.sweep_runner INFO: intensity=0.00 seed=0 ep=2 success=True steps=81
2026-03-13 10:29:21,161 trace.runner.sweep_runner INFO: intensity=0.00 seed=0 ep=3 success=True steps=77
2026-03-13 10:29:26,868 trace.runner.sweep_runner INFO: intensity=0.00 seed=0 ep=4 success=True steps=75
2026-03-13 10:29:32,430 trace.runner.sweep_runner INFO: intensity=0.00 seed=0 ep=5 success=True steps=74
2026-03-13 10:29:37,854 trace.runner.sweep_runner INFO: intensity=0.00 seed=0 ep=6 success=True steps=68
2026-03-13 10:29:44,202 trace.runner.sweep_runner INFO: intensity=0.00 seed=0 ep=7 success=True steps=83
2026-03-13 10:29:50,112 trace.runner.sweep_runner INFO: intensity=0.00 seed=0 ep=8 success=True steps=78
2026-03-13 10:29:57,796 trace.runner.sweep_runner INFO: intensity=0.00 seed=0 ep=9 success=True steps=110
2026-03-13 10:30:03,613 trace.runner.sweep_runner INFO: intensity=0.00 seed=1 ep=0 success=True steps=79
2026-03-13 10:30:11,104 trace.runner.sweep_runner INFO: intensity=0.00 seed=1 ep=1 success=True steps=106
2026-03-13 10:30:16,593 trace.runner.sweep_runner INFO: intensity=0.00 seed=1 ep=2 success=True steps=76
2026-03-13 10:30:22,451 trace.runner.sweep_runner INFO: intensity=0.00 seed=1 ep=3 success=True steps=78
2026-03-13 10:30:28,314 trace.runner.sweep_runner INFO: intensity=0.00 seed=1 ep=4 success=True steps=77
2026-03-13 10:30:34,810 trace.runner.sweep_runner INFO: intensity=0.00 seed=1 ep=5 success=True steps=87
2026-03-13 10:30:40,648 trace.runner.sweep_runner INFO: intensity=0.00 seed=1 ep=6 success=True steps=77
2026-03-13 10:30:46,807 trace.runner.sweep_runner INFO: intensity=0.00 seed=1 ep=7 success=True steps=83
2026-03-13 10:30:53,003 trace.runner.sweep_runner INFO: intensity=0.00 seed=1 ep=8 success=True steps=82
2026-03-13 10:30:58,632 trace.runner.sweep_runner INFO: intensity=0.00 seed=1 ep=9 success=True steps=75
2026-03-13 10:31:04,543 trace.runner.sweep_runner INFO: intensity=0.00 seed=2 ep=0 success=True steps=79
2026-03-13 10:31:12,060 trace.runner.sweep_runner INFO: intensity=0.00 seed=2 ep=1 success=True steps=108
2026-03-13 10:31:17,790 trace.runner.sweep_runner INFO: intensity=0.00 seed=2 ep=2 success=True steps=78
2026-03-13 10:31:23,729 trace.runner.sweep_runner INFO: intensity=0.00 seed=2 ep=3 success=True steps=79
2026-03-13 10:31:29,272 trace.runner.sweep_runner INFO: intensity=0.00 seed=2 ep=4 success=True steps=71
2026-03-13 10:31:34,852 trace.runner.sweep_runner INFO: intensity=0.00 seed=2 ep=5 success=True steps=74
2026-03-13 10:31:40,508 trace.runner.sweep_runner INFO: intensity=0.00 seed=2 ep=6 success=True steps=74
2026-03-13 10:31:46,474 trace.runner.sweep_runner INFO: intensity=0.00 seed=2 ep=7 success=True steps=79
2026-03-13 10:31:52,721 trace.runner.sweep_runner INFO: intensity=0.00 seed=2 ep=8 success=True steps=82
2026-03-13 10:31:58,324 trace.runner.sweep_runner INFO: intensity=0.00 seed=2 ep=9 success=True steps=73
2026-03-13 10:32:05,847 trace.runner.sweep_runner INFO: intensity=0.00 seed=3 ep=0 success=True steps=107
2026-03-13 10:32:13,975 trace.runner.sweep_runner INFO: intensity=0.00 seed=3 ep=1 success=True steps=116
2026-03-13 10:32:20,213 trace.runner.sweep_runner INFO: intensity=0.00 seed=3 ep=2 success=True steps=88
2026-03-13 10:32:26,350 trace.runner.sweep_runner INFO: intensity=0.00 seed=3 ep=3 success=True steps=82
2026-03-13 10:32:31,931 trace.runner.sweep_runner INFO: intensity=0.00 seed=3 ep=4 success=True steps=73
2026-03-13 10:32:37,398 trace.runner.sweep_runner INFO: intensity=0.00 seed=3 ep=5 success=True steps=72
2026-03-13 10:32:43,043 trace.runner.sweep_runner INFO: intensity=0.00 seed=3 ep=6 success=True steps=72
2026-03-13 10:32:49,107 trace.runner.sweep_runner INFO: intensity=0.00 seed=3 ep=7 success=True steps=80
2026-03-13 10:32:54,801 trace.runner.sweep_runner INFO: intensity=0.00 seed=3 ep=8 success=True steps=75
2026-03-13 10:33:00,391 trace.runner.sweep_runner INFO: intensity=0.00 seed=3 ep=9 success=True steps=74
2026-03-13 10:33:06,149 trace.runner.sweep_runner INFO: intensity=0.00 seed=4 ep=0 success=True steps=77
2026-03-13 10:33:13,454 trace.runner.sweep_runner INFO: intensity=0.00 seed=4 ep=1 success=True steps=104
2026-03-13 10:33:20,857 trace.runner.sweep_runner INFO: intensity=0.00 seed=4 ep=2 success=True steps=106
2026-03-13 10:33:26,765 trace.runner.sweep_runner INFO: intensity=0.00 seed=4 ep=3 success=True steps=79
2026-03-13 10:33:32,083 trace.runner.sweep_runner INFO: intensity=0.00 seed=4 ep=4 success=True steps=70
2026-03-13 10:33:37,984 trace.runner.sweep_runner INFO: intensity=0.00 seed=4 ep=5 success=True steps=78
2026-03-13 10:33:43,558 trace.runner.sweep_runner INFO: intensity=0.00 seed=4 ep=6 success=True steps=72
2026-03-13 10:33:49,491 trace.runner.sweep_runner INFO: intensity=0.00 seed=4 ep=7 success=True steps=77
2026-03-13 10:33:55,521 trace.runner.sweep_runner INFO: intensity=0.00 seed=4 ep=8 success=True steps=81
2026-03-13 10:34:01,372 trace.runner.sweep_runner INFO: intensity=0.00 seed=4 ep=9 success=True steps=77
2026-03-13 10:34:06,628 trace.runner.sweep_runner INFO: intensity=0.10 seed=0 ep=0 success=True steps=68
2026-03-13 10:34:14,003 trace.runner.sweep_runner INFO: intensity=0.10 seed=0 ep=1 success=True steps=105
2026-03-13 10:34:19,995 trace.runner.sweep_runner INFO: intensity=0.10 seed=0 ep=2 success=True steps=80
2026-03-13 10:34:25,618 trace.runner.sweep_runner INFO: intensity=0.10 seed=0 ep=3 success=True steps=74
2026-03-13 10:34:31,273 trace.runner.sweep_runner INFO: intensity=0.10 seed=0 ep=4 success=True steps=73
2026-03-13 10:34:37,884 trace.runner.sweep_runner INFO: intensity=0.10 seed=0 ep=5 success=True steps=87
2026-03-13 10:34:43,511 trace.runner.sweep_runner INFO: intensity=0.10 seed=0 ep=6 success=True steps=74
2026-03-13 10:34:49,500 trace.runner.sweep_runner INFO: intensity=0.10 seed=0 ep=7 success=True steps=78
2026-03-13 10:34:55,311 trace.runner.sweep_runner INFO: intensity=0.10 seed=0 ep=8 success=True steps=77
2026-03-13 10:35:02,803 trace.runner.sweep_runner INFO: intensity=0.10 seed=0 ep=9 success=True steps=106
2026-03-13 10:35:08,730 trace.runner.sweep_runner INFO: intensity=0.10 seed=1 ep=0 success=True steps=80
2026-03-13 10:35:16,361 trace.runner.sweep_runner INFO: intensity=0.10 seed=1 ep=1 success=True steps=106
2026-03-13 10:35:21,773 trace.runner.sweep_runner INFO: intensity=0.10 seed=1 ep=2 success=True steps=73
2026-03-13 10:35:27,108 trace.runner.sweep_runner INFO: intensity=0.10 seed=1 ep=3 success=True steps=69
2026-03-13 10:35:32,741 trace.runner.sweep_runner INFO: intensity=0.10 seed=1 ep=4 success=True steps=74
2026-03-13 10:35:38,697 trace.runner.sweep_runner INFO: intensity=0.10 seed=1 ep=5 success=True steps=79
2026-03-13 10:35:44,352 trace.runner.sweep_runner INFO: intensity=0.10 seed=1 ep=6 success=True steps=75
2026-03-13 10:35:50,609 trace.runner.sweep_runner INFO: intensity=0.10 seed=1 ep=7 success=True steps=82
2026-03-13 10:36:05,127 trace.runner.sweep_runner INFO: intensity=0.10 seed=1 ep=8 success=False steps=220
2026-03-13 10:36:11,081 trace.runner.sweep_runner INFO: intensity=0.10 seed=1 ep=9 success=True steps=79
2026-03-13 10:36:17,024 trace.runner.sweep_runner INFO: intensity=0.10 seed=2 ep=0 success=True steps=78
2026-03-13 10:36:24,643 trace.runner.sweep_runner INFO: intensity=0.10 seed=2 ep=1 success=True steps=109
2026-03-13 10:36:32,176 trace.runner.sweep_runner INFO: intensity=0.10 seed=2 ep=2 success=True steps=109
2026-03-13 10:36:38,129 trace.runner.sweep_runner INFO: intensity=0.10 seed=2 ep=3 success=True steps=79
2026-03-13 10:36:43,758 trace.runner.sweep_runner INFO: intensity=0.10 seed=2 ep=4 success=True steps=74
2026-03-13 10:36:49,237 trace.runner.sweep_runner INFO: intensity=0.10 seed=2 ep=5 success=True steps=71
2026-03-13 10:36:55,011 trace.runner.sweep_runner INFO: intensity=0.10 seed=2 ep=6 success=True steps=76
2026-03-13 10:37:01,249 trace.runner.sweep_runner INFO: intensity=0.10 seed=2 ep=7 success=True steps=83
2026-03-13 10:37:07,288 trace.runner.sweep_runner INFO: intensity=0.10 seed=2 ep=8 success=True steps=80
2026-03-13 10:37:13,155 trace.runner.sweep_runner INFO: intensity=0.10 seed=2 ep=9 success=True steps=76
2026-03-13 10:37:19,250 trace.runner.sweep_runner INFO: intensity=0.10 seed=3 ep=0 success=True steps=83
2026-03-13 10:37:26,644 trace.runner.sweep_runner INFO: intensity=0.10 seed=3 ep=1 success=True steps=105
2026-03-13 10:37:32,938 trace.runner.sweep_runner INFO: intensity=0.10 seed=3 ep=2 success=True steps=85
2026-03-13 10:37:38,822 trace.runner.sweep_runner INFO: intensity=0.10 seed=3 ep=3 success=True steps=78
2026-03-13 10:37:44,745 trace.runner.sweep_runner INFO: intensity=0.10 seed=3 ep=4 success=True steps=77
2026-03-13 10:37:50,603 trace.runner.sweep_runner INFO: intensity=0.10 seed=3 ep=5 success=True steps=77
2026-03-13 10:37:56,282 trace.runner.sweep_runner INFO: intensity=0.10 seed=3 ep=6 success=True steps=73
2026-03-13 10:38:02,207 trace.runner.sweep_runner INFO: intensity=0.10 seed=3 ep=7 success=True steps=79
2026-03-13 10:38:08,329 trace.runner.sweep_runner INFO: intensity=0.10 seed=3 ep=8 success=True steps=80
2026-03-13 10:38:13,999 trace.runner.sweep_runner INFO: intensity=0.10 seed=3 ep=9 success=True steps=74
2026-03-13 10:38:20,076 trace.runner.sweep_runner INFO: intensity=0.10 seed=4 ep=0 success=True steps=80
2026-03-13 10:38:25,949 trace.runner.sweep_runner INFO: intensity=0.10 seed=4 ep=1 success=True steps=78
2026-03-13 10:38:31,818 trace.runner.sweep_runner INFO: intensity=0.10 seed=4 ep=2 success=True steps=78
2026-03-13 10:38:37,639 trace.runner.sweep_runner INFO: intensity=0.10 seed=4 ep=3 success=True steps=76
2026-03-13 10:38:43,414 trace.runner.sweep_runner INFO: intensity=0.10 seed=4 ep=4 success=True steps=74
2026-03-13 10:38:49,264 trace.runner.sweep_runner INFO: intensity=0.10 seed=4 ep=5 success=True steps=78
2026-03-13 10:38:55,032 trace.runner.sweep_runner INFO: intensity=0.10 seed=4 ep=6 success=True steps=73
2026-03-13 10:39:01,100 trace.runner.sweep_runner INFO: intensity=0.10 seed=4 ep=7 success=True steps=79
2026-03-13 10:39:06,896 trace.runner.sweep_runner INFO: intensity=0.10 seed=4 ep=8 success=True steps=76
2026-03-13 10:39:12,495 trace.runner.sweep_runner INFO: intensity=0.10 seed=4 ep=9 success=True steps=73
2026-03-13 10:39:17,994 trace.runner.sweep_runner INFO: intensity=0.20 seed=0 ep=0 success=True steps=70
2026-03-13 10:39:25,664 trace.runner.sweep_runner INFO: intensity=0.20 seed=0 ep=1 success=True steps=108
2026-03-13 10:39:31,809 trace.runner.sweep_runner INFO: intensity=0.20 seed=0 ep=2 success=True steps=82
2026-03-13 10:39:37,739 trace.runner.sweep_runner INFO: intensity=0.20 seed=0 ep=3 success=True steps=78
2026-03-13 10:39:43,624 trace.runner.sweep_runner INFO: intensity=0.20 seed=0 ep=4 success=True steps=77
2026-03-13 10:39:49,515 trace.runner.sweep_runner INFO: intensity=0.20 seed=0 ep=5 success=True steps=76
2026-03-13 10:39:55,203 trace.runner.sweep_runner INFO: intensity=0.20 seed=0 ep=6 success=True steps=75
2026-03-13 10:40:01,583 trace.runner.sweep_runner INFO: intensity=0.20 seed=0 ep=7 success=True steps=85
2026-03-13 10:40:07,606 trace.runner.sweep_runner INFO: intensity=0.20 seed=0 ep=8 success=True steps=78
2026-03-13 10:40:13,470 trace.runner.sweep_runner INFO: intensity=0.20 seed=0 ep=9 success=True steps=78
2026-03-13 10:40:19,279 trace.runner.sweep_runner INFO: intensity=0.20 seed=1 ep=0 success=True steps=77
2026-03-13 10:40:26,805 trace.runner.sweep_runner INFO: intensity=0.20 seed=1 ep=1 success=True steps=106
2026-03-13 10:40:32,129 trace.runner.sweep_runner INFO: intensity=0.20 seed=1 ep=2 success=True steps=73
2026-03-13 10:40:42,980 trace.runner.sweep_runner INFO: intensity=0.20 seed=1 ep=3 success=True steps=160
2026-03-13 10:40:48,624 trace.runner.sweep_runner INFO: intensity=0.20 seed=1 ep=4 success=True steps=74
2026-03-13 10:40:54,584 trace.runner.sweep_runner INFO: intensity=0.20 seed=1 ep=5 success=True steps=79
2026-03-13 10:41:00,237 trace.runner.sweep_runner INFO: intensity=0.20 seed=1 ep=6 success=True steps=73
2026-03-13 10:41:06,281 trace.runner.sweep_runner INFO: intensity=0.20 seed=1 ep=7 success=True steps=79
2026-03-13 10:41:12,212 trace.runner.sweep_runner INFO: intensity=0.20 seed=1 ep=8 success=True steps=78
2026-03-13 10:41:17,908 trace.runner.sweep_runner INFO: intensity=0.20 seed=1 ep=9 success=True steps=75
2026-03-13 10:41:23,882 trace.runner.sweep_runner INFO: intensity=0.20 seed=2 ep=0 success=True steps=77
2026-03-13 10:41:31,769 trace.runner.sweep_runner INFO: intensity=0.20 seed=2 ep=1 success=True steps=112
2026-03-13 10:41:39,215 trace.runner.sweep_runner INFO: intensity=0.20 seed=2 ep=2 success=True steps=106
2026-03-13 10:41:45,109 trace.runner.sweep_runner INFO: intensity=0.20 seed=2 ep=3 success=True steps=78
2026-03-13 10:41:50,512 trace.runner.sweep_runner INFO: intensity=0.20 seed=2 ep=4 success=True steps=70
2026-03-13 10:41:56,050 trace.runner.sweep_runner INFO: intensity=0.20 seed=2 ep=5 success=True steps=71
2026-03-13 10:42:01,451 trace.runner.sweep_runner INFO: intensity=0.20 seed=2 ep=6 success=True steps=70
2026-03-13 10:42:07,670 trace.runner.sweep_runner INFO: intensity=0.20 seed=2 ep=7 success=True steps=82
2026-03-13 10:42:13,870 trace.runner.sweep_runner INFO: intensity=0.20 seed=2 ep=8 success=True steps=82
2026-03-13 10:42:19,664 trace.runner.sweep_runner INFO: intensity=0.20 seed=2 ep=9 success=True steps=74
2026-03-13 10:42:27,382 trace.runner.sweep_runner INFO: intensity=0.20 seed=3 ep=0 success=True steps=110
2026-03-13 10:42:34,765 trace.runner.sweep_runner INFO: intensity=0.20 seed=3 ep=1 success=True steps=104
2026-03-13 10:42:41,061 trace.runner.sweep_runner INFO: intensity=0.20 seed=3 ep=2 success=True steps=86
2026-03-13 10:42:47,162 trace.runner.sweep_runner INFO: intensity=0.20 seed=3 ep=3 success=True steps=81
2026-03-13 10:42:52,855 trace.runner.sweep_runner INFO: intensity=0.20 seed=3 ep=4 success=True steps=75
2026-03-13 10:43:00,250 trace.runner.sweep_runner INFO: intensity=0.20 seed=3 ep=5 success=True steps=105
2026-03-13 10:43:05,875 trace.runner.sweep_runner INFO: intensity=0.20 seed=3 ep=6 success=True steps=71
2026-03-13 10:43:12,212 trace.runner.sweep_runner INFO: intensity=0.20 seed=3 ep=7 success=True steps=84
2026-03-13 10:43:18,134 trace.runner.sweep_runner INFO: intensity=0.20 seed=3 ep=8 success=True steps=76
2026-03-13 10:43:23,680 trace.runner.sweep_runner INFO: intensity=0.20 seed=3 ep=9 success=True steps=72
2026-03-13 10:43:29,563 trace.runner.sweep_runner INFO: intensity=0.20 seed=4 ep=0 success=True steps=78
2026-03-13 10:43:37,109 trace.runner.sweep_runner INFO: intensity=0.20 seed=4 ep=1 success=True steps=106
2026-03-13 10:43:43,022 trace.runner.sweep_runner INFO: intensity=0.20 seed=4 ep=2 success=True steps=80
2026-03-13 10:43:48,854 trace.runner.sweep_runner INFO: intensity=0.20 seed=4 ep=3 success=True steps=76
2026-03-13 10:43:54,535 trace.runner.sweep_runner INFO: intensity=0.20 seed=4 ep=4 success=True steps=74
2026-03-13 10:44:00,415 trace.runner.sweep_runner INFO: intensity=0.20 seed=4 ep=5 success=True steps=78
2026-03-13 10:44:06,164 trace.runner.sweep_runner INFO: intensity=0.20 seed=4 ep=6 success=True steps=73
2026-03-13 10:44:12,161 trace.runner.sweep_runner INFO: intensity=0.20 seed=4 ep=7 success=True steps=80
2026-03-13 10:44:18,118 trace.runner.sweep_runner INFO: intensity=0.20 seed=4 ep=8 success=True steps=79
2026-03-13 10:44:23,587 trace.runner.sweep_runner INFO: intensity=0.20 seed=4 ep=9 success=True steps=70
2026-03-13 10:44:29,166 trace.runner.sweep_runner INFO: intensity=0.30 seed=0 ep=0 success=True steps=73
2026-03-13 10:44:36,532 trace.runner.sweep_runner INFO: intensity=0.30 seed=0 ep=1 success=True steps=104
2026-03-13 10:44:42,634 trace.runner.sweep_runner INFO: intensity=0.30 seed=0 ep=2 success=True steps=83
2026-03-13 10:44:48,589 trace.runner.sweep_runner INFO: intensity=0.30 seed=0 ep=3 success=True steps=79
2026-03-13 10:44:54,247 trace.runner.sweep_runner INFO: intensity=0.30 seed=0 ep=4 success=True steps=75
2026-03-13 10:45:00,150 trace.runner.sweep_runner INFO: intensity=0.30 seed=0 ep=5 success=True steps=76
2026-03-13 10:45:05,740 trace.runner.sweep_runner INFO: intensity=0.30 seed=0 ep=6 success=True steps=74
2026-03-13 10:45:11,716 trace.runner.sweep_runner INFO: intensity=0.30 seed=0 ep=7 success=True steps=76
2026-03-13 10:45:17,705 trace.runner.sweep_runner INFO: intensity=0.30 seed=0 ep=8 success=True steps=80
2026-03-13 10:45:26,964 trace.runner.sweep_runner INFO: intensity=0.30 seed=0 ep=9 success=True steps=134
2026-03-13 10:45:32,825 trace.runner.sweep_runner INFO: intensity=0.30 seed=1 ep=0 success=True steps=77
2026-03-13 10:45:43,455 trace.runner.sweep_runner INFO: intensity=0.30 seed=1 ep=1 success=True steps=159
2026-03-13 10:45:48,966 trace.runner.sweep_runner INFO: intensity=0.30 seed=1 ep=2 success=True steps=75
2026-03-13 10:45:54,721 trace.runner.sweep_runner INFO: intensity=0.30 seed=1 ep=3 success=True steps=75
2026-03-13 10:46:00,422 trace.runner.sweep_runner INFO: intensity=0.30 seed=1 ep=4 success=True steps=74
2026-03-13 10:46:06,458 trace.runner.sweep_runner INFO: intensity=0.30 seed=1 ep=5 success=True steps=79
2026-03-13 10:46:12,383 trace.runner.sweep_runner INFO: intensity=0.30 seed=1 ep=6 success=True steps=78
2026-03-13 10:46:18,412 trace.runner.sweep_runner INFO: intensity=0.30 seed=1 ep=7 success=True steps=79
2026-03-13 10:46:24,499 trace.runner.sweep_runner INFO: intensity=0.30 seed=1 ep=8 success=True steps=80
2026-03-13 10:46:30,166 trace.runner.sweep_runner INFO: intensity=0.30 seed=1 ep=9 success=True steps=75
2026-03-13 10:46:36,087 trace.runner.sweep_runner INFO: intensity=0.30 seed=2 ep=0 success=True steps=78
2026-03-13 10:46:44,054 trace.runner.sweep_runner INFO: intensity=0.30 seed=2 ep=1 success=True steps=113
2026-03-13 10:46:49,841 trace.runner.sweep_runner INFO: intensity=0.30 seed=2 ep=2 success=True steps=79
2026-03-13 10:46:55,720 trace.runner.sweep_runner INFO: intensity=0.30 seed=2 ep=3 success=True steps=77
2026-03-13 10:47:01,566 trace.runner.sweep_runner INFO: intensity=0.30 seed=2 ep=4 success=True steps=76
2026-03-13 10:47:07,474 trace.runner.sweep_runner INFO: intensity=0.30 seed=2 ep=5 success=True steps=78
2026-03-13 10:47:12,814 trace.runner.sweep_runner INFO: intensity=0.30 seed=2 ep=6 success=True steps=69
2026-03-13 10:47:19,058 trace.runner.sweep_runner INFO: intensity=0.30 seed=2 ep=7 success=True steps=81
2026-03-13 10:47:25,352 trace.runner.sweep_runner INFO: intensity=0.30 seed=2 ep=8 success=True steps=85
2026-03-13 10:47:31,019 trace.runner.sweep_runner INFO: intensity=0.30 seed=2 ep=9 success=True steps=74
2026-03-13 10:47:38,732 trace.runner.sweep_runner INFO: intensity=0.30 seed=3 ep=0 success=True steps=109
2026-03-13 10:47:46,458 trace.runner.sweep_runner INFO: intensity=0.30 seed=3 ep=1 success=True steps=109
2026-03-13 10:47:52,808 trace.runner.sweep_runner INFO: intensity=0.30 seed=3 ep=2 success=True steps=86
2026-03-13 10:47:58,734 trace.runner.sweep_runner INFO: intensity=0.30 seed=3 ep=3 success=True steps=77
2026-03-13 10:48:04,440 trace.runner.sweep_runner INFO: intensity=0.30 seed=3 ep=4 success=True steps=75
2026-03-13 10:48:11,701 trace.runner.sweep_runner INFO: intensity=0.30 seed=3 ep=5 success=True steps=102
2026-03-13 10:48:17,359 trace.runner.sweep_runner INFO: intensity=0.30 seed=3 ep=6 success=True steps=72
2026-03-13 10:48:23,576 trace.runner.sweep_runner INFO: intensity=0.30 seed=3 ep=7 success=True steps=82
2026-03-13 10:48:29,651 trace.runner.sweep_runner INFO: intensity=0.30 seed=3 ep=8 success=True steps=79
2026-03-13 10:48:35,567 trace.runner.sweep_runner INFO: intensity=0.30 seed=3 ep=9 success=True steps=76
2026-03-13 10:48:41,672 trace.runner.sweep_runner INFO: intensity=0.30 seed=4 ep=0 success=True steps=80
2026-03-13 10:48:49,257 trace.runner.sweep_runner INFO: intensity=0.30 seed=4 ep=1 success=True steps=107
2026-03-13 10:48:55,017 trace.runner.sweep_runner INFO: intensity=0.30 seed=4 ep=2 success=True steps=77
2026-03-13 10:49:00,939 trace.runner.sweep_runner INFO: intensity=0.30 seed=4 ep=3 success=True steps=76
2026-03-13 10:49:06,889 trace.runner.sweep_runner INFO: intensity=0.30 seed=4 ep=4 success=True steps=77
2026-03-13 10:49:12,875 trace.runner.sweep_runner INFO: intensity=0.30 seed=4 ep=5 success=True steps=78
2026-03-13 10:49:18,458 trace.runner.sweep_runner INFO: intensity=0.30 seed=4 ep=6 success=True steps=72
2026-03-13 10:49:33,263 trace.runner.sweep_runner INFO: intensity=0.30 seed=4 ep=7 success=False steps=220
2026-03-13 10:49:39,575 trace.runner.sweep_runner INFO: intensity=0.30 seed=4 ep=8 success=True steps=83
2026-03-13 10:49:45,281 trace.runner.sweep_runner INFO: intensity=0.30 seed=4 ep=9 success=True steps=73
2026-03-13 10:49:50,926 trace.runner.sweep_runner INFO: intensity=0.50 seed=0 ep=0 success=True steps=73
2026-03-13 10:49:58,526 trace.runner.sweep_runner INFO: intensity=0.50 seed=0 ep=1 success=True steps=107
2026-03-13 10:50:04,676 trace.runner.sweep_runner INFO: intensity=0.50 seed=0 ep=2 success=True steps=82
2026-03-13 10:50:10,381 trace.runner.sweep_runner INFO: intensity=0.50 seed=0 ep=3 success=True steps=75
2026-03-13 10:50:16,044 trace.runner.sweep_runner INFO: intensity=0.50 seed=0 ep=4 success=True steps=74
2026-03-13 10:50:21,624 trace.runner.sweep_runner INFO: intensity=0.50 seed=0 ep=5 success=True steps=72
2026-03-13 10:50:27,252 trace.runner.sweep_runner INFO: intensity=0.50 seed=0 ep=6 success=True steps=71
2026-03-13 10:50:33,325 trace.runner.sweep_runner INFO: intensity=0.50 seed=0 ep=7 success=True steps=79
2026-03-13 10:50:39,230 trace.runner.sweep_runner INFO: intensity=0.50 seed=0 ep=8 success=True steps=77
2026-03-13 10:50:45,170 trace.runner.sweep_runner INFO: intensity=0.50 seed=0 ep=9 success=True steps=77
2026-03-13 10:50:51,021 trace.runner.sweep_runner INFO: intensity=0.50 seed=1 ep=0 success=True steps=78
2026-03-13 10:50:58,680 trace.runner.sweep_runner INFO: intensity=0.50 seed=1 ep=1 success=True steps=108
2026-03-13 10:51:04,349 trace.runner.sweep_runner INFO: intensity=0.50 seed=1 ep=2 success=True steps=76
2026-03-13 10:51:10,418 trace.runner.sweep_runner INFO: intensity=0.50 seed=1 ep=3 success=True steps=80
2026-03-13 10:51:16,179 trace.runner.sweep_runner INFO: intensity=0.50 seed=1 ep=4 success=True steps=75
2026-03-13 10:51:22,130 trace.runner.sweep_runner INFO: intensity=0.50 seed=1 ep=5 success=True steps=76
2026-03-13 10:51:27,881 trace.runner.sweep_runner INFO: intensity=0.50 seed=1 ep=6 success=True steps=72
2026-03-13 10:51:34,181 trace.runner.sweep_runner INFO: intensity=0.50 seed=1 ep=7 success=True steps=82
2026-03-13 10:51:40,512 trace.runner.sweep_runner INFO: intensity=0.50 seed=1 ep=8 success=True steps=83
2026-03-13 10:51:46,139 trace.runner.sweep_runner INFO: intensity=0.50 seed=1 ep=9 success=True steps=73
2026-03-13 10:51:52,093 trace.runner.sweep_runner INFO: intensity=0.50 seed=2 ep=0 success=True steps=78
2026-03-13 10:51:59,844 trace.runner.sweep_runner INFO: intensity=0.50 seed=2 ep=1 success=True steps=109
2026-03-13 10:52:05,439 trace.runner.sweep_runner INFO: intensity=0.50 seed=2 ep=2 success=True steps=76
2026-03-13 10:52:11,371 trace.runner.sweep_runner INFO: intensity=0.50 seed=2 ep=3 success=True steps=77
2026-03-13 10:52:16,809 trace.runner.sweep_runner INFO: intensity=0.50 seed=2 ep=4 success=True steps=70
2026-03-13 10:52:22,643 trace.runner.sweep_runner INFO: intensity=0.50 seed=2 ep=5 success=True steps=76
2026-03-13 10:52:28,055 trace.runner.sweep_runner INFO: intensity=0.50 seed=2 ep=6 success=True steps=70
2026-03-13 10:52:34,337 trace.runner.sweep_runner INFO: intensity=0.50 seed=2 ep=7 success=True steps=81
2026-03-13 10:52:40,405 trace.runner.sweep_runner INFO: intensity=0.50 seed=2 ep=8 success=True steps=80
2026-03-13 10:52:46,033 trace.runner.sweep_runner INFO: intensity=0.50 seed=2 ep=9 success=True steps=72
2026-03-13 10:52:53,854 trace.runner.sweep_runner INFO: intensity=0.50 seed=3 ep=0 success=True steps=110
2026-03-13 10:53:01,458 trace.runner.sweep_runner INFO: intensity=0.50 seed=3 ep=1 success=True steps=107
2026-03-13 10:53:07,561 trace.runner.sweep_runner INFO: intensity=0.50 seed=3 ep=2 success=True steps=83
2026-03-13 10:53:13,513 trace.runner.sweep_runner INFO: intensity=0.50 seed=3 ep=3 success=True steps=77
2026-03-13 10:53:19,239 trace.runner.sweep_runner INFO: intensity=0.50 seed=3 ep=4 success=True steps=75
2026-03-13 10:53:26,561 trace.runner.sweep_runner INFO: intensity=0.50 seed=3 ep=5 success=True steps=102
2026-03-13 10:53:32,403 trace.runner.sweep_runner INFO: intensity=0.50 seed=3 ep=6 success=True steps=74
2026-03-13 10:53:38,750 trace.runner.sweep_runner INFO: intensity=0.50 seed=3 ep=7 success=True steps=84
2026-03-13 10:53:45,033 trace.runner.sweep_runner INFO: intensity=0.50 seed=3 ep=8 success=True steps=82
2026-03-13 10:53:50,703 trace.runner.sweep_runner INFO: intensity=0.50 seed=3 ep=9 success=True steps=74
2026-03-13 10:53:56,461 trace.runner.sweep_runner INFO: intensity=0.50 seed=4 ep=0 success=True steps=75
2026-03-13 10:54:03,904 trace.runner.sweep_runner INFO: intensity=0.50 seed=4 ep=1 success=True steps=105
2026-03-13 10:54:09,856 trace.runner.sweep_runner INFO: intensity=0.50 seed=4 ep=2 success=True steps=80
2026-03-13 10:54:15,879 trace.runner.sweep_runner INFO: intensity=0.50 seed=4 ep=3 success=True steps=78
2026-03-13 10:54:21,773 trace.runner.sweep_runner INFO: intensity=0.50 seed=4 ep=4 success=True steps=76
2026-03-13 10:54:27,680 trace.runner.sweep_runner INFO: intensity=0.50 seed=4 ep=5 success=True steps=79
2026-03-13 10:54:36,514 trace.runner.sweep_runner INFO: intensity=0.50 seed=4 ep=6 success=True steps=122
2026-03-13 10:54:42,307 trace.runner.sweep_runner INFO: intensity=0.50 seed=4 ep=7 success=True steps=75
2026-03-13 10:54:48,114 trace.runner.sweep_runner INFO: intensity=0.50 seed=4 ep=8 success=True steps=76
2026-03-13 10:54:53,597 trace.runner.sweep_runner INFO: intensity=0.50 seed=4 ep=9 success=True steps=71
2026-03-13 10:55:04,513 trace.runner.sweep_runner INFO: intensity=0.70 seed=0 ep=0 success=True steps=155
2026-03-13 10:55:12,219 trace.runner.sweep_runner INFO: intensity=0.70 seed=0 ep=1 success=True steps=107
2026-03-13 10:55:18,372 trace.runner.sweep_runner INFO: intensity=0.70 seed=0 ep=2 success=True steps=82
2026-03-13 10:55:24,243 trace.runner.sweep_runner INFO: intensity=0.70 seed=0 ep=3 success=True steps=77
2026-03-13 10:55:30,121 trace.runner.sweep_runner INFO: intensity=0.70 seed=0 ep=4 success=True steps=76
2026-03-13 10:55:35,722 trace.runner.sweep_runner INFO: intensity=0.70 seed=0 ep=5 success=True steps=72
2026-03-13 10:55:41,321 trace.runner.sweep_runner INFO: intensity=0.70 seed=0 ep=6 success=True steps=73
2026-03-13 10:55:47,566 trace.runner.sweep_runner INFO: intensity=0.70 seed=0 ep=7 success=True steps=81
2026-03-13 10:55:53,951 trace.runner.sweep_runner INFO: intensity=0.70 seed=0 ep=8 success=True steps=83
2026-03-13 10:55:59,504 trace.runner.sweep_runner INFO: intensity=0.70 seed=0 ep=9 success=True steps=72
2026-03-13 10:56:07,351 trace.runner.sweep_runner INFO: intensity=0.70 seed=1 ep=0 success=True steps=110
2026-03-13 10:56:15,115 trace.runner.sweep_runner INFO: intensity=0.70 seed=1 ep=1 success=True steps=109
2026-03-13 10:56:20,511 trace.runner.sweep_runner INFO: intensity=0.70 seed=1 ep=2 success=True steps=73
2026-03-13 10:56:26,235 trace.runner.sweep_runner INFO: intensity=0.70 seed=1 ep=3 success=True steps=74
2026-03-13 10:56:32,109 trace.runner.sweep_runner INFO: intensity=0.70 seed=1 ep=4 success=True steps=76
2026-03-13 10:56:37,849 trace.runner.sweep_runner INFO: intensity=0.70 seed=1 ep=5 success=True steps=75
2026-03-13 10:56:43,572 trace.runner.sweep_runner INFO: intensity=0.70 seed=1 ep=6 success=True steps=75
2026-03-13 10:56:49,672 trace.runner.sweep_runner INFO: intensity=0.70 seed=1 ep=7 success=True steps=80
2026-03-13 10:56:55,679 trace.runner.sweep_runner INFO: intensity=0.70 seed=1 ep=8 success=True steps=80
2026-03-13 10:57:01,360 trace.runner.sweep_runner INFO: intensity=0.70 seed=1 ep=9 success=True steps=74
2026-03-13 10:57:07,374 trace.runner.sweep_runner INFO: intensity=0.70 seed=2 ep=0 success=True steps=77
2026-03-13 10:57:16,916 trace.runner.sweep_runner INFO: intensity=0.70 seed=2 ep=1 success=True steps=140
2026-03-13 10:57:24,526 trace.runner.sweep_runner INFO: intensity=0.70 seed=2 ep=2 success=True steps=107
2026-03-13 10:57:30,348 trace.runner.sweep_runner INFO: intensity=0.70 seed=2 ep=3 success=True steps=76
2026-03-13 10:57:35,928 trace.runner.sweep_runner INFO: intensity=0.70 seed=2 ep=4 success=True steps=73
2026-03-13 10:57:41,693 trace.runner.sweep_runner INFO: intensity=0.70 seed=2 ep=5 success=True steps=75
2026-03-13 10:57:47,261 trace.runner.sweep_runner INFO: intensity=0.70 seed=2 ep=6 success=True steps=72
2026-03-13 10:57:53,631 trace.runner.sweep_runner INFO: intensity=0.70 seed=2 ep=7 success=True steps=84
2026-03-13 10:57:59,660 trace.runner.sweep_runner INFO: intensity=0.70 seed=2 ep=8 success=True steps=79
2026-03-13 10:58:05,474 trace.runner.sweep_runner INFO: intensity=0.70 seed=2 ep=9 success=True steps=75
2026-03-13 10:58:11,413 trace.runner.sweep_runner INFO: intensity=0.70 seed=3 ep=0 success=True steps=78
2026-03-13 10:58:19,370 trace.runner.sweep_runner INFO: intensity=0.70 seed=3 ep=1 success=True steps=111
2026-03-13 10:58:25,610 trace.runner.sweep_runner INFO: intensity=0.70 seed=3 ep=2 success=True steps=85
2026-03-13 10:58:31,553 trace.runner.sweep_runner INFO: intensity=0.70 seed=3 ep=3 success=True steps=76
2026-03-13 10:58:37,482 trace.runner.sweep_runner INFO: intensity=0.70 seed=3 ep=4 success=True steps=78
2026-03-13 10:58:42,854 trace.runner.sweep_runner INFO: intensity=0.70 seed=3 ep=5 success=True steps=70
2026-03-13 10:58:48,685 trace.runner.sweep_runner INFO: intensity=0.70 seed=3 ep=6 success=True steps=76
2026-03-13 10:58:54,967 trace.runner.sweep_runner INFO: intensity=0.70 seed=3 ep=7 success=True steps=81
2026-03-13 10:59:01,117 trace.runner.sweep_runner INFO: intensity=0.70 seed=3 ep=8 success=True steps=80
2026-03-13 10:59:06,861 trace.runner.sweep_runner INFO: intensity=0.70 seed=3 ep=9 success=True steps=75
2026-03-13 10:59:12,841 trace.runner.sweep_runner INFO: intensity=0.70 seed=4 ep=0 success=True steps=79
2026-03-13 10:59:18,439 trace.runner.sweep_runner INFO: intensity=0.70 seed=4 ep=1 success=True steps=73
2026-03-13 10:59:24,200 trace.runner.sweep_runner INFO: intensity=0.70 seed=4 ep=2 success=True steps=78
2026-03-13 10:59:30,199 trace.runner.sweep_runner INFO: intensity=0.70 seed=4 ep=3 success=True steps=79
2026-03-13 10:59:35,822 trace.runner.sweep_runner INFO: intensity=0.70 seed=4 ep=4 success=True steps=73
2026-03-13 10:59:41,754 trace.runner.sweep_runner INFO: intensity=0.70 seed=4 ep=5 success=True steps=78
2026-03-13 10:59:47,464 trace.runner.sweep_runner INFO: intensity=0.70 seed=4 ep=6 success=True steps=74
2026-03-13 10:59:53,587 trace.runner.sweep_runner INFO: intensity=0.70 seed=4 ep=7 success=True steps=80
2026-03-13 11:00:01,190 trace.runner.sweep_runner INFO: intensity=0.70 seed=4 ep=8 success=True steps=104
2026-03-13 11:00:07,179 trace.runner.sweep_runner INFO: intensity=0.70 seed=4 ep=9 success=True steps=76
2026-03-13 11:00:12,564 trace.runner.sweep_runner INFO: intensity=1.00 seed=0 ep=0 success=True steps=67
2026-03-13 11:00:20,019 trace.runner.sweep_runner INFO: intensity=1.00 seed=0 ep=1 success=True steps=105
2026-03-13 11:00:26,406 trace.runner.sweep_runner INFO: intensity=1.00 seed=0 ep=2 success=True steps=84
2026-03-13 11:00:32,132 trace.runner.sweep_runner INFO: intensity=1.00 seed=0 ep=3 success=True steps=75
2026-03-13 11:00:37,998 trace.runner.sweep_runner INFO: intensity=1.00 seed=0 ep=4 success=True steps=75
2026-03-13 11:00:43,589 trace.runner.sweep_runner INFO: intensity=1.00 seed=0 ep=5 success=True steps=72
2026-03-13 11:00:49,137 trace.runner.sweep_runner INFO: intensity=1.00 seed=0 ep=6 success=True steps=70
2026-03-13 11:00:55,272 trace.runner.sweep_runner INFO: intensity=1.00 seed=0 ep=7 success=True steps=79
2026-03-13 11:01:01,250 trace.runner.sweep_runner INFO: intensity=1.00 seed=0 ep=8 success=True steps=78
2026-03-13 11:01:08,800 trace.runner.sweep_runner INFO: intensity=1.00 seed=0 ep=9 success=True steps=104
2026-03-13 11:01:14,774 trace.runner.sweep_runner INFO: intensity=1.00 seed=1 ep=0 success=True steps=78
2026-03-13 11:01:20,804 trace.runner.sweep_runner INFO: intensity=1.00 seed=1 ep=1 success=True steps=80
2026-03-13 11:01:26,476 trace.runner.sweep_runner INFO: intensity=1.00 seed=1 ep=2 success=True steps=77
2026-03-13 11:01:32,517 trace.runner.sweep_runner INFO: intensity=1.00 seed=1 ep=3 success=True steps=79
2026-03-13 11:01:38,264 trace.runner.sweep_runner INFO: intensity=1.00 seed=1 ep=4 success=True steps=75
2026-03-13 11:01:43,824 trace.runner.sweep_runner INFO: intensity=1.00 seed=1 ep=5 success=True steps=70
2026-03-13 11:01:49,435 trace.runner.sweep_runner INFO: intensity=1.00 seed=1 ep=6 success=True steps=71
2026-03-13 11:01:55,673 trace.runner.sweep_runner INFO: intensity=1.00 seed=1 ep=7 success=True steps=82
2026-03-13 11:02:01,990 trace.runner.sweep_runner INFO: intensity=1.00 seed=1 ep=8 success=True steps=81
2026-03-13 11:02:07,700 trace.runner.sweep_runner INFO: intensity=1.00 seed=1 ep=9 success=True steps=73
2026-03-13 11:02:13,403 trace.runner.sweep_runner INFO: intensity=1.00 seed=2 ep=0 success=True steps=75
2026-03-13 11:02:21,057 trace.runner.sweep_runner INFO: intensity=1.00 seed=2 ep=1 success=True steps=108
2026-03-13 11:02:26,925 trace.runner.sweep_runner INFO: intensity=1.00 seed=2 ep=2 success=True steps=79
2026-03-13 11:02:33,038 trace.runner.sweep_runner INFO: intensity=1.00 seed=2 ep=3 success=True steps=79
2026-03-13 11:02:38,716 trace.runner.sweep_runner INFO: intensity=1.00 seed=2 ep=4 success=True steps=73
2026-03-13 11:02:45,201 trace.runner.sweep_runner INFO: intensity=1.00 seed=2 ep=5 success=True steps=82
2026-03-13 11:02:50,827 trace.runner.sweep_runner INFO: intensity=1.00 seed=2 ep=6 success=True steps=73
2026-03-13 11:02:57,243 trace.runner.sweep_runner INFO: intensity=1.00 seed=2 ep=7 success=True steps=84
2026-03-13 11:03:03,413 trace.runner.sweep_runner INFO: intensity=1.00 seed=2 ep=8 success=True steps=81
2026-03-13 11:03:11,404 trace.runner.sweep_runner INFO: intensity=1.00 seed=2 ep=9 success=True steps=112
2026-03-13 11:03:17,383 trace.runner.sweep_runner INFO: intensity=1.00 seed=3 ep=0 success=True steps=80
2026-03-13 11:03:22,984 trace.runner.sweep_runner INFO: intensity=1.00 seed=3 ep=1 success=True steps=72
2026-03-13 11:03:29,312 trace.runner.sweep_runner INFO: intensity=1.00 seed=3 ep=2 success=True steps=87
2026-03-13 11:03:35,268 trace.runner.sweep_runner INFO: intensity=1.00 seed=3 ep=3 success=True steps=78
2026-03-13 11:03:40,915 trace.runner.sweep_runner INFO: intensity=1.00 seed=3 ep=4 success=True steps=74
2026-03-13 11:03:48,384 trace.runner.sweep_runner INFO: intensity=1.00 seed=3 ep=5 success=True steps=104
2026-03-13 11:03:53,868 trace.runner.sweep_runner INFO: intensity=1.00 seed=3 ep=6 success=True steps=69
2026-03-13 11:04:00,284 trace.runner.sweep_runner INFO: intensity=1.00 seed=3 ep=7 success=True steps=85
2026-03-13 11:04:06,442 trace.runner.sweep_runner INFO: intensity=1.00 seed=3 ep=8 success=True steps=80
2026-03-13 11:04:12,048 trace.runner.sweep_runner INFO: intensity=1.00 seed=3 ep=9 success=True steps=72
2026-03-13 11:04:18,091 trace.runner.sweep_runner INFO: intensity=1.00 seed=4 ep=0 success=True steps=78
2026-03-13 11:04:25,774 trace.runner.sweep_runner INFO: intensity=1.00 seed=4 ep=1 success=True steps=107
2026-03-13 11:04:32,032 trace.runner.sweep_runner INFO: intensity=1.00 seed=4 ep=2 success=True steps=85
2026-03-13 11:04:37,982 trace.runner.sweep_runner INFO: intensity=1.00 seed=4 ep=3 success=True steps=78
2026-03-13 11:04:43,876 trace.runner.sweep_runner INFO: intensity=1.00 seed=4 ep=4 success=True steps=75
2026-03-13 11:04:49,515 trace.runner.sweep_runner INFO: intensity=1.00 seed=4 ep=5 success=True steps=74
2026-03-13 11:04:55,300 trace.runner.sweep_runner INFO: intensity=1.00 seed=4 ep=6 success=True steps=73
2026-03-13 11:05:01,269 trace.runner.sweep_runner INFO: intensity=1.00 seed=4 ep=7 success=True steps=79
2026-03-13 11:05:07,128 trace.runner.sweep_runner INFO: intensity=1.00 seed=4 ep=8 success=True steps=77
2026-03-13 11:05:12,843 trace.runner.sweep_runner INFO: intensity=1.00 seed=4 ep=9 success=True steps=72
2026-03-13 11:05:12,847 __main__ INFO:   baseline=100%, max_degradation=2%, breakpoint=none
2026-03-13 11:05:12,850 __main__ INFO:   Report updated: output/reports/report_Pi0PolicyAdapter_libero_20260313_054143.md (8/9 stressors)
2026-03-13 11:05:12,850 __main__ INFO: Running sweep 9/9: ResolutionStressor
2026-03-13 11:05:18,810 trace.runner.sweep_runner INFO: intensity=0.00 seed=0 ep=0 success=True steps=77
2026-03-13 11:05:24,391 trace.runner.sweep_runner INFO: intensity=0.00 seed=0 ep=1 success=True steps=73
2026-03-13 11:05:30,604 trace.runner.sweep_runner INFO: intensity=0.00 seed=0 ep=2 success=True steps=82
2026-03-13 11:05:36,245 trace.runner.sweep_runner INFO: intensity=0.00 seed=0 ep=3 success=True steps=74
2026-03-13 11:05:41,948 trace.runner.sweep_runner INFO: intensity=0.00 seed=0 ep=4 success=True steps=74
2026-03-13 11:05:48,380 trace.runner.sweep_runner INFO: intensity=0.00 seed=0 ep=5 success=True steps=84
2026-03-13 11:05:54,016 trace.runner.sweep_runner INFO: intensity=0.00 seed=0 ep=6 success=True steps=74
2026-03-13 11:06:00,111 trace.runner.sweep_runner INFO: intensity=0.00 seed=0 ep=7 success=True steps=79
2026-03-13 11:06:06,318 trace.runner.sweep_runner INFO: intensity=0.00 seed=0 ep=8 success=True steps=81
2026-03-13 11:06:14,074 trace.runner.sweep_runner INFO: intensity=0.00 seed=0 ep=9 success=True steps=108
2026-03-13 11:06:20,004 trace.runner.sweep_runner INFO: intensity=0.00 seed=1 ep=0 success=True steps=77
2026-03-13 11:06:27,757 trace.runner.sweep_runner INFO: intensity=0.00 seed=1 ep=1 success=True steps=108
2026-03-13 11:06:33,239 trace.runner.sweep_runner INFO: intensity=0.00 seed=1 ep=2 success=True steps=73
2026-03-13 11:06:39,070 trace.runner.sweep_runner INFO: intensity=0.00 seed=1 ep=3 success=True steps=76
2026-03-13 11:06:44,934 trace.runner.sweep_runner INFO: intensity=0.00 seed=1 ep=4 success=True steps=75
2026-03-13 11:06:50,949 trace.runner.sweep_runner INFO: intensity=0.00 seed=1 ep=5 success=True steps=77
2026-03-13 11:06:56,653 trace.runner.sweep_runner INFO: intensity=0.00 seed=1 ep=6 success=True steps=75
2026-03-13 11:07:03,357 trace.runner.sweep_runner INFO: intensity=0.00 seed=1 ep=7 success=True steps=86
2026-03-13 11:07:09,631 trace.runner.sweep_runner INFO: intensity=0.00 seed=1 ep=8 success=True steps=82
2026-03-13 11:07:15,534 trace.runner.sweep_runner INFO: intensity=0.00 seed=1 ep=9 success=True steps=78
2026-03-13 11:07:21,480 trace.runner.sweep_runner INFO: intensity=0.00 seed=2 ep=0 success=True steps=78
2026-03-13 11:07:29,367 trace.runner.sweep_runner INFO: intensity=0.00 seed=2 ep=1 success=True steps=111
2026-03-13 11:07:35,122 trace.runner.sweep_runner INFO: intensity=0.00 seed=2 ep=2 success=True steps=77
2026-03-13 11:07:41,207 trace.runner.sweep_runner INFO: intensity=0.00 seed=2 ep=3 success=True steps=79
2026-03-13 11:07:46,912 trace.runner.sweep_runner INFO: intensity=0.00 seed=2 ep=4 success=True steps=75
2026-03-13 11:07:52,794 trace.runner.sweep_runner INFO: intensity=0.00 seed=2 ep=5 success=True steps=76
2026-03-13 11:07:58,470 trace.runner.sweep_runner INFO: intensity=0.00 seed=2 ep=6 success=True steps=74
2026-03-13 11:08:04,874 trace.runner.sweep_runner INFO: intensity=0.00 seed=2 ep=7 success=True steps=84
2026-03-13 11:08:11,045 trace.runner.sweep_runner INFO: intensity=0.00 seed=2 ep=8 success=True steps=80
2026-03-13 11:08:16,745 trace.runner.sweep_runner INFO: intensity=0.00 seed=2 ep=9 success=True steps=73
2026-03-13 11:08:22,771 trace.runner.sweep_runner INFO: intensity=0.00 seed=3 ep=0 success=True steps=80
2026-03-13 11:08:30,432 trace.runner.sweep_runner INFO: intensity=0.00 seed=3 ep=1 success=True steps=107
2026-03-13 11:08:36,494 trace.runner.sweep_runner INFO: intensity=0.00 seed=3 ep=2 success=True steps=84
2026-03-13 11:08:42,722 trace.runner.sweep_runner INFO: intensity=0.00 seed=3 ep=3 success=True steps=81
2026-03-13 11:08:48,389 trace.runner.sweep_runner INFO: intensity=0.00 seed=3 ep=4 success=True steps=74
2026-03-13 11:08:54,360 trace.runner.sweep_runner INFO: intensity=0.00 seed=3 ep=5 success=True steps=78
2026-03-13 11:09:00,122 trace.runner.sweep_runner INFO: intensity=0.00 seed=3 ep=6 success=True steps=74
2026-03-13 11:09:06,241 trace.runner.sweep_runner INFO: intensity=0.00 seed=3 ep=7 success=True steps=80
2026-03-13 11:09:12,292 trace.runner.sweep_runner INFO: intensity=0.00 seed=3 ep=8 success=True steps=80
2026-03-13 11:09:18,039 trace.runner.sweep_runner INFO: intensity=0.00 seed=3 ep=9 success=True steps=73
2026-03-13 11:09:24,071 trace.runner.sweep_runner INFO: intensity=0.00 seed=4 ep=0 success=True steps=79
2026-03-13 11:09:31,628 trace.runner.sweep_runner INFO: intensity=0.00 seed=4 ep=1 success=True steps=106
2026-03-13 11:09:39,554 trace.runner.sweep_runner INFO: intensity=0.00 seed=4 ep=2 success=True steps=112
2026-03-13 11:09:45,404 trace.runner.sweep_runner INFO: intensity=0.00 seed=4 ep=3 success=True steps=76
2026-03-13 11:09:51,107 trace.runner.sweep_runner INFO: intensity=0.00 seed=4 ep=4 success=True steps=75
2026-03-13 11:09:57,046 trace.runner.sweep_runner INFO: intensity=0.00 seed=4 ep=5 success=True steps=78
2026-03-13 11:10:02,524 trace.runner.sweep_runner INFO: intensity=0.00 seed=4 ep=6 success=True steps=68
2026-03-13 11:10:08,821 trace.runner.sweep_runner INFO: intensity=0.00 seed=4 ep=7 success=True steps=84
2026-03-13 11:10:15,215 trace.runner.sweep_runner INFO: intensity=0.00 seed=4 ep=8 success=True steps=85
2026-03-13 11:10:21,085 trace.runner.sweep_runner INFO: intensity=0.00 seed=4 ep=9 success=True steps=76
2026-03-13 11:10:26,709 trace.runner.sweep_runner INFO: intensity=0.10 seed=0 ep=0 success=True steps=72
2026-03-13 11:10:32,412 trace.runner.sweep_runner INFO: intensity=0.10 seed=0 ep=1 success=True steps=75
2026-03-13 11:10:38,654 trace.runner.sweep_runner INFO: intensity=0.10 seed=0 ep=2 success=True steps=85
2026-03-13 11:10:44,604 trace.runner.sweep_runner INFO: intensity=0.10 seed=0 ep=3 success=True steps=78
2026-03-13 11:10:50,465 trace.runner.sweep_runner INFO: intensity=0.10 seed=0 ep=4 success=True steps=76
2026-03-13 11:10:56,071 trace.runner.sweep_runner INFO: intensity=0.10 seed=0 ep=5 success=True steps=72
2026-03-13 11:11:01,447 trace.runner.sweep_runner INFO: intensity=0.10 seed=0 ep=6 success=True steps=67
2026-03-13 11:11:07,820 trace.runner.sweep_runner INFO: intensity=0.10 seed=0 ep=7 success=True steps=82
2026-03-13 11:11:13,885 trace.runner.sweep_runner INFO: intensity=0.10 seed=0 ep=8 success=True steps=77
2026-03-13 11:11:21,643 trace.runner.sweep_runner INFO: intensity=0.10 seed=0 ep=9 success=True steps=109
2026-03-13 11:11:27,616 trace.runner.sweep_runner INFO: intensity=0.10 seed=1 ep=0 success=True steps=78
2026-03-13 11:11:35,170 trace.runner.sweep_runner INFO: intensity=0.10 seed=1 ep=1 success=True steps=106
2026-03-13 11:11:43,957 trace.runner.sweep_runner INFO: intensity=0.10 seed=1 ep=2 success=True steps=130
2026-03-13 11:11:50,302 trace.runner.sweep_runner INFO: intensity=0.10 seed=1 ep=3 success=True steps=82
2026-03-13 11:11:56,370 trace.runner.sweep_runner INFO: intensity=0.10 seed=1 ep=4 success=True steps=78
2026-03-13 11:12:02,331 trace.runner.sweep_runner INFO: intensity=0.10 seed=1 ep=5 success=True steps=78
2026-03-13 11:12:08,122 trace.runner.sweep_runner INFO: intensity=0.10 seed=1 ep=6 success=True steps=75
2026-03-13 11:12:14,238 trace.runner.sweep_runner INFO: intensity=0.10 seed=1 ep=7 success=True steps=80
2026-03-13 11:12:20,269 trace.runner.sweep_runner INFO: intensity=0.10 seed=1 ep=8 success=True steps=79
2026-03-13 11:12:26,221 trace.runner.sweep_runner INFO: intensity=0.10 seed=1 ep=9 success=True steps=79
2026-03-13 11:12:32,167 trace.runner.sweep_runner INFO: intensity=0.10 seed=2 ep=0 success=True steps=79
2026-03-13 11:12:38,111 trace.runner.sweep_runner INFO: intensity=0.10 seed=2 ep=1 success=True steps=80
2026-03-13 11:12:43,911 trace.runner.sweep_runner INFO: intensity=0.10 seed=2 ep=2 success=True steps=77
2026-03-13 11:12:49,877 trace.runner.sweep_runner INFO: intensity=0.10 seed=2 ep=3 success=True steps=76
2026-03-13 11:12:55,563 trace.runner.sweep_runner INFO: intensity=0.10 seed=2 ep=4 success=True steps=73
2026-03-13 11:13:01,737 trace.runner.sweep_runner INFO: intensity=0.10 seed=2 ep=5 success=True steps=80
2026-03-13 11:13:07,308 trace.runner.sweep_runner INFO: intensity=0.10 seed=2 ep=6 success=True steps=72
2026-03-13 11:13:13,623 trace.runner.sweep_runner INFO: intensity=0.10 seed=2 ep=7 success=True steps=81
2026-03-13 11:13:20,046 trace.runner.sweep_runner INFO: intensity=0.10 seed=2 ep=8 success=True steps=85
2026-03-13 11:13:26,048 trace.runner.sweep_runner INFO: intensity=0.10 seed=2 ep=9 success=True steps=77
2026-03-13 11:13:33,978 trace.runner.sweep_runner INFO: intensity=0.10 seed=3 ep=0 success=True steps=112
2026-03-13 11:13:48,954 trace.runner.sweep_runner INFO: intensity=0.10 seed=3 ep=1 success=False steps=220
2026-03-13 11:13:55,325 trace.runner.sweep_runner INFO: intensity=0.10 seed=3 ep=2 success=True steps=86
2026-03-13 11:14:01,276 trace.runner.sweep_runner INFO: intensity=0.10 seed=3 ep=3 success=True steps=77
2026-03-13 11:14:07,032 trace.runner.sweep_runner INFO: intensity=0.10 seed=3 ep=4 success=True steps=75
2026-03-13 11:14:14,515 trace.runner.sweep_runner INFO: intensity=0.10 seed=3 ep=5 success=True steps=105
2026-03-13 11:14:20,197 trace.runner.sweep_runner INFO: intensity=0.10 seed=3 ep=6 success=True steps=73
2026-03-13 11:14:26,547 trace.runner.sweep_runner INFO: intensity=0.10 seed=3 ep=7 success=True steps=84
2026-03-13 11:14:32,700 trace.runner.sweep_runner INFO: intensity=0.10 seed=3 ep=8 success=True steps=80
2026-03-13 11:14:38,515 trace.runner.sweep_runner INFO: intensity=0.10 seed=3 ep=9 success=True steps=75
2026-03-13 11:14:44,379 trace.runner.sweep_runner INFO: intensity=0.10 seed=4 ep=0 success=True steps=76
2026-03-13 11:14:50,403 trace.runner.sweep_runner INFO: intensity=0.10 seed=4 ep=1 success=True steps=80
2026-03-13 11:14:56,435 trace.runner.sweep_runner INFO: intensity=0.10 seed=4 ep=2 success=True steps=81
2026-03-13 11:15:02,160 trace.runner.sweep_runner INFO: intensity=0.10 seed=4 ep=3 success=True steps=74
2026-03-13 11:15:07,866 trace.runner.sweep_runner INFO: intensity=0.10 seed=4 ep=4 success=True steps=75
2026-03-13 11:15:13,819 trace.runner.sweep_runner INFO: intensity=0.10 seed=4 ep=5 success=True steps=79
2026-03-13 11:15:20,079 trace.runner.sweep_runner INFO: intensity=0.10 seed=4 ep=6 success=True steps=79
2026-03-13 11:15:25,875 trace.runner.sweep_runner INFO: intensity=0.10 seed=4 ep=7 success=True steps=75
2026-03-13 11:15:32,104 trace.runner.sweep_runner INFO: intensity=0.10 seed=4 ep=8 success=True steps=81
2026-03-13 11:15:37,772 trace.runner.sweep_runner INFO: intensity=0.10 seed=4 ep=9 success=True steps=74
2026-03-13 11:15:43,968 trace.runner.sweep_runner INFO: intensity=0.20 seed=0 ep=0 success=True steps=73
2026-03-13 11:15:50,526 trace.runner.sweep_runner INFO: intensity=0.20 seed=0 ep=1 success=True steps=77
2026-03-13 11:15:57,100 trace.runner.sweep_runner INFO: intensity=0.20 seed=0 ep=2 success=True steps=80
2026-03-13 11:16:03,619 trace.runner.sweep_runner INFO: intensity=0.20 seed=0 ep=3 success=True steps=76
2026-03-13 11:16:09,856 trace.runner.sweep_runner INFO: intensity=0.20 seed=0 ep=4 success=True steps=73
2026-03-13 11:16:15,779 trace.runner.sweep_runner INFO: intensity=0.20 seed=0 ep=5 success=True steps=69
2026-03-13 11:16:21,722 trace.runner.sweep_runner INFO: intensity=0.20 seed=0 ep=6 success=True steps=70
2026-03-13 11:16:29,019 trace.runner.sweep_runner INFO: intensity=0.20 seed=0 ep=7 success=True steps=86
2026-03-13 11:16:35,461 trace.runner.sweep_runner INFO: intensity=0.20 seed=0 ep=8 success=True steps=75
2026-03-13 11:16:41,437 trace.runner.sweep_runner INFO: intensity=0.20 seed=0 ep=9 success=True steps=70
2026-03-13 11:16:47,975 trace.runner.sweep_runner INFO: intensity=0.20 seed=1 ep=0 success=True steps=77
2026-03-13 11:16:54,543 trace.runner.sweep_runner INFO: intensity=0.20 seed=1 ep=1 success=True steps=77
2026-03-13 11:17:03,295 trace.runner.sweep_runner INFO: intensity=0.20 seed=1 ep=2 success=True steps=114
2026-03-13 11:17:09,747 trace.runner.sweep_runner INFO: intensity=0.20 seed=1 ep=3 success=True steps=76
2026-03-13 11:17:16,103 trace.runner.sweep_runner INFO: intensity=0.20 seed=1 ep=4 success=True steps=74
2026-03-13 11:17:22,445 trace.runner.sweep_runner INFO: intensity=0.20 seed=1 ep=5 success=True steps=74
2026-03-13 11:17:28,816 trace.runner.sweep_runner INFO: intensity=0.20 seed=1 ep=6 success=True steps=74
2026-03-13 11:17:35,801 trace.runner.sweep_runner INFO: intensity=0.20 seed=1 ep=7 success=True steps=83
2026-03-13 11:17:42,451 trace.runner.sweep_runner INFO: intensity=0.20 seed=1 ep=8 success=True steps=77
2026-03-13 11:17:48,787 trace.runner.sweep_runner INFO: intensity=0.20 seed=1 ep=9 success=True steps=75
2026-03-13 11:17:55,321 trace.runner.sweep_runner INFO: intensity=0.20 seed=2 ep=0 success=True steps=78
2026-03-13 11:18:03,882 trace.runner.sweep_runner INFO: intensity=0.20 seed=2 ep=1 success=True steps=108
2026-03-13 11:18:10,640 trace.runner.sweep_runner INFO: intensity=0.20 seed=2 ep=2 success=True steps=85
2026-03-13 11:18:16,908 trace.runner.sweep_runner INFO: intensity=0.20 seed=2 ep=3 success=True steps=73
2026-03-13 11:18:23,193 trace.runner.sweep_runner INFO: intensity=0.20 seed=2 ep=4 success=True steps=74
2026-03-13 11:18:29,365 trace.runner.sweep_runner INFO: intensity=0.20 seed=2 ep=5 success=True steps=72
2026-03-13 11:18:35,690 trace.runner.sweep_runner INFO: intensity=0.20 seed=2 ep=6 success=True steps=73
2026-03-13 11:18:42,699 trace.runner.sweep_runner INFO: intensity=0.20 seed=2 ep=7 success=True steps=81
2026-03-13 11:18:49,347 trace.runner.sweep_runner INFO: intensity=0.20 seed=2 ep=8 success=True steps=77
2026-03-13 11:18:55,660 trace.runner.sweep_runner INFO: intensity=0.20 seed=2 ep=9 success=True steps=75
2026-03-13 11:19:02,198 trace.runner.sweep_runner INFO: intensity=0.20 seed=3 ep=0 success=True steps=77
2026-03-13 11:19:10,662 trace.runner.sweep_runner INFO: intensity=0.20 seed=3 ep=1 success=True steps=106
2026-03-13 11:19:16,991 trace.runner.sweep_runner INFO: intensity=0.20 seed=3 ep=2 success=True steps=76
2026-03-13 11:19:25,215 trace.runner.sweep_runner INFO: intensity=0.20 seed=3 ep=3 success=True steps=102
2026-03-13 11:19:31,535 trace.runner.sweep_runner INFO: intensity=0.20 seed=3 ep=4 success=True steps=74
2026-03-13 11:19:37,731 trace.runner.sweep_runner INFO: intensity=0.20 seed=3 ep=5 success=True steps=73
2026-03-13 11:19:43,937 trace.runner.sweep_runner INFO: intensity=0.20 seed=3 ep=6 success=True steps=73
2026-03-13 11:19:50,989 trace.runner.sweep_runner INFO: intensity=0.20 seed=3 ep=7 success=True steps=84
2026-03-13 11:19:57,726 trace.runner.sweep_runner INFO: intensity=0.20 seed=3 ep=8 success=True steps=80
2026-03-13 11:20:04,320 trace.runner.sweep_runner INFO: intensity=0.20 seed=3 ep=9 success=True steps=78
2026-03-13 11:20:10,811 trace.runner.sweep_runner INFO: intensity=0.20 seed=4 ep=0 success=True steps=76
2026-03-13 11:20:17,334 trace.runner.sweep_runner INFO: intensity=0.20 seed=4 ep=1 success=True steps=77
2026-03-13 11:20:23,425 trace.runner.sweep_runner INFO: intensity=0.20 seed=4 ep=2 success=True steps=74
2026-03-13 11:20:29,422 trace.runner.sweep_runner INFO: intensity=0.20 seed=4 ep=3 success=True steps=69
2026-03-13 11:20:35,745 trace.runner.sweep_runner INFO: intensity=0.20 seed=4 ep=4 success=True steps=74
2026-03-13 11:20:42,534 trace.runner.sweep_runner INFO: intensity=0.20 seed=4 ep=5 success=True steps=79
2026-03-13 11:20:48,800 trace.runner.sweep_runner INFO: intensity=0.20 seed=4 ep=6 success=True steps=74
2026-03-13 11:20:55,748 trace.runner.sweep_runner INFO: intensity=0.20 seed=4 ep=7 success=True steps=81
2026-03-13 11:21:02,332 trace.runner.sweep_runner INFO: intensity=0.20 seed=4 ep=8 success=True steps=77
2026-03-13 11:21:08,584 trace.runner.sweep_runner INFO: intensity=0.20 seed=4 ep=9 success=True steps=73
2026-03-13 11:21:14,987 trace.runner.sweep_runner INFO: intensity=0.30 seed=0 ep=0 success=True steps=78
2026-03-13 11:21:21,454 trace.runner.sweep_runner INFO: intensity=0.30 seed=0 ep=1 success=True steps=79
2026-03-13 11:21:27,945 trace.runner.sweep_runner INFO: intensity=0.30 seed=0 ep=2 success=True steps=81
2026-03-13 11:21:34,532 trace.runner.sweep_runner INFO: intensity=0.30 seed=0 ep=3 success=True steps=80
2026-03-13 11:21:41,023 trace.runner.sweep_runner INFO: intensity=0.30 seed=0 ep=4 success=True steps=78
2026-03-13 11:21:47,358 trace.runner.sweep_runner INFO: intensity=0.30 seed=0 ep=5 success=True steps=76
2026-03-13 11:21:53,495 trace.runner.sweep_runner INFO: intensity=0.30 seed=0 ep=6 success=True steps=74
2026-03-13 11:22:00,688 trace.runner.sweep_runner INFO: intensity=0.30 seed=0 ep=7 success=True steps=86
2026-03-13 11:22:07,428 trace.runner.sweep_runner INFO: intensity=0.30 seed=0 ep=8 success=True steps=81
2026-03-13 11:22:13,853 trace.runner.sweep_runner INFO: intensity=0.30 seed=0 ep=9 success=True steps=78
2026-03-13 11:22:20,540 trace.runner.sweep_runner INFO: intensity=0.30 seed=1 ep=0 success=True steps=82
2026-03-13 11:22:28,971 trace.runner.sweep_runner INFO: intensity=0.30 seed=1 ep=1 success=True steps=110
2026-03-13 11:22:35,716 trace.runner.sweep_runner INFO: intensity=0.30 seed=1 ep=2 success=True steps=85
2026-03-13 11:22:51,478 trace.runner.sweep_runner INFO: intensity=0.30 seed=1 ep=3 success=False steps=220
2026-03-13 11:22:57,937 trace.runner.sweep_runner INFO: intensity=0.30 seed=1 ep=4 success=True steps=77
2026-03-13 11:23:04,319 trace.runner.sweep_runner INFO: intensity=0.30 seed=1 ep=5 success=True steps=76
2026-03-13 11:23:11,308 trace.runner.sweep_runner INFO: intensity=0.30 seed=1 ep=6 success=True steps=84
2026-03-13 11:23:18,549 trace.runner.sweep_runner INFO: intensity=0.30 seed=1 ep=7 success=True steps=86
2026-03-13 11:23:25,265 trace.runner.sweep_runner INFO: intensity=0.30 seed=1 ep=8 success=True steps=81
2026-03-13 11:23:31,678 trace.runner.sweep_runner INFO: intensity=0.30 seed=1 ep=9 success=True steps=77
2026-03-13 11:23:38,075 trace.runner.sweep_runner INFO: intensity=0.30 seed=2 ep=0 success=True steps=77
2026-03-13 11:23:44,401 trace.runner.sweep_runner INFO: intensity=0.30 seed=2 ep=1 success=True steps=77
2026-03-13 11:23:53,397 trace.runner.sweep_runner INFO: intensity=0.30 seed=2 ep=2 success=True steps=120
2026-03-13 11:24:00,016 trace.runner.sweep_runner INFO: intensity=0.30 seed=2 ep=3 success=True steps=80
2026-03-13 11:24:06,962 trace.runner.sweep_runner INFO: intensity=0.30 seed=2 ep=4 success=True steps=84
2026-03-13 11:24:13,555 trace.runner.sweep_runner INFO: intensity=0.30 seed=2 ep=5 success=True steps=80
2026-03-13 11:24:20,159 trace.runner.sweep_runner INFO: intensity=0.30 seed=2 ep=6 success=True steps=80
2026-03-13 11:24:27,024 trace.runner.sweep_runner INFO: intensity=0.30 seed=2 ep=7 success=True steps=81
2026-03-13 11:24:34,274 trace.runner.sweep_runner INFO: intensity=0.30 seed=2 ep=8 success=True steps=88
2026-03-13 11:24:40,939 trace.runner.sweep_runner INFO: intensity=0.30 seed=2 ep=9 success=True steps=81
2026-03-13 11:24:47,605 trace.runner.sweep_runner INFO: intensity=0.30 seed=3 ep=0 success=True steps=81
2026-03-13 11:24:54,292 trace.runner.sweep_runner INFO: intensity=0.30 seed=3 ep=1 success=True steps=81
2026-03-13 11:25:00,905 trace.runner.sweep_runner INFO: intensity=0.30 seed=3 ep=2 success=True steps=85
2026-03-13 11:25:07,502 trace.runner.sweep_runner INFO: intensity=0.30 seed=3 ep=3 success=True steps=79
2026-03-13 11:25:14,001 trace.runner.sweep_runner INFO: intensity=0.30 seed=3 ep=4 success=True steps=79
2026-03-13 11:25:20,379 trace.runner.sweep_runner INFO: intensity=0.30 seed=3 ep=5 success=True steps=77
2026-03-13 11:25:26,828 trace.runner.sweep_runner INFO: intensity=0.30 seed=3 ep=6 success=True steps=77
2026-03-13 11:25:33,675 trace.runner.sweep_runner INFO: intensity=0.30 seed=3 ep=7 success=True steps=81
2026-03-13 11:25:40,762 trace.runner.sweep_runner INFO: intensity=0.30 seed=3 ep=8 success=True steps=86
2026-03-13 11:25:47,233 trace.runner.sweep_runner INFO: intensity=0.30 seed=3 ep=9 success=True steps=80
2026-03-13 11:25:53,956 trace.runner.sweep_runner INFO: intensity=0.30 seed=4 ep=0 success=True steps=82
2026-03-13 11:26:02,677 trace.runner.sweep_runner INFO: intensity=0.30 seed=4 ep=1 success=True steps=113
2026-03-13 11:26:09,649 trace.runner.sweep_runner INFO: intensity=0.30 seed=4 ep=2 success=True steps=88
2026-03-13 11:26:16,417 trace.runner.sweep_runner INFO: intensity=0.30 seed=4 ep=3 success=True steps=82
2026-03-13 11:26:23,154 trace.runner.sweep_runner INFO: intensity=0.30 seed=4 ep=4 success=True steps=82
2026-03-13 11:26:29,333 trace.runner.sweep_runner INFO: intensity=0.30 seed=4 ep=5 success=True steps=75
2026-03-13 11:26:35,830 trace.runner.sweep_runner INFO: intensity=0.30 seed=4 ep=6 success=True steps=79
2026-03-13 11:26:43,076 trace.runner.sweep_runner INFO: intensity=0.30 seed=4 ep=7 success=True steps=86
2026-03-13 11:26:50,290 trace.runner.sweep_runner INFO: intensity=0.30 seed=4 ep=8 success=True steps=87
2026-03-13 11:26:56,290 trace.runner.sweep_runner INFO: intensity=0.30 seed=4 ep=9 success=True steps=71
2026-03-13 11:27:03,354 trace.runner.sweep_runner INFO: intensity=0.50 seed=0 ep=0 success=True steps=90
2026-03-13 11:27:13,919 trace.runner.sweep_runner INFO: intensity=0.50 seed=0 ep=1 success=True steps=142
2026-03-13 11:27:23,044 trace.runner.sweep_runner INFO: intensity=0.50 seed=0 ep=2 success=True steps=121
2026-03-13 11:27:38,604 trace.runner.sweep_runner INFO: intensity=0.50 seed=0 ep=3 success=False steps=220
2026-03-13 11:27:48,796 trace.runner.sweep_runner INFO: intensity=0.50 seed=0 ep=4 success=True steps=135
2026-03-13 11:27:56,346 trace.runner.sweep_runner INFO: intensity=0.50 seed=0 ep=5 success=True steps=96
2026-03-13 11:28:11,903 trace.runner.sweep_runner INFO: intensity=0.50 seed=0 ep=6 success=False steps=220
2026-03-13 11:28:18,849 trace.runner.sweep_runner INFO: intensity=0.50 seed=0 ep=7 success=True steps=87
2026-03-13 11:28:27,234 trace.runner.sweep_runner INFO: intensity=0.50 seed=0 ep=8 success=True steps=106
2026-03-13 11:28:34,494 trace.runner.sweep_runner INFO: intensity=0.50 seed=0 ep=9 success=True steps=92
2026-03-13 11:28:41,555 trace.runner.sweep_runner INFO: intensity=0.50 seed=1 ep=0 success=True steps=88
2026-03-13 11:28:51,241 trace.runner.sweep_runner INFO: intensity=0.50 seed=1 ep=1 success=True steps=130
2026-03-13 11:29:06,862 trace.runner.sweep_runner INFO: intensity=0.50 seed=1 ep=2 success=True steps=217
2026-03-13 11:29:13,955 trace.runner.sweep_runner INFO: intensity=0.50 seed=1 ep=3 success=True steps=88
2026-03-13 11:29:20,989 trace.runner.sweep_runner INFO: intensity=0.50 seed=1 ep=4 success=True steps=88
2026-03-13 11:29:28,344 trace.runner.sweep_runner INFO: intensity=0.50 seed=1 ep=5 success=True steps=92
2026-03-13 11:29:44,354 trace.runner.sweep_runner INFO: intensity=0.50 seed=1 ep=6 success=False steps=220
2026-03-13 11:29:59,922 trace.runner.sweep_runner INFO: intensity=0.50 seed=1 ep=7 success=False steps=220
2026-03-13 11:30:08,456 trace.runner.sweep_runner INFO: intensity=0.50 seed=1 ep=8 success=True steps=106
2026-03-13 11:30:18,474 trace.runner.sweep_runner INFO: intensity=0.50 seed=1 ep=9 success=True steps=134
2026-03-13 11:30:34,416 trace.runner.sweep_runner INFO: intensity=0.50 seed=2 ep=0 success=False steps=220
2026-03-13 11:30:49,809 trace.runner.sweep_runner INFO: intensity=0.50 seed=2 ep=1 success=False steps=220
2026-03-13 11:31:01,099 trace.runner.sweep_runner INFO: intensity=0.50 seed=2 ep=2 success=True steps=158
2026-03-13 11:31:11,809 trace.runner.sweep_runner INFO: intensity=0.50 seed=2 ep=3 success=True steps=142
2026-03-13 11:31:18,252 trace.runner.sweep_runner INFO: intensity=0.50 seed=2 ep=4 success=True steps=77
2026-03-13 11:31:32,966 trace.runner.sweep_runner INFO: intensity=0.50 seed=2 ep=5 success=True steps=202
2026-03-13 11:31:39,948 trace.runner.sweep_runner INFO: intensity=0.50 seed=2 ep=6 success=True steps=87
2026-03-13 11:31:51,198 trace.runner.sweep_runner INFO: intensity=0.50 seed=2 ep=7 success=True steps=152
2026-03-13 11:31:58,925 trace.runner.sweep_runner INFO: intensity=0.50 seed=2 ep=8 success=True steps=99
2026-03-13 11:32:05,727 trace.runner.sweep_runner INFO: intensity=0.50 seed=2 ep=9 success=True steps=84
2026-03-13 11:32:14,174 trace.runner.sweep_runner INFO: intensity=0.50 seed=3 ep=0 success=True steps=110
2026-03-13 11:32:29,703 trace.runner.sweep_runner INFO: intensity=0.50 seed=3 ep=1 success=False steps=220
2026-03-13 11:32:35,904 trace.runner.sweep_runner INFO: intensity=0.50 seed=3 ep=2 success=True steps=79
2026-03-13 11:32:45,660 trace.runner.sweep_runner INFO: intensity=0.50 seed=3 ep=3 success=True steps=130
2026-03-13 11:32:52,789 trace.runner.sweep_runner INFO: intensity=0.50 seed=3 ep=4 success=True steps=90
2026-03-13 11:33:03,223 trace.runner.sweep_runner INFO: intensity=0.50 seed=3 ep=5 success=True steps=138
2026-03-13 11:33:10,333 trace.runner.sweep_runner INFO: intensity=0.50 seed=3 ep=6 success=True steps=87
2026-03-13 11:33:17,686 trace.runner.sweep_runner INFO: intensity=0.50 seed=3 ep=7 success=True steps=93
2026-03-13 11:33:26,019 trace.runner.sweep_runner INFO: intensity=0.50 seed=3 ep=8 success=True steps=109
2026-03-13 11:33:33,721 trace.runner.sweep_runner INFO: intensity=0.50 seed=3 ep=9 success=True steps=98
2026-03-13 11:33:48,384 trace.runner.sweep_runner INFO: intensity=0.50 seed=4 ep=0 success=True steps=201
2026-03-13 11:34:03,814 trace.runner.sweep_runner INFO: intensity=0.50 seed=4 ep=1 success=False steps=220
2026-03-13 11:34:19,175 trace.runner.sweep_runner INFO: intensity=0.50 seed=4 ep=2 success=False steps=220
2026-03-13 11:34:27,234 trace.runner.sweep_runner INFO: intensity=0.50 seed=4 ep=3 success=True steps=103
2026-03-13 11:34:37,345 trace.runner.sweep_runner INFO: intensity=0.50 seed=4 ep=4 success=True steps=134
2026-03-13 11:34:53,125 trace.runner.sweep_runner INFO: intensity=0.50 seed=4 ep=5 success=False steps=220
2026-03-13 11:35:00,490 trace.runner.sweep_runner INFO: intensity=0.50 seed=4 ep=6 success=True steps=91
2026-03-13 11:35:16,326 trace.runner.sweep_runner INFO: intensity=0.50 seed=4 ep=7 success=False steps=220
2026-03-13 11:35:24,879 trace.runner.sweep_runner INFO: intensity=0.50 seed=4 ep=8 success=True steps=106
2026-03-13 11:35:32,373 trace.runner.sweep_runner INFO: intensity=0.50 seed=4 ep=9 success=True steps=94
2026-03-13 11:35:41,222 trace.runner.sweep_runner INFO: intensity=0.70 seed=0 ep=0 success=True steps=114
2026-03-13 11:35:56,867 trace.runner.sweep_runner INFO: intensity=0.70 seed=0 ep=1 success=False steps=220
2026-03-13 11:36:12,305 trace.runner.sweep_runner INFO: intensity=0.70 seed=0 ep=2 success=False steps=220
2026-03-13 11:36:27,808 trace.runner.sweep_runner INFO: intensity=0.70 seed=0 ep=3 success=False steps=220
2026-03-13 11:36:36,006 trace.runner.sweep_runner INFO: intensity=0.70 seed=0 ep=4 success=True steps=106
2026-03-13 11:36:51,677 trace.runner.sweep_runner INFO: intensity=0.70 seed=0 ep=5 success=False steps=220
2026-03-13 11:36:59,138 trace.runner.sweep_runner INFO: intensity=0.70 seed=0 ep=6 success=True steps=95
2026-03-13 11:37:14,564 trace.runner.sweep_runner INFO: intensity=0.70 seed=0 ep=7 success=False steps=220
2026-03-13 11:37:30,379 trace.runner.sweep_runner INFO: intensity=0.70 seed=0 ep=8 success=False steps=220
2026-03-13 11:37:38,613 trace.runner.sweep_runner INFO: intensity=0.70 seed=0 ep=9 success=True steps=105
2026-03-13 11:37:45,961 trace.runner.sweep_runner INFO: intensity=0.70 seed=1 ep=0 success=True steps=93
2026-03-13 11:37:53,931 trace.runner.sweep_runner INFO: intensity=0.70 seed=1 ep=1 success=True steps=103
2026-03-13 11:38:02,266 trace.runner.sweep_runner INFO: intensity=0.70 seed=1 ep=2 success=True steps=111
2026-03-13 11:38:09,946 trace.runner.sweep_runner INFO: intensity=0.70 seed=1 ep=3 success=True steps=98
2026-03-13 11:38:17,589 trace.runner.sweep_runner INFO: intensity=0.70 seed=1 ep=4 success=True steps=97
2026-03-13 11:38:25,147 trace.runner.sweep_runner INFO: intensity=0.70 seed=1 ep=5 success=True steps=97
2026-03-13 11:38:32,832 trace.runner.sweep_runner INFO: intensity=0.70 seed=1 ep=6 success=True steps=100
2026-03-13 11:38:48,249 trace.runner.sweep_runner INFO: intensity=0.70 seed=1 ep=7 success=False steps=220
2026-03-13 11:38:56,975 trace.runner.sweep_runner INFO: intensity=0.70 seed=1 ep=8 success=True steps=111
2026-03-13 11:39:04,674 trace.runner.sweep_runner INFO: intensity=0.70 seed=1 ep=9 success=True steps=99
2026-03-13 11:39:13,038 trace.runner.sweep_runner INFO: intensity=0.70 seed=2 ep=0 success=True steps=108
2026-03-13 11:39:20,308 trace.runner.sweep_runner INFO: intensity=0.70 seed=2 ep=1 success=True steps=93
2026-03-13 11:39:29,292 trace.runner.sweep_runner INFO: intensity=0.70 seed=2 ep=2 success=True steps=119
2026-03-13 11:39:44,703 trace.runner.sweep_runner INFO: intensity=0.70 seed=2 ep=3 success=False steps=220
2026-03-13 11:39:53,336 trace.runner.sweep_runner INFO: intensity=0.70 seed=2 ep=4 success=True steps=113
2026-03-13 11:40:00,935 trace.runner.sweep_runner INFO: intensity=0.70 seed=2 ep=5 success=True steps=98
2026-03-13 11:40:08,942 trace.runner.sweep_runner INFO: intensity=0.70 seed=2 ep=6 success=True steps=103
2026-03-13 11:40:24,426 trace.runner.sweep_runner INFO: intensity=0.70 seed=2 ep=7 success=False steps=220
2026-03-13 11:40:33,468 trace.runner.sweep_runner INFO: intensity=0.70 seed=2 ep=8 success=True steps=116
2026-03-13 11:40:41,891 trace.runner.sweep_runner INFO: intensity=0.70 seed=2 ep=9 success=True steps=108
2026-03-13 11:40:50,470 trace.runner.sweep_runner INFO: intensity=0.70 seed=3 ep=0 success=True steps=111
2026-03-13 11:41:05,740 trace.runner.sweep_runner INFO: intensity=0.70 seed=3 ep=1 success=False steps=220
2026-03-13 11:41:20,805 trace.runner.sweep_runner INFO: intensity=0.70 seed=3 ep=2 success=False steps=220
2026-03-13 11:41:29,210 trace.runner.sweep_runner INFO: intensity=0.70 seed=3 ep=3 success=True steps=108
2026-03-13 11:41:37,185 trace.runner.sweep_runner INFO: intensity=0.70 seed=3 ep=4 success=True steps=102
2026-03-13 11:41:45,098 trace.runner.sweep_runner INFO: intensity=0.70 seed=3 ep=5 success=True steps=101
2026-03-13 11:41:52,894 trace.runner.sweep_runner INFO: intensity=0.70 seed=3 ep=6 success=True steps=98
2026-03-13 11:42:02,293 trace.runner.sweep_runner INFO: intensity=0.70 seed=3 ep=7 success=True steps=123
2026-03-13 11:42:18,031 trace.runner.sweep_runner INFO: intensity=0.70 seed=3 ep=8 success=False steps=220
2026-03-13 11:42:26,738 trace.runner.sweep_runner INFO: intensity=0.70 seed=3 ep=9 success=True steps=113
2026-03-13 11:42:42,542 trace.runner.sweep_runner INFO: intensity=0.70 seed=4 ep=0 success=False steps=220
2026-03-13 11:42:57,920 trace.runner.sweep_runner INFO: intensity=0.70 seed=4 ep=1 success=False steps=220
2026-03-13 11:43:13,441 trace.runner.sweep_runner INFO: intensity=0.70 seed=4 ep=2 success=False steps=220
2026-03-13 11:43:27,073 trace.runner.sweep_runner INFO: intensity=0.70 seed=4 ep=3 success=True steps=188
2026-03-13 11:43:33,734 trace.runner.sweep_runner INFO: intensity=0.70 seed=4 ep=4 success=True steps=83
2026-03-13 11:43:41,697 trace.runner.sweep_runner INFO: intensity=0.70 seed=4 ep=5 success=True steps=101
2026-03-13 11:43:49,705 trace.runner.sweep_runner INFO: intensity=0.70 seed=4 ep=6 success=True steps=103
2026-03-13 11:44:05,498 trace.runner.sweep_runner INFO: intensity=0.70 seed=4 ep=7 success=False steps=220
2026-03-13 11:44:13,884 trace.runner.sweep_runner INFO: intensity=0.70 seed=4 ep=8 success=True steps=109
2026-03-13 11:44:21,834 trace.runner.sweep_runner INFO: intensity=0.70 seed=4 ep=9 success=True steps=102
2026-03-13 11:44:37,577 trace.runner.sweep_runner INFO: intensity=1.00 seed=0 ep=0 success=True steps=209
2026-03-13 11:44:53,780 trace.runner.sweep_runner INFO: intensity=1.00 seed=0 ep=1 success=False steps=220
2026-03-13 11:45:09,350 trace.runner.sweep_runner INFO: intensity=1.00 seed=0 ep=2 success=False steps=220
2026-03-13 11:45:25,858 trace.runner.sweep_runner INFO: intensity=1.00 seed=0 ep=3 success=False steps=220
2026-03-13 11:45:42,817 trace.runner.sweep_runner INFO: intensity=1.00 seed=0 ep=4 success=False steps=220
2026-03-13 11:45:58,476 trace.runner.sweep_runner INFO: intensity=1.00 seed=0 ep=5 success=False steps=220
2026-03-13 11:46:14,593 trace.runner.sweep_runner INFO: intensity=1.00 seed=0 ep=6 success=False steps=220
2026-03-13 11:46:31,606 trace.runner.sweep_runner INFO: intensity=1.00 seed=0 ep=7 success=False steps=220
2026-03-13 11:46:48,444 trace.runner.sweep_runner INFO: intensity=1.00 seed=0 ep=8 success=False steps=220
2026-03-13 11:47:04,938 trace.runner.sweep_runner INFO: intensity=1.00 seed=0 ep=9 success=False steps=220
2026-03-13 11:47:20,796 trace.runner.sweep_runner INFO: intensity=1.00 seed=1 ep=0 success=False steps=220
2026-03-13 11:47:36,697 trace.runner.sweep_runner INFO: intensity=1.00 seed=1 ep=1 success=False steps=220
2026-03-13 11:47:52,549 trace.runner.sweep_runner INFO: intensity=1.00 seed=1 ep=2 success=False steps=220
2026-03-13 11:48:09,059 trace.runner.sweep_runner INFO: intensity=1.00 seed=1 ep=3 success=False steps=220
2026-03-13 11:48:25,905 trace.runner.sweep_runner INFO: intensity=1.00 seed=1 ep=4 success=False steps=220
2026-03-13 11:48:41,792 trace.runner.sweep_runner INFO: intensity=1.00 seed=1 ep=5 success=False steps=220
2026-03-13 11:48:58,328 trace.runner.sweep_runner INFO: intensity=1.00 seed=1 ep=6 success=False steps=220
2026-03-13 11:49:14,549 trace.runner.sweep_runner INFO: intensity=1.00 seed=1 ep=7 success=False steps=220
2026-03-13 11:49:25,925 trace.runner.sweep_runner INFO: intensity=1.00 seed=1 ep=8 success=True steps=147
2026-03-13 11:49:42,016 trace.runner.sweep_runner INFO: intensity=1.00 seed=1 ep=9 success=False steps=220
2026-03-13 11:49:58,358 trace.runner.sweep_runner INFO: intensity=1.00 seed=2 ep=0 success=False steps=220
2026-03-13 11:50:14,497 trace.runner.sweep_runner INFO: intensity=1.00 seed=2 ep=1 success=False steps=220
2026-03-13 11:50:31,358 trace.runner.sweep_runner INFO: intensity=1.00 seed=2 ep=2 success=False steps=220
2026-03-13 11:50:48,465 trace.runner.sweep_runner INFO: intensity=1.00 seed=2 ep=3 success=False steps=220
2026-03-13 11:51:05,050 trace.runner.sweep_runner INFO: intensity=1.00 seed=2 ep=4 success=False steps=220
2026-03-13 11:51:20,617 trace.runner.sweep_runner INFO: intensity=1.00 seed=2 ep=5 success=False steps=220
2026-03-13 11:51:37,092 trace.runner.sweep_runner INFO: intensity=1.00 seed=2 ep=6 success=False steps=220
2026-03-13 11:51:52,765 trace.runner.sweep_runner INFO: intensity=1.00 seed=2 ep=7 success=False steps=220
2026-03-13 11:52:09,549 trace.runner.sweep_runner INFO: intensity=1.00 seed=2 ep=8 success=False steps=220
2026-03-13 11:52:26,090 trace.runner.sweep_runner INFO: intensity=1.00 seed=2 ep=9 success=False steps=220
2026-03-13 11:52:41,816 trace.runner.sweep_runner INFO: intensity=1.00 seed=3 ep=0 success=False steps=220
2026-03-13 11:52:58,059 trace.runner.sweep_runner INFO: intensity=1.00 seed=3 ep=1 success=False steps=220
2026-03-13 11:53:08,448 trace.runner.sweep_runner INFO: intensity=1.00 seed=3 ep=2 success=True steps=140
2026-03-13 11:53:24,525 trace.runner.sweep_runner INFO: intensity=1.00 seed=3 ep=3 success=False steps=220
2026-03-13 11:53:41,292 trace.runner.sweep_runner INFO: intensity=1.00 seed=3 ep=4 success=False steps=220
2026-03-13 11:53:57,362 trace.runner.sweep_runner INFO: intensity=1.00 seed=3 ep=5 success=False steps=220
2026-03-13 11:54:13,102 trace.runner.sweep_runner INFO: intensity=1.00 seed=3 ep=6 success=False steps=220
2026-03-13 11:54:30,020 trace.runner.sweep_runner INFO: intensity=1.00 seed=3 ep=7 success=False steps=220
2026-03-13 11:54:45,444 trace.runner.sweep_runner INFO: intensity=1.00 seed=3 ep=8 success=False steps=220
2026-03-13 11:55:02,462 trace.runner.sweep_runner INFO: intensity=1.00 seed=3 ep=9 success=False steps=220
2026-03-13 11:55:18,427 trace.runner.sweep_runner INFO: intensity=1.00 seed=4 ep=0 success=False steps=220
2026-03-13 11:55:34,284 trace.runner.sweep_runner INFO: intensity=1.00 seed=4 ep=1 success=False steps=220
2026-03-13 11:55:50,750 trace.runner.sweep_runner INFO: intensity=1.00 seed=4 ep=2 success=False steps=220
2026-03-13 11:56:07,259 trace.runner.sweep_runner INFO: intensity=1.00 seed=4 ep=3 success=False steps=220
2026-03-13 11:56:23,830 trace.runner.sweep_runner INFO: intensity=1.00 seed=4 ep=4 success=False steps=220
2026-03-13 11:56:40,124 trace.runner.sweep_runner INFO: intensity=1.00 seed=4 ep=5 success=False steps=220
2026-03-13 11:56:56,886 trace.runner.sweep_runner INFO: intensity=1.00 seed=4 ep=6 success=False steps=220
2026-03-13 11:57:13,660 trace.runner.sweep_runner INFO: intensity=1.00 seed=4 ep=7 success=False steps=220
2026-03-13 11:57:29,517 trace.runner.sweep_runner INFO: intensity=1.00 seed=4 ep=8 success=False steps=220
2026-03-13 11:57:46,152 trace.runner.sweep_runner INFO: intensity=1.00 seed=4 ep=9 success=False steps=220
2026-03-13 11:57:46,155 __main__ INFO:   baseline=100%, max_degradation=94%, breakpoint=1.00
2026-03-13 11:57:46,158 __main__ INFO:   Report updated: output/reports/report_Pi0PolicyAdapter_libero_20260313_054143.md (9/9 stressors)
2026-03-13 11:57:46,158 __main__ INFO: Final report: output/reports/report_Pi0PolicyAdapter_libero_20260313_054143.md
[info] using task orders [0, 1, 2, 3, 4, 5, 6, 7, 8, 9]
[Warning]: datasets path /scratch/at5282/trace/openpi/third_party/libero/libero/datasets does not exist!
[Warning]: datasets path /scratch/at5282/trace/openpi/third_party/libero/libero/datasets does not exist!
Exception ignored in: <function MjRenderContext.__del__ at 0x1553ee957240>
Traceback (most recent call last):
  File "/home/at5282/.conda/envs/trace-pi0/lib/python3.11/site-packages/robosuite/utils/binding_utils.py", line 199, in __del__
    self.gl_ctx.free()
  File "/home/at5282/.conda/envs/trace-pi0/lib/python3.11/site-packages/robosuite/renderers/context/egl_context.py", line 149, in free
    EGL.eglMakeCurrent(EGL_DISPLAY, EGL.EGL_NO_SURFACE, EGL.EGL_NO_SURFACE, EGL.EGL_NO_CONTEXT)
  File "/home/at5282/.conda/envs/trace-pi0/lib/python3.11/site-packages/OpenGL/error.py", line 230, in glCheckError
    raise self._errorClass(
OpenGL.raw.EGL._errors.EGLError: EGLError(
	err = EGL_NOT_INITIALIZED,
	baseOperation = eglMakeCurrent,
	cArguments = (
		<OpenGL._opaque.EGLDisplay_pointer object at 0x1553e18b68d0>,
		<OpenGL._opaque.EGLSurface_pointer object at 0x15553d767e30>,
		<OpenGL._opaque.EGLSurface_pointer object at 0x15553d767e30>,
		<OpenGL._opaque.EGLContext_pointer object at 0x15553d767d10>,
	),
	result = 0
)
Exception ignored in: <function EGLGLContext.__del__ at 0x1553ee957100>
Traceback (most recent call last):
  File "/home/at5282/.conda/envs/trace-pi0/lib/python3.11/site-packages/robosuite/renderers/context/egl_context.py", line 155, in __del__
    self.free()
  File "/home/at5282/.conda/envs/trace-pi0/lib/python3.11/site-packages/robosuite/renderers/context/egl_context.py", line 149, in free
    EGL.eglMakeCurrent(EGL_DISPLAY, EGL.EGL_NO_SURFACE, EGL.EGL_NO_SURFACE, EGL.EGL_NO_CONTEXT)
  File "/home/at5282/.conda/envs/trace-pi0/lib/python3.11/site-packages/OpenGL/error.py", line 230, in glCheckError
    raise self._errorClass(
OpenGL.raw.EGL._errors.EGLError: EGLError(
	err = EGL_NOT_INITIALIZED,
	baseOperation = eglMakeCurrent,
	cArguments = (
		<OpenGL._opaque.EGLDisplay_pointer object at 0x1553e18b68d0>,
		<OpenGL._opaque.EGLSurface_pointer object at 0x15553d767e30>,
		<OpenGL._opaque.EGLSurface_pointer object at 0x15553d767e30>,
		<OpenGL._opaque.EGLContext_pointer object at 0x15553d767d10>,
	),
	result = 0
)
LEVEL 4 PASSED

============================================
ALL LIBERO TESTS PASSED
============================================

Shutting down server (PID 1543389)...
Done.
