============================================
LIBERO + Pi0 Test Pipeline
Node: cn257
Date: Wed Mar  4 18:13:24 +04 2026
Job ID: 14300072
============================================

[GPU Info]
NVIDIA A100 80GB PCIe, 81920 MiB

============================================
LEVEL 1: LIBERO unit tests
============================================
============================= test session starts ==============================
platform linux -- Python 3.11.14, pytest-9.0.2, pluggy-1.6.0 -- /home/at5282/.conda/envs/trace-pi0/bin/python
cachedir: .pytest_cache
rootdir: /scratch/at5282/trace/tracerobotics
configfile: pyproject.toml
plugins: cov-7.0.0
collecting ... collected 12 items

tests/test_libero_task.py::TestLiberoTaskInit::test_initialize PASSED    [  8%]
tests/test_libero_task.py::TestLiberoTaskInit::test_language_instruction PASSED [ 16%]
tests/test_libero_task.py::TestLiberoTaskReset::test_reset_returns_observation PASSED [ 25%]
tests/test_libero_task.py::TestLiberoTaskReset::test_observation_keys PASSED [ 33%]
tests/test_libero_task.py::TestLiberoTaskReset::test_image_shape PASSED  [ 41%]
tests/test_libero_task.py::TestLiberoTaskReset::test_proprioception_shapes PASSED [ 50%]
tests/test_libero_task.py::TestLiberoTaskStep::test_step_returns_tuple PASSED [ 58%]
tests/test_libero_task.py::TestLiberoTaskStep::test_step_observation_format PASSED [ 66%]
tests/test_libero_task.py::TestLiberoTaskMujoco::test_get_mujoco_model PASSED [ 75%]
tests/test_libero_task.py::TestLiberoTaskMujoco::test_get_mujoco_data PASSED [ 83%]
tests/test_libero_task.py::TestLiberoTaskSuccess::test_initial_not_success PASSED [ 91%]
tests/test_libero_task.py::TestLiberoTaskSuccess::test_no_catastrophic_failure PASSED [100%]

=============================== warnings summary ===============================
tests/test_libero_task.py::TestLiberoTaskInit::test_initialize
  /home/at5282/.conda/envs/trace-pi0/lib/python3.11/site-packages/robosuite/macros.py:53: DeprecationWarning: The 'warn' method is deprecated, use 'warning' instead
    ROBOSUITE_DEFAULT_LOGGER.warn("No private macro file found!")

tests/test_libero_task.py::TestLiberoTaskInit::test_initialize
  /home/at5282/.conda/envs/trace-pi0/lib/python3.11/site-packages/robosuite/macros.py:54: DeprecationWarning: The 'warn' method is deprecated, use 'warning' instead
    ROBOSUITE_DEFAULT_LOGGER.warn("It is recommended to use a private macro file")

tests/test_libero_task.py::TestLiberoTaskInit::test_initialize
  /home/at5282/.conda/envs/trace-pi0/lib/python3.11/site-packages/robosuite/macros.py:55: DeprecationWarning: The 'warn' method is deprecated, use 'warning' instead
    ROBOSUITE_DEFAULT_LOGGER.warn("To setup, run: python {}/scripts/setup_macros.py".format(robosuite.__path__[0]))

-- Docs: https://docs.pytest.org/en/stable/how-to/capture-warnings.html
======================= 12 passed, 3 warnings in 27.39s ========================
LEVEL 1 PASSED

============================================
Starting pi0 server on port 8000...
============================================
Waiting for server (PID 3630783) to start listening on port 8000...
  ... waiting (5s)
  ... waiting (10s)
  ... waiting (15s)
  ... waiting (20s)
  ... waiting (25s)
Server is ready (took 25s).


============================================
LEVEL 2: LIBERO single-episode evaluation
============================================
[robosuite WARNING] No private macro file found! (macros.py:53)
[robosuite WARNING] It is recommended to use a private macro file (macros.py:54)
[robosuite WARNING] To setup, run: python /home/at5282/.conda/envs/trace-pi0/lib/python3.11/site-packages/robosuite/scripts/setup_macros.py (macros.py:55)
Gym has been unmaintained since 2022 and does not support NumPy 2.0 amongst other critical functionality.
Please upgrade to Gymnasium, the maintained drop-in replacement of Gym, or contact the authors of your software and request that they upgrade.
See the migration guide at https://gymnasium.farama.org/introduction/migration_guide/ for additional information.
[info] using task orders [0, 1, 2, 3, 4, 5, 6, 7, 8, 9]
[Warning]: datasets path /scratch/at5282/trace/openpi/third_party/libero/libero/datasets does not exist!
[Warning]: datasets path /scratch/at5282/trace/openpi/third_party/libero/libero/datasets does not exist!
Task: libero
Suite: libero_spatial
Language instruction: pick up the black bowl between the plate and the ramekin and place it on the plate
Success:              True
Steps:                69
Reward:               1.000
Catastrophic failure: False
LEVEL 2 PASSED
Exception ignored in: <function MjRenderContext.__del__ at 0x1553ee983880>
Traceback (most recent call last):
  File "/home/at5282/.conda/envs/trace-pi0/lib/python3.11/site-packages/robosuite/utils/binding_utils.py", line 199, in __del__
  File "/home/at5282/.conda/envs/trace-pi0/lib/python3.11/site-packages/robosuite/renderers/context/egl_context.py", line 149, in free
  File "/home/at5282/.conda/envs/trace-pi0/lib/python3.11/site-packages/OpenGL/error.py", line 230, in glCheckError
OpenGL.raw.EGL._errors.EGLError: <exception str() failed>
Exception ignored in: <function EGLGLContext.__del__ at 0x1553ee983740>
Traceback (most recent call last):
  File "/home/at5282/.conda/envs/trace-pi0/lib/python3.11/site-packages/robosuite/renderers/context/egl_context.py", line 155, in __del__
  File "/home/at5282/.conda/envs/trace-pi0/lib/python3.11/site-packages/robosuite/renderers/context/egl_context.py", line 149, in free
  File "/home/at5282/.conda/envs/trace-pi0/lib/python3.11/site-packages/OpenGL/error.py", line 230, in glCheckError
OpenGL.raw.EGL._errors.EGLError: <exception str() failed>

============================================
LEVEL 3: LIBERO mini sweep (quick_test.yaml)
============================================
2026-03-04 18:15:10,025 __main__ INFO: Trace Robotics Evaluation
2026-03-04 18:15:10,025 __main__ INFO: Task config: configs/tasks/libero_spatial.yaml
2026-03-04 18:15:10,025 __main__ INFO: Sweep config: configs/sweeps/quick_test.yaml
2026-03-04 18:15:10,025 __main__ INFO: Checkpoint: (none)
2026-03-04 18:15:10,025 __main__ INFO: Output: output/reports
[robosuite WARNING] No private macro file found! (macros.py:53)
2026-03-04 18:15:11,731 robosuite_logs WARNING: No private macro file found!
[robosuite WARNING] It is recommended to use a private macro file (macros.py:54)
2026-03-04 18:15:11,731 robosuite_logs WARNING: It is recommended to use a private macro file
[robosuite WARNING] To setup, run: python /home/at5282/.conda/envs/trace-pi0/lib/python3.11/site-packages/robosuite/scripts/setup_macros.py (macros.py:55)
2026-03-04 18:15:11,731 robosuite_logs WARNING: To setup, run: python /home/at5282/.conda/envs/trace-pi0/lib/python3.11/site-packages/robosuite/scripts/setup_macros.py
Gym has been unmaintained since 2022 and does not support NumPy 2.0 amongst other critical functionality.
Please upgrade to Gymnasium, the maintained drop-in replacement of Gym, or contact the authors of your software and request that they upgrade.
See the migration guide at https://gymnasium.farama.org/introduction/migration_guide/ for additional information.
2026-03-04 18:15:14,597 __main__ INFO: Task 'libero' initialized
2026-03-04 18:15:14,628 root INFO: Waiting for server at ws://localhost:8000...
2026-03-04 18:15:14,634 __main__ INFO: Using named policy: pi0
2026-03-04 18:15:14,636 __main__ INFO: Loaded 1 stressor sweeps
2026-03-04 18:15:14,637 __main__ INFO: Running sweep 1/1: LatencyStressor
2026-03-04 18:15:19,658 trace.runner.sweep_runner INFO: intensity=0.00 seed=0 ep=0 success=True steps=73
2026-03-04 18:15:26,090 trace.runner.sweep_runner INFO: intensity=0.00 seed=0 ep=1 success=True steps=106
2026-03-04 18:15:38,435 trace.runner.sweep_runner INFO: intensity=0.50 seed=0 ep=0 success=False steps=220
2026-03-04 18:15:50,363 trace.runner.sweep_runner INFO: intensity=0.50 seed=0 ep=1 success=False steps=220
2026-03-04 18:16:03,451 trace.runner.sweep_runner INFO: intensity=1.00 seed=0 ep=0 success=False steps=220
2026-03-04 18:16:15,723 trace.runner.sweep_runner INFO: intensity=1.00 seed=0 ep=1 success=False steps=220
2026-03-04 18:16:15,723 __main__ INFO:   baseline=100%, max_degradation=100%, breakpoint=0.50
2026-03-04 18:16:15,726 __main__ INFO: Report written to: output/reports/report_Pi0PolicyAdapter_libero_20260304_181615.md
[info] using task orders [0, 1, 2, 3, 4, 5, 6, 7, 8, 9]
[Warning]: datasets path /scratch/at5282/trace/openpi/third_party/libero/libero/datasets does not exist!
[Warning]: datasets path /scratch/at5282/trace/openpi/third_party/libero/libero/datasets does not exist!
Exception ignored in: <function MjRenderContext.__del__ at 0x1553ee7a4720>
Traceback (most recent call last):
  File "/home/at5282/.conda/envs/trace-pi0/lib/python3.11/site-packages/robosuite/utils/binding_utils.py", line 199, in __del__
    self.gl_ctx.free()
  File "/home/at5282/.conda/envs/trace-pi0/lib/python3.11/site-packages/robosuite/renderers/context/egl_context.py", line 149, in free
    EGL.eglMakeCurrent(EGL_DISPLAY, EGL.EGL_NO_SURFACE, EGL.EGL_NO_SURFACE, EGL.EGL_NO_CONTEXT)
  File "/home/at5282/.conda/envs/trace-pi0/lib/python3.11/site-packages/OpenGL/error.py", line 230, in glCheckError
    raise self._errorClass(
OpenGL.raw.EGL._errors.EGLError: EGLError(
	err = EGL_NOT_INITIALIZED,
	baseOperation = eglMakeCurrent,
	cArguments = (
		<OpenGL._opaque.EGLDisplay_pointer object at 0x1553e170e180>,
		<OpenGL._opaque.EGLSurface_pointer object at 0x15553d767e30>,
		<OpenGL._opaque.EGLSurface_pointer object at 0x15553d767e30>,
		<OpenGL._opaque.EGLContext_pointer object at 0x15553d767d10>,
	),
	result = 0
)
Exception ignored in: <function EGLGLContext.__del__ at 0x1553ee7a45e0>
Traceback (most recent call last):
  File "/home/at5282/.conda/envs/trace-pi0/lib/python3.11/site-packages/robosuite/renderers/context/egl_context.py", line 155, in __del__
    self.free()
  File "/home/at5282/.conda/envs/trace-pi0/lib/python3.11/site-packages/robosuite/renderers/context/egl_context.py", line 149, in free
    EGL.eglMakeCurrent(EGL_DISPLAY, EGL.EGL_NO_SURFACE, EGL.EGL_NO_SURFACE, EGL.EGL_NO_CONTEXT)
  File "/home/at5282/.conda/envs/trace-pi0/lib/python3.11/site-packages/OpenGL/error.py", line 230, in glCheckError
    raise self._errorClass(
OpenGL.raw.EGL._errors.EGLError: EGLError(
	err = EGL_NOT_INITIALIZED,
	baseOperation = eglMakeCurrent,
	cArguments = (
		<OpenGL._opaque.EGLDisplay_pointer object at 0x1553e170e180>,
		<OpenGL._opaque.EGLSurface_pointer object at 0x15553d767e30>,
		<OpenGL._opaque.EGLSurface_pointer object at 0x15553d767e30>,
		<OpenGL._opaque.EGLContext_pointer object at 0x15553d767d10>,
	),
	result = 0
)
LEVEL 3 PASSED

============================================
LEVEL 4: LIBERO full sweep (default_sweep.yaml)
============================================
2026-03-04 18:16:16,975 __main__ INFO: Trace Robotics Evaluation
2026-03-04 18:16:16,975 __main__ INFO: Task config: configs/tasks/libero_spatial.yaml
2026-03-04 18:16:16,975 __main__ INFO: Sweep config: configs/sweeps/default_sweep.yaml
2026-03-04 18:16:16,976 __main__ INFO: Checkpoint: (none)
2026-03-04 18:16:16,976 __main__ INFO: Output: output/reports
[robosuite WARNING] No private macro file found! (macros.py:53)
2026-03-04 18:16:18,671 robosuite_logs WARNING: No private macro file found!
[robosuite WARNING] It is recommended to use a private macro file (macros.py:54)
2026-03-04 18:16:18,671 robosuite_logs WARNING: It is recommended to use a private macro file
[robosuite WARNING] To setup, run: python /home/at5282/.conda/envs/trace-pi0/lib/python3.11/site-packages/robosuite/scripts/setup_macros.py (macros.py:55)
2026-03-04 18:16:18,671 robosuite_logs WARNING: To setup, run: python /home/at5282/.conda/envs/trace-pi0/lib/python3.11/site-packages/robosuite/scripts/setup_macros.py
Gym has been unmaintained since 2022 and does not support NumPy 2.0 amongst other critical functionality.
Please upgrade to Gymnasium, the maintained drop-in replacement of Gym, or contact the authors of your software and request that they upgrade.
See the migration guide at https://gymnasium.farama.org/introduction/migration_guide/ for additional information.
2026-03-04 18:16:21,438 __main__ INFO: Task 'libero' initialized
2026-03-04 18:16:21,457 root INFO: Waiting for server at ws://localhost:8000...
2026-03-04 18:16:21,461 __main__ INFO: Using named policy: pi0
2026-03-04 18:16:21,471 __main__ INFO: Loaded 9 stressor sweeps
2026-03-04 18:16:21,471 __main__ INFO: Running sweep 1/9: LatencyStressor
2026-03-04 18:16:26,472 trace.runner.sweep_runner INFO: intensity=0.00 seed=0 ep=0 success=True steps=75
2026-03-04 18:16:36,190 trace.runner.sweep_runner INFO: intensity=0.00 seed=0 ep=1 success=True steps=173
2026-03-04 18:16:41,296 trace.runner.sweep_runner INFO: intensity=0.00 seed=0 ep=2 success=True steps=80
2026-03-04 18:16:46,208 trace.runner.sweep_runner INFO: intensity=0.00 seed=0 ep=3 success=True steps=75
2026-03-04 18:16:51,080 trace.runner.sweep_runner INFO: intensity=0.00 seed=0 ep=4 success=True steps=74
2026-03-04 18:16:55,870 trace.runner.sweep_runner INFO: intensity=0.00 seed=0 ep=5 success=True steps=72
2026-03-04 18:17:00,781 trace.runner.sweep_runner INFO: intensity=0.00 seed=0 ep=6 success=True steps=72
2026-03-04 18:17:06,286 trace.runner.sweep_runner INFO: intensity=0.00 seed=0 ep=7 success=True steps=85
2026-03-04 18:17:11,436 trace.runner.sweep_runner INFO: intensity=0.00 seed=0 ep=8 success=True steps=78
2026-03-04 18:17:17,684 trace.runner.sweep_runner INFO: intensity=0.00 seed=0 ep=9 success=True steps=102
2026-03-04 18:17:22,986 trace.runner.sweep_runner INFO: intensity=0.00 seed=1 ep=0 success=True steps=82
2026-03-04 18:17:29,201 trace.runner.sweep_runner INFO: intensity=0.00 seed=1 ep=1 success=True steps=102
2026-03-04 18:17:35,607 trace.runner.sweep_runner INFO: intensity=0.00 seed=1 ep=2 success=True steps=106
2026-03-04 18:17:40,664 trace.runner.sweep_runner INFO: intensity=0.00 seed=1 ep=3 success=True steps=77
2026-03-04 18:17:45,762 trace.runner.sweep_runner INFO: intensity=0.00 seed=1 ep=4 success=True steps=77
2026-03-04 18:17:50,882 trace.runner.sweep_runner INFO: intensity=0.00 seed=1 ep=5 success=True steps=78
2026-03-04 18:17:55,763 trace.runner.sweep_runner INFO: intensity=0.00 seed=1 ep=6 success=True steps=75
2026-03-04 18:18:00,977 trace.runner.sweep_runner INFO: intensity=0.00 seed=1 ep=7 success=True steps=80
2026-03-04 18:18:06,160 trace.runner.sweep_runner INFO: intensity=0.00 seed=1 ep=8 success=True steps=80
2026-03-04 18:18:11,165 trace.runner.sweep_runner INFO: intensity=0.00 seed=1 ep=9 success=True steps=77
2026-03-04 18:18:16,194 trace.runner.sweep_runner INFO: intensity=0.00 seed=2 ep=0 success=True steps=78
2026-03-04 18:18:22,641 trace.runner.sweep_runner INFO: intensity=0.00 seed=2 ep=1 success=True steps=108
2026-03-04 18:18:27,487 trace.runner.sweep_runner INFO: intensity=0.00 seed=2 ep=2 success=True steps=79
2026-03-04 18:18:32,393 trace.runner.sweep_runner INFO: intensity=0.00 seed=2 ep=3 success=True steps=75
2026-03-04 18:18:37,202 trace.runner.sweep_runner INFO: intensity=0.00 seed=2 ep=4 success=True steps=72
2026-03-04 18:18:42,262 trace.runner.sweep_runner INFO: intensity=0.00 seed=2 ep=5 success=True steps=77
2026-03-04 18:18:46,985 trace.runner.sweep_runner INFO: intensity=0.00 seed=2 ep=6 success=True steps=70
2026-03-04 18:18:52,467 trace.runner.sweep_runner INFO: intensity=0.00 seed=2 ep=7 success=True steps=83
2026-03-04 18:18:57,790 trace.runner.sweep_runner INFO: intensity=0.00 seed=2 ep=8 success=True steps=81
2026-03-04 18:19:02,789 trace.runner.sweep_runner INFO: intensity=0.00 seed=2 ep=9 success=True steps=76
2026-03-04 18:19:09,367 trace.runner.sweep_runner INFO: intensity=0.00 seed=3 ep=0 success=True steps=110
2026-03-04 18:19:16,136 trace.runner.sweep_runner INFO: intensity=0.00 seed=3 ep=1 success=True steps=112
2026-03-04 18:19:21,532 trace.runner.sweep_runner INFO: intensity=0.00 seed=3 ep=2 success=True steps=88
2026-03-04 18:19:26,552 trace.runner.sweep_runner INFO: intensity=0.00 seed=3 ep=3 success=True steps=76
2026-03-04 18:19:31,438 trace.runner.sweep_runner INFO: intensity=0.00 seed=3 ep=4 success=True steps=74
2026-03-04 18:19:37,696 trace.runner.sweep_runner INFO: intensity=0.00 seed=3 ep=5 success=True steps=104
2026-03-04 18:19:42,625 trace.runner.sweep_runner INFO: intensity=0.00 seed=3 ep=6 success=True steps=72
2026-03-04 18:19:48,045 trace.runner.sweep_runner INFO: intensity=0.00 seed=3 ep=7 success=True steps=82
2026-03-04 18:19:53,477 trace.runner.sweep_runner INFO: intensity=0.00 seed=3 ep=8 success=True steps=84
2026-03-04 18:19:58,382 trace.runner.sweep_runner INFO: intensity=0.00 seed=3 ep=9 success=True steps=73
2026-03-04 18:20:03,503 trace.runner.sweep_runner INFO: intensity=0.00 seed=4 ep=0 success=True steps=77
2026-03-04 18:20:08,460 trace.runner.sweep_runner INFO: intensity=0.00 seed=4 ep=1 success=True steps=76
2026-03-04 18:20:14,933 trace.runner.sweep_runner INFO: intensity=0.00 seed=4 ep=2 success=True steps=109
2026-03-04 18:20:19,853 trace.runner.sweep_runner INFO: intensity=0.00 seed=4 ep=3 success=True steps=75
2026-03-04 18:20:24,906 trace.runner.sweep_runner INFO: intensity=0.00 seed=4 ep=4 success=True steps=76
2026-03-04 18:20:29,768 trace.runner.sweep_runner INFO: intensity=0.00 seed=4 ep=5 success=True steps=75
2026-03-04 18:20:34,407 trace.runner.sweep_runner INFO: intensity=0.00 seed=4 ep=6 success=True steps=67
2026-03-04 18:20:39,344 trace.runner.sweep_runner INFO: intensity=0.00 seed=4 ep=7 success=True steps=74
2026-03-04 18:20:44,623 trace.runner.sweep_runner INFO: intensity=0.00 seed=4 ep=8 success=True steps=82
2026-03-04 18:20:49,600 trace.runner.sweep_runner INFO: intensity=0.00 seed=4 ep=9 success=True steps=74
2026-03-04 18:20:55,293 trace.runner.sweep_runner INFO: intensity=0.10 seed=0 ep=0 success=True steps=87
2026-03-04 18:21:02,101 trace.runner.sweep_runner INFO: intensity=0.10 seed=0 ep=1 success=True steps=114
2026-03-04 18:21:07,485 trace.runner.sweep_runner INFO: intensity=0.10 seed=0 ep=2 success=True steps=86
2026-03-04 18:21:13,218 trace.runner.sweep_runner INFO: intensity=0.10 seed=0 ep=3 success=True steps=87
2026-03-04 18:21:18,605 trace.runner.sweep_runner INFO: intensity=0.10 seed=0 ep=4 success=True steps=81
2026-03-04 18:21:23,893 trace.runner.sweep_runner INFO: intensity=0.10 seed=0 ep=5 success=True steps=82
2026-03-04 18:21:28,819 trace.runner.sweep_runner INFO: intensity=0.10 seed=0 ep=6 success=True steps=72
2026-03-04 18:21:34,483 trace.runner.sweep_runner INFO: intensity=0.10 seed=0 ep=7 success=True steps=87
2026-03-04 18:21:39,941 trace.runner.sweep_runner INFO: intensity=0.10 seed=0 ep=8 success=True steps=84
2026-03-04 18:21:45,296 trace.runner.sweep_runner INFO: intensity=0.10 seed=0 ep=9 success=True steps=85
2026-03-04 18:21:50,746 trace.runner.sweep_runner INFO: intensity=0.10 seed=1 ep=0 success=True steps=84
2026-03-04 18:21:57,873 trace.runner.sweep_runner INFO: intensity=0.10 seed=1 ep=1 success=True steps=120
2026-03-04 18:22:04,930 trace.runner.sweep_runner INFO: intensity=0.10 seed=1 ep=2 success=True steps=120
2026-03-04 18:22:10,693 trace.runner.sweep_runner INFO: intensity=0.10 seed=1 ep=3 success=True steps=88
2026-03-04 18:22:16,006 trace.runner.sweep_runner INFO: intensity=0.10 seed=1 ep=4 success=True steps=81
2026-03-04 18:22:21,595 trace.runner.sweep_runner INFO: intensity=0.10 seed=1 ep=5 success=True steps=87
2026-03-04 18:22:26,772 trace.runner.sweep_runner INFO: intensity=0.10 seed=1 ep=6 success=True steps=78
2026-03-04 18:22:32,754 trace.runner.sweep_runner INFO: intensity=0.10 seed=1 ep=7 success=True steps=92
2026-03-04 18:22:38,653 trace.runner.sweep_runner INFO: intensity=0.10 seed=1 ep=8 success=True steps=92
2026-03-04 18:22:44,062 trace.runner.sweep_runner INFO: intensity=0.10 seed=1 ep=9 success=True steps=85
2026-03-04 18:22:49,557 trace.runner.sweep_runner INFO: intensity=0.10 seed=2 ep=0 success=True steps=84
2026-03-04 18:22:56,587 trace.runner.sweep_runner INFO: intensity=0.10 seed=2 ep=1 success=True steps=118
2026-03-04 18:23:03,248 trace.runner.sweep_runner INFO: intensity=0.10 seed=2 ep=2 success=True steps=111
2026-03-04 18:23:08,571 trace.runner.sweep_runner INFO: intensity=0.10 seed=2 ep=3 success=True steps=81
2026-03-04 18:23:13,697 trace.runner.sweep_runner INFO: intensity=0.10 seed=2 ep=4 success=True steps=78
2026-03-04 18:23:19,340 trace.runner.sweep_runner INFO: intensity=0.10 seed=2 ep=5 success=True steps=86
2026-03-04 18:23:24,539 trace.runner.sweep_runner INFO: intensity=0.10 seed=2 ep=6 success=True steps=80
2026-03-04 18:23:30,203 trace.runner.sweep_runner INFO: intensity=0.10 seed=2 ep=7 success=True steps=86
2026-03-04 18:23:35,842 trace.runner.sweep_runner INFO: intensity=0.10 seed=2 ep=8 success=True steps=88
2026-03-04 18:23:41,079 trace.runner.sweep_runner INFO: intensity=0.10 seed=2 ep=9 success=True steps=79
2026-03-04 18:23:46,592 trace.runner.sweep_runner INFO: intensity=0.10 seed=3 ep=0 success=True steps=86
2026-03-04 18:23:54,208 trace.runner.sweep_runner INFO: intensity=0.10 seed=3 ep=1 success=True steps=127
2026-03-04 18:23:59,932 trace.runner.sweep_runner INFO: intensity=0.10 seed=3 ep=2 success=True steps=92
2026-03-04 18:24:05,350 trace.runner.sweep_runner INFO: intensity=0.10 seed=3 ep=3 success=True steps=84
2026-03-04 18:24:10,512 trace.runner.sweep_runner INFO: intensity=0.10 seed=3 ep=4 success=True steps=80
2026-03-04 18:24:17,536 trace.runner.sweep_runner INFO: intensity=0.10 seed=3 ep=5 success=True steps=117
2026-03-04 18:24:22,786 trace.runner.sweep_runner INFO: intensity=0.10 seed=3 ep=6 success=True steps=79
2026-03-04 18:24:28,995 trace.runner.sweep_runner INFO: intensity=0.10 seed=3 ep=7 success=True steps=96
2026-03-04 18:24:34,885 trace.runner.sweep_runner INFO: intensity=0.10 seed=3 ep=8 success=True steps=91
2026-03-04 18:24:40,620 trace.runner.sweep_runner INFO: intensity=0.10 seed=3 ep=9 success=True steps=90
2026-03-04 18:24:45,936 trace.runner.sweep_runner INFO: intensity=0.10 seed=4 ep=0 success=True steps=83
2026-03-04 18:24:51,239 trace.runner.sweep_runner INFO: intensity=0.10 seed=4 ep=1 success=True steps=83
2026-03-04 18:24:58,288 trace.runner.sweep_runner INFO: intensity=0.10 seed=4 ep=2 success=True steps=117
2026-03-04 18:25:03,842 trace.runner.sweep_runner INFO: intensity=0.10 seed=4 ep=3 success=True steps=87
2026-03-04 18:25:09,359 trace.runner.sweep_runner INFO: intensity=0.10 seed=4 ep=4 success=True steps=85
2026-03-04 18:25:14,987 trace.runner.sweep_runner INFO: intensity=0.10 seed=4 ep=5 success=True steps=88
2026-03-04 18:25:20,142 trace.runner.sweep_runner INFO: intensity=0.10 seed=4 ep=6 success=True steps=76
2026-03-04 18:25:26,144 trace.runner.sweep_runner INFO: intensity=0.10 seed=4 ep=7 success=True steps=92
2026-03-04 18:25:31,827 trace.runner.sweep_runner INFO: intensity=0.10 seed=4 ep=8 success=True steps=88
2026-03-04 18:25:37,137 trace.runner.sweep_runner INFO: intensity=0.10 seed=4 ep=9 success=True steps=81
2026-03-04 18:25:42,655 trace.runner.sweep_runner INFO: intensity=0.20 seed=0 ep=0 success=True steps=84
2026-03-04 18:25:50,907 trace.runner.sweep_runner INFO: intensity=0.20 seed=0 ep=1 success=True steps=140
2026-03-04 18:26:01,119 trace.runner.sweep_runner INFO: intensity=0.20 seed=0 ep=2 success=True steps=172
2026-03-04 18:26:06,850 trace.runner.sweep_runner INFO: intensity=0.20 seed=0 ep=3 success=True steps=90
2026-03-04 18:26:12,800 trace.runner.sweep_runner INFO: intensity=0.20 seed=0 ep=4 success=True steps=94
2026-03-04 18:26:18,562 trace.runner.sweep_runner INFO: intensity=0.20 seed=0 ep=5 success=True steps=88
2026-03-04 18:26:24,015 trace.runner.sweep_runner INFO: intensity=0.20 seed=0 ep=6 success=True steps=82
2026-03-04 18:26:30,306 trace.runner.sweep_runner INFO: intensity=0.20 seed=0 ep=7 success=True steps=97
2026-03-04 18:26:36,331 trace.runner.sweep_runner INFO: intensity=0.20 seed=0 ep=8 success=True steps=94
2026-03-04 18:26:42,237 trace.runner.sweep_runner INFO: intensity=0.20 seed=0 ep=9 success=True steps=94
2026-03-04 18:26:47,932 trace.runner.sweep_runner INFO: intensity=0.20 seed=1 ep=0 success=True steps=89
2026-03-04 18:26:55,791 trace.runner.sweep_runner INFO: intensity=0.20 seed=1 ep=1 success=True steps=134
2026-03-04 18:27:04,331 trace.runner.sweep_runner INFO: intensity=0.20 seed=1 ep=2 success=True steps=147
2026-03-04 18:27:10,158 trace.runner.sweep_runner INFO: intensity=0.20 seed=1 ep=3 success=True steps=89
2026-03-04 18:27:17,669 trace.runner.sweep_runner INFO: intensity=0.20 seed=1 ep=4 success=True steps=125
2026-03-04 18:27:23,528 trace.runner.sweep_runner INFO: intensity=0.20 seed=1 ep=5 success=True steps=92
2026-03-04 18:27:29,206 trace.runner.sweep_runner INFO: intensity=0.20 seed=1 ep=6 success=True steps=87
2026-03-04 18:27:36,308 trace.runner.sweep_runner INFO: intensity=0.20 seed=1 ep=7 success=True steps=112
2026-03-04 18:27:42,401 trace.runner.sweep_runner INFO: intensity=0.20 seed=1 ep=8 success=True steps=96
2026-03-04 18:27:54,969 trace.runner.sweep_runner INFO: intensity=0.20 seed=1 ep=9 success=False steps=220
2026-03-04 18:28:00,740 trace.runner.sweep_runner INFO: intensity=0.20 seed=2 ep=0 success=True steps=89
2026-03-04 18:28:06,712 trace.runner.sweep_runner INFO: intensity=0.20 seed=2 ep=1 success=True steps=96
2026-03-04 18:28:14,351 trace.runner.sweep_runner INFO: intensity=0.20 seed=2 ep=2 success=True steps=130
2026-03-04 18:28:24,005 trace.runner.sweep_runner INFO: intensity=0.20 seed=2 ep=3 success=True steps=166
2026-03-04 18:28:29,552 trace.runner.sweep_runner INFO: intensity=0.20 seed=2 ep=4 success=True steps=84
2026-03-04 18:28:37,972 trace.runner.sweep_runner INFO: intensity=0.20 seed=2 ep=5 success=True steps=137
2026-03-04 18:28:43,396 trace.runner.sweep_runner INFO: intensity=0.20 seed=2 ep=6 success=True steps=82
2026-03-04 18:28:49,314 trace.runner.sweep_runner INFO: intensity=0.20 seed=2 ep=7 success=True steps=92
2026-03-04 18:28:56,067 trace.runner.sweep_runner INFO: intensity=0.20 seed=2 ep=8 success=True steps=108
2026-03-04 18:29:01,789 trace.runner.sweep_runner INFO: intensity=0.20 seed=2 ep=9 success=True steps=87
2026-03-04 18:29:07,644 trace.runner.sweep_runner INFO: intensity=0.20 seed=3 ep=0 success=True steps=93
2026-03-04 18:29:18,161 trace.runner.sweep_runner INFO: intensity=0.20 seed=3 ep=1 success=True steps=187
2026-03-04 18:29:23,996 trace.runner.sweep_runner INFO: intensity=0.20 seed=3 ep=2 success=True steps=95
2026-03-04 18:29:30,185 trace.runner.sweep_runner INFO: intensity=0.20 seed=3 ep=3 success=True steps=98
2026-03-04 18:29:35,901 trace.runner.sweep_runner INFO: intensity=0.20 seed=3 ep=4 success=True steps=87
2026-03-04 18:29:41,530 trace.runner.sweep_runner INFO: intensity=0.20 seed=3 ep=5 success=True steps=89
2026-03-04 18:29:46,941 trace.runner.sweep_runner INFO: intensity=0.20 seed=3 ep=6 success=True steps=82
2026-03-04 18:29:54,094 trace.runner.sweep_runner INFO: intensity=0.20 seed=3 ep=7 success=True steps=112
2026-03-04 18:30:00,486 trace.runner.sweep_runner INFO: intensity=0.20 seed=3 ep=8 success=True steps=99
2026-03-04 18:30:06,508 trace.runner.sweep_runner INFO: intensity=0.20 seed=3 ep=9 success=True steps=94
2026-03-04 18:30:12,277 trace.runner.sweep_runner INFO: intensity=0.20 seed=4 ep=0 success=True steps=88
2026-03-04 18:30:19,986 trace.runner.sweep_runner INFO: intensity=0.20 seed=4 ep=1 success=True steps=126
2026-03-04 18:30:27,280 trace.runner.sweep_runner INFO: intensity=0.20 seed=4 ep=2 success=True steps=124
2026-03-04 18:30:32,939 trace.runner.sweep_runner INFO: intensity=0.20 seed=4 ep=3 success=True steps=86
2026-03-04 18:30:38,391 trace.runner.sweep_runner INFO: intensity=0.20 seed=4 ep=4 success=True steps=82
2026-03-04 18:30:44,363 trace.runner.sweep_runner INFO: intensity=0.20 seed=4 ep=5 success=True steps=94
2026-03-04 18:30:56,886 trace.runner.sweep_runner INFO: intensity=0.20 seed=4 ep=6 success=False steps=220
2026-03-04 18:31:09,269 trace.runner.sweep_runner INFO: intensity=0.20 seed=4 ep=7 success=False steps=220
2026-03-04 18:31:15,567 trace.runner.sweep_runner INFO: intensity=0.20 seed=4 ep=8 success=True steps=98
2026-03-04 18:31:21,254 trace.runner.sweep_runner INFO: intensity=0.20 seed=4 ep=9 success=True steps=86
2026-03-04 18:31:29,901 trace.runner.sweep_runner INFO: intensity=0.30 seed=0 ep=0 success=True steps=142
2026-03-04 18:31:42,522 trace.runner.sweep_runner INFO: intensity=0.30 seed=0 ep=1 success=False steps=220
2026-03-04 18:31:52,610 trace.runner.sweep_runner INFO: intensity=0.30 seed=0 ep=2 success=True steps=173
2026-03-04 18:32:05,071 trace.runner.sweep_runner INFO: intensity=0.30 seed=0 ep=3 success=False steps=220
2026-03-04 18:32:16,238 trace.runner.sweep_runner INFO: intensity=0.30 seed=0 ep=4 success=True steps=194
2026-03-04 18:32:23,646 trace.runner.sweep_runner INFO: intensity=0.30 seed=0 ep=5 success=True steps=119
2026-03-04 18:32:30,222 trace.runner.sweep_runner INFO: intensity=0.30 seed=0 ep=6 success=True steps=103
2026-03-04 18:32:37,861 trace.runner.sweep_runner INFO: intensity=0.30 seed=0 ep=7 success=True steps=120
2026-03-04 18:32:44,060 trace.runner.sweep_runner INFO: intensity=0.30 seed=0 ep=8 success=True steps=96
2026-03-04 18:32:56,556 trace.runner.sweep_runner INFO: intensity=0.30 seed=0 ep=9 success=False steps=220
2026-03-04 18:33:02,717 trace.runner.sweep_runner INFO: intensity=0.30 seed=1 ep=0 success=True steps=97
2026-03-04 18:33:15,305 trace.runner.sweep_runner INFO: intensity=0.30 seed=1 ep=1 success=False steps=220
2026-03-04 18:33:25,430 trace.runner.sweep_runner INFO: intensity=0.30 seed=1 ep=2 success=True steps=177
2026-03-04 18:33:31,908 trace.runner.sweep_runner INFO: intensity=0.30 seed=1 ep=3 success=True steps=101
2026-03-04 18:33:40,864 trace.runner.sweep_runner INFO: intensity=0.30 seed=1 ep=4 success=True steps=150
2026-03-04 18:33:51,767 trace.runner.sweep_runner INFO: intensity=0.30 seed=1 ep=5 success=True steps=184
2026-03-04 18:34:00,099 trace.runner.sweep_runner INFO: intensity=0.30 seed=1 ep=6 success=True steps=132
2026-03-04 18:34:06,488 trace.runner.sweep_runner INFO: intensity=0.30 seed=1 ep=7 success=True steps=100
2026-03-04 18:34:13,532 trace.runner.sweep_runner INFO: intensity=0.30 seed=1 ep=8 success=True steps=112
2026-03-04 18:34:19,950 trace.runner.sweep_runner INFO: intensity=0.30 seed=1 ep=9 success=True steps=103
2026-03-04 18:34:25,971 trace.runner.sweep_runner INFO: intensity=0.30 seed=2 ep=0 success=True steps=94
2026-03-04 18:34:38,409 trace.runner.sweep_runner INFO: intensity=0.30 seed=2 ep=1 success=False steps=220
2026-03-04 18:34:47,799 trace.runner.sweep_runner INFO: intensity=0.30 seed=2 ep=2 success=True steps=167
2026-03-04 18:34:59,882 trace.runner.sweep_runner INFO: intensity=0.30 seed=2 ep=3 success=False steps=220
2026-03-04 18:35:08,639 trace.runner.sweep_runner INFO: intensity=0.30 seed=2 ep=4 success=True steps=149
2026-03-04 18:35:19,086 trace.runner.sweep_runner INFO: intensity=0.30 seed=2 ep=5 success=True steps=178
2026-03-04 18:35:25,263 trace.runner.sweep_runner INFO: intensity=0.30 seed=2 ep=6 success=True steps=96
2026-03-04 18:35:31,548 trace.runner.sweep_runner INFO: intensity=0.30 seed=2 ep=7 success=True steps=99
2026-03-04 18:35:38,771 trace.runner.sweep_runner INFO: intensity=0.30 seed=2 ep=8 success=True steps=113
2026-03-04 18:35:47,794 trace.runner.sweep_runner INFO: intensity=0.30 seed=2 ep=9 success=True steps=147
2026-03-04 18:36:00,341 trace.runner.sweep_runner INFO: intensity=0.30 seed=3 ep=0 success=False steps=220
2026-03-04 18:36:12,549 trace.runner.sweep_runner INFO: intensity=0.30 seed=3 ep=1 success=False steps=220
2026-03-04 18:36:22,007 trace.runner.sweep_runner INFO: intensity=0.30 seed=3 ep=2 success=True steps=166
2026-03-04 18:36:34,502 trace.runner.sweep_runner INFO: intensity=0.30 seed=3 ep=3 success=False steps=220
2026-03-04 18:36:43,536 trace.runner.sweep_runner INFO: intensity=0.30 seed=3 ep=4 success=True steps=149
2026-03-04 18:36:49,557 trace.runner.sweep_runner INFO: intensity=0.30 seed=3 ep=5 success=True steps=95
2026-03-04 18:36:55,642 trace.runner.sweep_runner INFO: intensity=0.30 seed=3 ep=6 success=True steps=93
2026-03-04 18:37:03,419 trace.runner.sweep_runner INFO: intensity=0.30 seed=3 ep=7 success=True steps=124
2026-03-04 18:37:12,091 trace.runner.sweep_runner INFO: intensity=0.30 seed=3 ep=8 success=True steps=144
2026-03-04 18:37:18,807 trace.runner.sweep_runner INFO: intensity=0.30 seed=3 ep=9 success=True steps=106
2026-03-04 18:37:25,302 trace.runner.sweep_runner INFO: intensity=0.30 seed=4 ep=0 success=True steps=104
2026-03-04 18:37:37,788 trace.runner.sweep_runner INFO: intensity=0.30 seed=4 ep=1 success=True steps=217
2026-03-04 18:37:46,547 trace.runner.sweep_runner INFO: intensity=0.30 seed=4 ep=2 success=True steps=149
2026-03-04 18:37:52,798 trace.runner.sweep_runner INFO: intensity=0.30 seed=4 ep=3 success=True steps=99
2026-03-04 18:38:04,999 trace.runner.sweep_runner INFO: intensity=0.30 seed=4 ep=4 success=False steps=220
2026-03-04 18:38:11,201 trace.runner.sweep_runner INFO: intensity=0.30 seed=4 ep=5 success=True steps=97
2026-03-04 18:38:20,839 trace.runner.sweep_runner INFO: intensity=0.30 seed=4 ep=6 success=True steps=162
2026-03-04 18:38:32,319 trace.runner.sweep_runner INFO: intensity=0.30 seed=4 ep=7 success=True steps=199
2026-03-04 18:38:40,113 trace.runner.sweep_runner INFO: intensity=0.30 seed=4 ep=8 success=True steps=125
2026-03-04 18:38:52,799 trace.runner.sweep_runner INFO: intensity=0.30 seed=4 ep=9 success=False steps=220
2026-03-04 18:39:05,138 trace.runner.sweep_runner INFO: intensity=0.50 seed=0 ep=0 success=False steps=220
2026-03-04 18:39:17,226 trace.runner.sweep_runner INFO: intensity=0.50 seed=0 ep=1 success=False steps=220
2026-03-04 18:39:29,235 trace.runner.sweep_runner INFO: intensity=0.50 seed=0 ep=2 success=False steps=220
2026-03-04 18:39:41,574 trace.runner.sweep_runner INFO: intensity=0.50 seed=0 ep=3 success=False steps=220
2026-03-04 18:39:53,955 trace.runner.sweep_runner INFO: intensity=0.50 seed=0 ep=4 success=False steps=220
2026-03-04 18:40:06,359 trace.runner.sweep_runner INFO: intensity=0.50 seed=0 ep=5 success=False steps=220
2026-03-04 18:40:19,178 trace.runner.sweep_runner INFO: intensity=0.50 seed=0 ep=6 success=False steps=220
2026-03-04 18:40:31,915 trace.runner.sweep_runner INFO: intensity=0.50 seed=0 ep=7 success=False steps=220
2026-03-04 18:40:44,065 trace.runner.sweep_runner INFO: intensity=0.50 seed=0 ep=8 success=False steps=220
2026-03-04 18:40:56,408 trace.runner.sweep_runner INFO: intensity=0.50 seed=0 ep=9 success=False steps=220
2026-03-04 18:41:08,730 trace.runner.sweep_runner INFO: intensity=0.50 seed=1 ep=0 success=False steps=220
2026-03-04 18:41:21,336 trace.runner.sweep_runner INFO: intensity=0.50 seed=1 ep=1 success=False steps=220
2026-03-04 18:41:33,090 trace.runner.sweep_runner INFO: intensity=0.50 seed=1 ep=2 success=False steps=220
2026-03-04 18:41:45,491 trace.runner.sweep_runner INFO: intensity=0.50 seed=1 ep=3 success=False steps=220
2026-03-04 18:41:57,890 trace.runner.sweep_runner INFO: intensity=0.50 seed=1 ep=4 success=False steps=220
2026-03-04 18:42:10,553 trace.runner.sweep_runner INFO: intensity=0.50 seed=1 ep=5 success=False steps=220
2026-03-04 18:42:17,996 trace.runner.sweep_runner INFO: intensity=0.50 seed=1 ep=6 success=True steps=122
2026-03-04 18:42:29,415 trace.runner.sweep_runner INFO: intensity=0.50 seed=1 ep=7 success=True steps=199
2026-03-04 18:42:42,145 trace.runner.sweep_runner INFO: intensity=0.50 seed=1 ep=8 success=False steps=220
2026-03-04 18:42:52,454 trace.runner.sweep_runner INFO: intensity=0.50 seed=1 ep=9 success=True steps=176
2026-03-04 18:43:04,931 trace.runner.sweep_runner INFO: intensity=0.50 seed=2 ep=0 success=False steps=220
2026-03-04 18:43:17,381 trace.runner.sweep_runner INFO: intensity=0.50 seed=2 ep=1 success=False steps=220
2026-03-04 18:43:29,337 trace.runner.sweep_runner INFO: intensity=0.50 seed=2 ep=2 success=False steps=220
2026-03-04 18:43:41,395 trace.runner.sweep_runner INFO: intensity=0.50 seed=2 ep=3 success=False steps=220
2026-03-04 18:43:53,931 trace.runner.sweep_runner INFO: intensity=0.50 seed=2 ep=4 success=False steps=220
2026-03-04 18:44:06,707 trace.runner.sweep_runner INFO: intensity=0.50 seed=2 ep=5 success=False steps=220
2026-03-04 18:44:19,153 trace.runner.sweep_runner INFO: intensity=0.50 seed=2 ep=6 success=True steps=217
2026-03-04 18:44:31,270 trace.runner.sweep_runner INFO: intensity=0.50 seed=2 ep=7 success=False steps=220
2026-03-04 18:44:43,607 trace.runner.sweep_runner INFO: intensity=0.50 seed=2 ep=8 success=False steps=220
2026-03-04 18:44:56,019 trace.runner.sweep_runner INFO: intensity=0.50 seed=2 ep=9 success=False steps=220
2026-03-04 18:45:08,417 trace.runner.sweep_runner INFO: intensity=0.50 seed=3 ep=0 success=False steps=220
2026-03-04 18:45:20,550 trace.runner.sweep_runner INFO: intensity=0.50 seed=3 ep=1 success=False steps=220
2026-03-04 18:45:32,955 trace.runner.sweep_runner INFO: intensity=0.50 seed=3 ep=2 success=False steps=220
2026-03-04 18:45:45,198 trace.runner.sweep_runner INFO: intensity=0.50 seed=3 ep=3 success=False steps=220
2026-03-04 18:45:57,614 trace.runner.sweep_runner INFO: intensity=0.50 seed=3 ep=4 success=False steps=220
2026-03-04 18:46:10,037 trace.runner.sweep_runner INFO: intensity=0.50 seed=3 ep=5 success=False steps=220
2026-03-04 18:46:22,273 trace.runner.sweep_runner INFO: intensity=0.50 seed=3 ep=6 success=False steps=220
2026-03-04 18:46:34,705 trace.runner.sweep_runner INFO: intensity=0.50 seed=3 ep=7 success=False steps=220
2026-03-04 18:46:47,415 trace.runner.sweep_runner INFO: intensity=0.50 seed=3 ep=8 success=False steps=220
2026-03-04 18:46:58,844 trace.runner.sweep_runner INFO: intensity=0.50 seed=3 ep=9 success=True steps=202
2026-03-04 18:47:11,671 trace.runner.sweep_runner INFO: intensity=0.50 seed=4 ep=0 success=False steps=220
2026-03-04 18:47:23,781 trace.runner.sweep_runner INFO: intensity=0.50 seed=4 ep=1 success=False steps=220
2026-03-04 18:47:36,117 trace.runner.sweep_runner INFO: intensity=0.50 seed=4 ep=2 success=False steps=220
2026-03-04 18:47:48,263 trace.runner.sweep_runner INFO: intensity=0.50 seed=4 ep=3 success=False steps=220
2026-03-04 18:48:00,691 trace.runner.sweep_runner INFO: intensity=0.50 seed=4 ep=4 success=False steps=220
2026-03-04 18:48:12,922 trace.runner.sweep_runner INFO: intensity=0.50 seed=4 ep=5 success=False steps=220
2026-03-04 18:48:25,235 trace.runner.sweep_runner INFO: intensity=0.50 seed=4 ep=6 success=False steps=220
2026-03-04 18:48:37,650 trace.runner.sweep_runner INFO: intensity=0.50 seed=4 ep=7 success=False steps=220
2026-03-04 18:48:50,151 trace.runner.sweep_runner INFO: intensity=0.50 seed=4 ep=8 success=False steps=220
2026-03-04 18:49:02,436 trace.runner.sweep_runner INFO: intensity=0.50 seed=4 ep=9 success=False steps=220
2026-03-04 18:49:14,681 trace.runner.sweep_runner INFO: intensity=0.70 seed=0 ep=0 success=False steps=220
2026-03-04 18:49:27,165 trace.runner.sweep_runner INFO: intensity=0.70 seed=0 ep=1 success=False steps=220
2026-03-04 18:49:39,010 trace.runner.sweep_runner INFO: intensity=0.70 seed=0 ep=2 success=False steps=220
2026-03-04 18:49:51,670 trace.runner.sweep_runner INFO: intensity=0.70 seed=0 ep=3 success=False steps=220
2026-03-04 18:50:03,935 trace.runner.sweep_runner INFO: intensity=0.70 seed=0 ep=4 success=False steps=220
2026-03-04 18:50:16,281 trace.runner.sweep_runner INFO: intensity=0.70 seed=0 ep=5 success=False steps=220
2026-03-04 18:50:28,953 trace.runner.sweep_runner INFO: intensity=0.70 seed=0 ep=6 success=False steps=220
2026-03-04 18:50:41,242 trace.runner.sweep_runner INFO: intensity=0.70 seed=0 ep=7 success=False steps=220
2026-03-04 18:50:53,508 trace.runner.sweep_runner INFO: intensity=0.70 seed=0 ep=8 success=False steps=220
2026-03-04 18:51:05,898 trace.runner.sweep_runner INFO: intensity=0.70 seed=0 ep=9 success=False steps=220
2026-03-04 18:51:18,329 trace.runner.sweep_runner INFO: intensity=0.70 seed=1 ep=0 success=False steps=220
2026-03-04 18:51:30,661 trace.runner.sweep_runner INFO: intensity=0.70 seed=1 ep=1 success=False steps=220
2026-03-04 18:51:42,299 trace.runner.sweep_runner INFO: intensity=0.70 seed=1 ep=2 success=False steps=220
2026-03-04 18:51:54,926 trace.runner.sweep_runner INFO: intensity=0.70 seed=1 ep=3 success=False steps=220
2026-03-04 18:52:07,202 trace.runner.sweep_runner INFO: intensity=0.70 seed=1 ep=4 success=False steps=220
2026-03-04 18:52:19,635 trace.runner.sweep_runner INFO: intensity=0.70 seed=1 ep=5 success=False steps=220
2026-03-04 18:52:32,133 trace.runner.sweep_runner INFO: intensity=0.70 seed=1 ep=6 success=False steps=220
2026-03-04 18:52:44,309 trace.runner.sweep_runner INFO: intensity=0.70 seed=1 ep=7 success=False steps=220
2026-03-04 18:52:56,954 trace.runner.sweep_runner INFO: intensity=0.70 seed=1 ep=8 success=False steps=220
2026-03-04 18:53:09,370 trace.runner.sweep_runner INFO: intensity=0.70 seed=1 ep=9 success=False steps=220
2026-03-04 18:53:21,929 trace.runner.sweep_runner INFO: intensity=0.70 seed=2 ep=0 success=False steps=220
2026-03-04 18:53:34,228 trace.runner.sweep_runner INFO: intensity=0.70 seed=2 ep=1 success=False steps=220
2026-03-04 18:53:45,897 trace.runner.sweep_runner INFO: intensity=0.70 seed=2 ep=2 success=False steps=220
2026-03-04 18:53:58,483 trace.runner.sweep_runner INFO: intensity=0.70 seed=2 ep=3 success=False steps=220
2026-03-04 18:54:10,633 trace.runner.sweep_runner INFO: intensity=0.70 seed=2 ep=4 success=False steps=220
2026-03-04 18:54:22,926 trace.runner.sweep_runner INFO: intensity=0.70 seed=2 ep=5 success=False steps=220
2026-03-04 18:54:35,197 trace.runner.sweep_runner INFO: intensity=0.70 seed=2 ep=6 success=False steps=220
2026-03-04 18:54:47,419 trace.runner.sweep_runner INFO: intensity=0.70 seed=2 ep=7 success=False steps=220
2026-03-04 18:54:59,822 trace.runner.sweep_runner INFO: intensity=0.70 seed=2 ep=8 success=False steps=220
2026-03-04 18:55:12,336 trace.runner.sweep_runner INFO: intensity=0.70 seed=2 ep=9 success=False steps=220
2026-03-04 18:55:24,636 trace.runner.sweep_runner INFO: intensity=0.70 seed=3 ep=0 success=False steps=220
2026-03-04 18:55:36,985 trace.runner.sweep_runner INFO: intensity=0.70 seed=3 ep=1 success=False steps=220
2026-03-04 18:55:48,696 trace.runner.sweep_runner INFO: intensity=0.70 seed=3 ep=2 success=False steps=220
2026-03-04 18:56:01,243 trace.runner.sweep_runner INFO: intensity=0.70 seed=3 ep=3 success=False steps=220
2026-03-04 18:56:13,467 trace.runner.sweep_runner INFO: intensity=0.70 seed=3 ep=4 success=False steps=220
2026-03-04 18:56:25,604 trace.runner.sweep_runner INFO: intensity=0.70 seed=3 ep=5 success=False steps=220
2026-03-04 18:56:37,884 trace.runner.sweep_runner INFO: intensity=0.70 seed=3 ep=6 success=False steps=220
2026-03-04 18:56:50,579 trace.runner.sweep_runner INFO: intensity=0.70 seed=3 ep=7 success=False steps=220
2026-03-04 18:57:03,008 trace.runner.sweep_runner INFO: intensity=0.70 seed=3 ep=8 success=False steps=220
2026-03-04 18:57:15,333 trace.runner.sweep_runner INFO: intensity=0.70 seed=3 ep=9 success=False steps=220
2026-03-04 18:57:28,080 trace.runner.sweep_runner INFO: intensity=0.70 seed=4 ep=0 success=False steps=220
2026-03-04 18:57:40,592 trace.runner.sweep_runner INFO: intensity=0.70 seed=4 ep=1 success=False steps=220
2026-03-04 18:57:52,560 trace.runner.sweep_runner INFO: intensity=0.70 seed=4 ep=2 success=False steps=220
2026-03-04 18:58:05,029 trace.runner.sweep_runner INFO: intensity=0.70 seed=4 ep=3 success=False steps=220
2026-03-04 18:58:17,418 trace.runner.sweep_runner INFO: intensity=0.70 seed=4 ep=4 success=False steps=220
2026-03-04 18:58:29,749 trace.runner.sweep_runner INFO: intensity=0.70 seed=4 ep=5 success=False steps=220
2026-03-04 18:58:41,998 trace.runner.sweep_runner INFO: intensity=0.70 seed=4 ep=6 success=False steps=220
2026-03-04 18:58:54,395 trace.runner.sweep_runner INFO: intensity=0.70 seed=4 ep=7 success=False steps=220
2026-03-04 18:59:06,780 trace.runner.sweep_runner INFO: intensity=0.70 seed=4 ep=8 success=False steps=220
2026-03-04 18:59:19,383 trace.runner.sweep_runner INFO: intensity=0.70 seed=4 ep=9 success=False steps=220
2026-03-04 18:59:32,084 trace.runner.sweep_runner INFO: intensity=1.00 seed=0 ep=0 success=False steps=220
2026-03-04 18:59:46,272 trace.runner.sweep_runner INFO: intensity=1.00 seed=0 ep=1 success=False steps=220
2026-03-04 18:59:59,386 trace.runner.sweep_runner INFO: intensity=1.00 seed=0 ep=2 success=False steps=220
2026-03-04 19:00:11,557 trace.runner.sweep_runner INFO: intensity=1.00 seed=0 ep=3 success=False steps=220
2026-03-04 19:00:24,439 trace.runner.sweep_runner INFO: intensity=1.00 seed=0 ep=4 success=False steps=220
2026-03-04 19:00:36,920 trace.runner.sweep_runner INFO: intensity=1.00 seed=0 ep=5 success=False steps=220
2026-03-04 19:00:49,985 trace.runner.sweep_runner INFO: intensity=1.00 seed=0 ep=6 success=False steps=220
2026-03-04 19:01:02,703 trace.runner.sweep_runner INFO: intensity=1.00 seed=0 ep=7 success=False steps=220
2026-03-04 19:01:15,277 trace.runner.sweep_runner INFO: intensity=1.00 seed=0 ep=8 success=False steps=220
2026-03-04 19:01:27,848 trace.runner.sweep_runner INFO: intensity=1.00 seed=0 ep=9 success=False steps=220
2026-03-04 19:01:40,745 trace.runner.sweep_runner INFO: intensity=1.00 seed=1 ep=0 success=False steps=220
2026-03-04 19:01:53,701 trace.runner.sweep_runner INFO: intensity=1.00 seed=1 ep=1 success=False steps=220
2026-03-04 19:02:06,226 trace.runner.sweep_runner INFO: intensity=1.00 seed=1 ep=2 success=False steps=220
2026-03-04 19:02:18,654 trace.runner.sweep_runner INFO: intensity=1.00 seed=1 ep=3 success=False steps=220
2026-03-04 19:02:30,816 trace.runner.sweep_runner INFO: intensity=1.00 seed=1 ep=4 success=False steps=220
2026-03-04 19:02:43,232 trace.runner.sweep_runner INFO: intensity=1.00 seed=1 ep=5 success=False steps=220
2026-03-04 19:02:55,935 trace.runner.sweep_runner INFO: intensity=1.00 seed=1 ep=6 success=False steps=220
2026-03-04 19:03:08,451 trace.runner.sweep_runner INFO: intensity=1.00 seed=1 ep=7 success=False steps=220
2026-03-04 19:03:21,107 trace.runner.sweep_runner INFO: intensity=1.00 seed=1 ep=8 success=False steps=220
2026-03-04 19:03:33,786 trace.runner.sweep_runner INFO: intensity=1.00 seed=1 ep=9 success=False steps=220
2026-03-04 19:03:46,685 trace.runner.sweep_runner INFO: intensity=1.00 seed=2 ep=0 success=False steps=220
2026-03-04 19:04:00,307 trace.runner.sweep_runner INFO: intensity=1.00 seed=2 ep=1 success=False steps=220
2026-03-04 19:04:11,976 trace.runner.sweep_runner INFO: intensity=1.00 seed=2 ep=2 success=False steps=220
2026-03-04 19:04:24,731 trace.runner.sweep_runner INFO: intensity=1.00 seed=2 ep=3 success=False steps=220
2026-03-04 19:04:37,094 trace.runner.sweep_runner INFO: intensity=1.00 seed=2 ep=4 success=False steps=220
2026-03-04 19:04:49,520 trace.runner.sweep_runner INFO: intensity=1.00 seed=2 ep=5 success=False steps=220
2026-03-04 19:05:02,502 trace.runner.sweep_runner INFO: intensity=1.00 seed=2 ep=6 success=False steps=220
2026-03-04 19:05:15,389 trace.runner.sweep_runner INFO: intensity=1.00 seed=2 ep=7 success=False steps=220
2026-03-04 19:05:27,931 trace.runner.sweep_runner INFO: intensity=1.00 seed=2 ep=8 success=False steps=220
2026-03-04 19:05:40,502 trace.runner.sweep_runner INFO: intensity=1.00 seed=2 ep=9 success=False steps=220
2026-03-04 19:05:55,194 trace.runner.sweep_runner INFO: intensity=1.00 seed=3 ep=0 success=False steps=220
2026-03-04 19:06:07,643 trace.runner.sweep_runner INFO: intensity=1.00 seed=3 ep=1 success=False steps=220
2026-03-04 19:06:19,763 trace.runner.sweep_runner INFO: intensity=1.00 seed=3 ep=2 success=False steps=220
2026-03-04 19:06:32,530 trace.runner.sweep_runner INFO: intensity=1.00 seed=3 ep=3 success=False steps=220
2026-03-04 19:06:45,696 trace.runner.sweep_runner INFO: intensity=1.00 seed=3 ep=4 success=False steps=220
2026-03-04 19:06:58,267 trace.runner.sweep_runner INFO: intensity=1.00 seed=3 ep=5 success=False steps=220
2026-03-04 19:07:11,435 trace.runner.sweep_runner INFO: intensity=1.00 seed=3 ep=6 success=False steps=220
2026-03-04 19:07:24,144 trace.runner.sweep_runner INFO: intensity=1.00 seed=3 ep=7 success=False steps=220
2026-03-04 19:07:36,400 trace.runner.sweep_runner INFO: intensity=1.00 seed=3 ep=8 success=False steps=220
2026-03-04 19:07:48,512 trace.runner.sweep_runner INFO: intensity=1.00 seed=3 ep=9 success=False steps=220
2026-03-04 19:08:01,561 trace.runner.sweep_runner INFO: intensity=1.00 seed=4 ep=0 success=False steps=220
2026-03-04 19:08:13,739 trace.runner.sweep_runner INFO: intensity=1.00 seed=4 ep=1 success=False steps=220
2026-03-04 19:08:25,731 trace.runner.sweep_runner INFO: intensity=1.00 seed=4 ep=2 success=False steps=220
2026-03-04 19:08:39,109 trace.runner.sweep_runner INFO: intensity=1.00 seed=4 ep=3 success=False steps=220
2026-03-04 19:08:51,431 trace.runner.sweep_runner INFO: intensity=1.00 seed=4 ep=4 success=False steps=220
2026-03-04 19:09:04,397 trace.runner.sweep_runner INFO: intensity=1.00 seed=4 ep=5 success=False steps=220
2026-03-04 19:09:17,139 trace.runner.sweep_runner INFO: intensity=1.00 seed=4 ep=6 success=False steps=220
2026-03-04 19:09:29,629 trace.runner.sweep_runner INFO: intensity=1.00 seed=4 ep=7 success=False steps=220
2026-03-04 19:09:43,365 trace.runner.sweep_runner INFO: intensity=1.00 seed=4 ep=8 success=False steps=220
2026-03-04 19:09:56,912 trace.runner.sweep_runner INFO: intensity=1.00 seed=4 ep=9 success=False steps=220
2026-03-04 19:09:56,919 __main__ INFO:   baseline=100%, max_degradation=100%, breakpoint=0.50
2026-03-04 19:09:56,919 __main__ INFO: Running sweep 2/9: DropoutStressor
2026-03-04 19:10:01,869 trace.runner.sweep_runner INFO: intensity=0.00 seed=0 ep=0 success=True steps=73
2026-03-04 19:10:08,185 trace.runner.sweep_runner INFO: intensity=0.00 seed=0 ep=1 success=True steps=101
2026-03-04 19:10:13,547 trace.runner.sweep_runner INFO: intensity=0.00 seed=0 ep=2 success=True steps=84
2026-03-04 19:10:18,519 trace.runner.sweep_runner INFO: intensity=0.00 seed=0 ep=3 success=True steps=75
2026-03-04 19:10:23,817 trace.runner.sweep_runner INFO: intensity=0.00 seed=0 ep=4 success=True steps=79
2026-03-04 19:10:28,731 trace.runner.sweep_runner INFO: intensity=0.00 seed=0 ep=5 success=True steps=73
2026-03-04 19:10:33,540 trace.runner.sweep_runner INFO: intensity=0.00 seed=0 ep=6 success=True steps=70
2026-03-04 19:10:38,777 trace.runner.sweep_runner INFO: intensity=0.00 seed=0 ep=7 success=True steps=78
2026-03-04 19:10:44,162 trace.runner.sweep_runner INFO: intensity=0.00 seed=0 ep=8 success=True steps=82
2026-03-04 19:10:49,562 trace.runner.sweep_runner INFO: intensity=0.00 seed=0 ep=9 success=True steps=82
2026-03-04 19:10:54,649 trace.runner.sweep_runner INFO: intensity=0.00 seed=1 ep=0 success=True steps=76
2026-03-04 19:11:01,156 trace.runner.sweep_runner INFO: intensity=0.00 seed=1 ep=1 success=True steps=106
2026-03-04 19:11:06,028 trace.runner.sweep_runner INFO: intensity=0.00 seed=1 ep=2 success=True steps=76
2026-03-04 19:11:11,225 trace.runner.sweep_runner INFO: intensity=0.00 seed=1 ep=3 success=True steps=78
2026-03-04 19:11:16,317 trace.runner.sweep_runner INFO: intensity=0.00 seed=1 ep=4 success=True steps=76
2026-03-04 19:11:21,416 trace.runner.sweep_runner INFO: intensity=0.00 seed=1 ep=5 success=True steps=77
2026-03-04 19:11:26,367 trace.runner.sweep_runner INFO: intensity=0.00 seed=1 ep=6 success=True steps=74
2026-03-04 19:11:31,582 trace.runner.sweep_runner INFO: intensity=0.00 seed=1 ep=7 success=True steps=77
2026-03-04 19:11:37,250 trace.runner.sweep_runner INFO: intensity=0.00 seed=1 ep=8 success=True steps=86
2026-03-04 19:11:42,430 trace.runner.sweep_runner INFO: intensity=0.00 seed=1 ep=9 success=True steps=78
2026-03-04 19:11:47,833 trace.runner.sweep_runner INFO: intensity=0.00 seed=2 ep=0 success=True steps=81
2026-03-04 19:11:54,467 trace.runner.sweep_runner INFO: intensity=0.00 seed=2 ep=1 success=True steps=108
2026-03-04 19:11:59,241 trace.runner.sweep_runner INFO: intensity=0.00 seed=2 ep=2 success=True steps=75
2026-03-04 19:12:04,415 trace.runner.sweep_runner INFO: intensity=0.00 seed=2 ep=3 success=True steps=78
2026-03-04 19:12:09,317 trace.runner.sweep_runner INFO: intensity=0.00 seed=2 ep=4 success=True steps=72
2026-03-04 19:12:14,378 trace.runner.sweep_runner INFO: intensity=0.00 seed=2 ep=5 success=True steps=75
2026-03-04 19:12:19,131 trace.runner.sweep_runner INFO: intensity=0.00 seed=2 ep=6 success=True steps=70
2026-03-04 19:12:24,630 trace.runner.sweep_runner INFO: intensity=0.00 seed=2 ep=7 success=True steps=82
2026-03-04 19:12:30,388 trace.runner.sweep_runner INFO: intensity=0.00 seed=2 ep=8 success=True steps=87
2026-03-04 19:12:35,354 trace.runner.sweep_runner INFO: intensity=0.00 seed=2 ep=9 success=True steps=74
2026-03-04 19:12:40,545 trace.runner.sweep_runner INFO: intensity=0.00 seed=3 ep=0 success=True steps=80
2026-03-04 19:12:47,228 trace.runner.sweep_runner INFO: intensity=0.00 seed=3 ep=1 success=True steps=110
2026-03-04 19:12:52,526 trace.runner.sweep_runner INFO: intensity=0.00 seed=3 ep=2 success=True steps=83
2026-03-04 19:12:57,545 trace.runner.sweep_runner INFO: intensity=0.00 seed=3 ep=3 success=True steps=75
2026-03-04 19:13:02,730 trace.runner.sweep_runner INFO: intensity=0.00 seed=3 ep=4 success=True steps=76
2026-03-04 19:13:09,101 trace.runner.sweep_runner INFO: intensity=0.00 seed=3 ep=5 success=True steps=104
2026-03-04 19:13:13,955 trace.runner.sweep_runner INFO: intensity=0.00 seed=3 ep=6 success=True steps=70
2026-03-04 19:13:19,470 trace.runner.sweep_runner INFO: intensity=0.00 seed=3 ep=7 success=True steps=83
2026-03-04 19:13:24,951 trace.runner.sweep_runner INFO: intensity=0.00 seed=3 ep=8 success=True steps=83
2026-03-04 19:13:29,889 trace.runner.sweep_runner INFO: intensity=0.00 seed=3 ep=9 success=True steps=74
2026-03-04 19:13:35,142 trace.runner.sweep_runner INFO: intensity=0.00 seed=4 ep=0 success=True steps=78
2026-03-04 19:13:42,522 trace.runner.sweep_runner INFO: intensity=0.00 seed=4 ep=1 success=True steps=124
2026-03-04 19:13:48,851 trace.runner.sweep_runner INFO: intensity=0.00 seed=4 ep=2 success=True steps=103
2026-03-04 19:13:54,011 trace.runner.sweep_runner INFO: intensity=0.00 seed=4 ep=3 success=True steps=77
2026-03-04 19:13:59,327 trace.runner.sweep_runner INFO: intensity=0.00 seed=4 ep=4 success=True steps=80
2026-03-04 19:14:04,435 trace.runner.sweep_runner INFO: intensity=0.00 seed=4 ep=5 success=True steps=77
2026-03-04 19:14:09,175 trace.runner.sweep_runner INFO: intensity=0.00 seed=4 ep=6 success=True steps=68
2026-03-04 19:14:14,492 trace.runner.sweep_runner INFO: intensity=0.00 seed=4 ep=7 success=True steps=80
2026-03-04 19:14:19,743 trace.runner.sweep_runner INFO: intensity=0.00 seed=4 ep=8 success=True steps=80
2026-03-04 19:14:24,650 trace.runner.sweep_runner INFO: intensity=0.00 seed=4 ep=9 success=True steps=73
2026-03-04 19:14:29,555 trace.runner.sweep_runner INFO: intensity=0.10 seed=0 ep=0 success=True steps=72
2026-03-04 19:14:34,909 trace.runner.sweep_runner INFO: intensity=0.10 seed=0 ep=1 success=True steps=83
2026-03-04 19:14:40,081 trace.runner.sweep_runner INFO: intensity=0.10 seed=0 ep=2 success=True steps=80
2026-03-04 19:14:48,247 trace.runner.sweep_runner INFO: intensity=0.10 seed=0 ep=3 success=True steps=138
2026-03-04 19:14:53,348 trace.runner.sweep_runner INFO: intensity=0.10 seed=0 ep=4 success=True steps=76
2026-03-04 19:14:58,807 trace.runner.sweep_runner INFO: intensity=0.10 seed=0 ep=5 success=True steps=85
2026-03-04 19:15:03,608 trace.runner.sweep_runner INFO: intensity=0.10 seed=0 ep=6 success=True steps=69
2026-03-04 19:15:09,052 trace.runner.sweep_runner INFO: intensity=0.10 seed=0 ep=7 success=True steps=82
2026-03-04 19:15:13,896 trace.runner.sweep_runner INFO: intensity=0.10 seed=0 ep=8 success=True steps=73
2026-03-04 19:15:19,695 trace.runner.sweep_runner INFO: intensity=0.10 seed=0 ep=9 success=True steps=88
2026-03-04 19:15:26,734 trace.runner.sweep_runner INFO: intensity=0.10 seed=1 ep=0 success=True steps=115
2026-03-04 19:15:36,463 trace.runner.sweep_runner INFO: intensity=0.10 seed=1 ep=1 success=True steps=169
2026-03-04 19:15:41,738 trace.runner.sweep_runner INFO: intensity=0.10 seed=1 ep=2 success=True steps=85
2026-03-04 19:15:48,229 trace.runner.sweep_runner INFO: intensity=0.10 seed=1 ep=3 success=True steps=105
2026-03-04 19:15:53,466 trace.runner.sweep_runner INFO: intensity=0.10 seed=1 ep=4 success=True steps=80
2026-03-04 19:15:58,840 trace.runner.sweep_runner INFO: intensity=0.10 seed=1 ep=5 success=True steps=83
2026-03-04 19:16:03,979 trace.runner.sweep_runner INFO: intensity=0.10 seed=1 ep=6 success=True steps=76
2026-03-04 19:16:09,571 trace.runner.sweep_runner INFO: intensity=0.10 seed=1 ep=7 success=True steps=86
2026-03-04 19:16:15,356 trace.runner.sweep_runner INFO: intensity=0.10 seed=1 ep=8 success=True steps=92
2026-03-04 19:16:22,170 trace.runner.sweep_runner INFO: intensity=0.10 seed=1 ep=9 success=True steps=111
2026-03-04 19:16:27,342 trace.runner.sweep_runner INFO: intensity=0.10 seed=2 ep=0 success=True steps=78
2026-03-04 19:16:32,760 trace.runner.sweep_runner INFO: intensity=0.10 seed=2 ep=1 success=True steps=83
2026-03-04 19:16:37,794 trace.runner.sweep_runner INFO: intensity=0.10 seed=2 ep=2 success=True steps=79
2026-03-04 19:16:45,002 trace.runner.sweep_runner INFO: intensity=0.10 seed=2 ep=3 success=True steps=119
2026-03-04 19:16:50,224 trace.runner.sweep_runner INFO: intensity=0.10 seed=2 ep=4 success=True steps=80
2026-03-04 19:16:55,334 trace.runner.sweep_runner INFO: intensity=0.10 seed=2 ep=5 success=True steps=76
2026-03-04 19:17:00,495 trace.runner.sweep_runner INFO: intensity=0.10 seed=2 ep=6 success=True steps=77
2026-03-04 19:17:07,624 trace.runner.sweep_runner INFO: intensity=0.10 seed=2 ep=7 success=True steps=118
2026-03-04 19:17:13,274 trace.runner.sweep_runner INFO: intensity=0.10 seed=2 ep=8 success=True steps=87
2026-03-04 19:17:18,164 trace.runner.sweep_runner INFO: intensity=0.10 seed=2 ep=9 success=True steps=74
2026-03-04 19:17:24,753 trace.runner.sweep_runner INFO: intensity=0.10 seed=3 ep=0 success=True steps=107
2026-03-04 19:17:30,150 trace.runner.sweep_runner INFO: intensity=0.10 seed=3 ep=1 success=True steps=85
2026-03-04 19:17:35,816 trace.runner.sweep_runner INFO: intensity=0.10 seed=3 ep=2 success=True steps=89
2026-03-04 19:17:40,668 trace.runner.sweep_runner INFO: intensity=0.10 seed=3 ep=3 success=True steps=72
2026-03-04 19:17:45,752 trace.runner.sweep_runner INFO: intensity=0.10 seed=3 ep=4 success=True steps=76
2026-03-04 19:17:51,107 trace.runner.sweep_runner INFO: intensity=0.10 seed=3 ep=5 success=True steps=82
2026-03-04 19:17:56,463 trace.runner.sweep_runner INFO: intensity=0.10 seed=3 ep=6 success=True steps=80
2026-03-04 19:18:02,433 trace.runner.sweep_runner INFO: intensity=0.10 seed=3 ep=7 success=True steps=94
2026-03-04 19:18:08,031 trace.runner.sweep_runner INFO: intensity=0.10 seed=3 ep=8 success=True steps=84
2026-03-04 19:18:13,730 trace.runner.sweep_runner INFO: intensity=0.10 seed=3 ep=9 success=True steps=88
2026-03-04 19:18:18,905 trace.runner.sweep_runner INFO: intensity=0.10 seed=4 ep=0 success=True steps=79
2026-03-04 19:18:24,586 trace.runner.sweep_runner INFO: intensity=0.10 seed=4 ep=1 success=True steps=88
2026-03-04 19:18:33,081 trace.runner.sweep_runner INFO: intensity=0.10 seed=4 ep=2 success=True steps=139
2026-03-04 19:18:38,561 trace.runner.sweep_runner INFO: intensity=0.10 seed=4 ep=3 success=True steps=84
2026-03-04 19:18:43,840 trace.runner.sweep_runner INFO: intensity=0.10 seed=4 ep=4 success=True steps=79
2026-03-04 19:18:49,693 trace.runner.sweep_runner INFO: intensity=0.10 seed=4 ep=5 success=True steps=91
2026-03-04 19:18:55,539 trace.runner.sweep_runner INFO: intensity=0.10 seed=4 ep=6 success=True steps=91
2026-03-04 19:19:01,090 trace.runner.sweep_runner INFO: intensity=0.10 seed=4 ep=7 success=True steps=83
2026-03-04 19:19:06,461 trace.runner.sweep_runner INFO: intensity=0.10 seed=4 ep=8 success=True steps=82
2026-03-04 19:19:11,670 trace.runner.sweep_runner INFO: intensity=0.10 seed=4 ep=9 success=True steps=77
2026-03-04 19:19:19,690 trace.runner.sweep_runner INFO: intensity=0.20 seed=0 ep=0 success=True steps=134
2026-03-04 19:19:32,042 trace.runner.sweep_runner INFO: intensity=0.20 seed=0 ep=1 success=False steps=220
2026-03-04 19:19:38,280 trace.runner.sweep_runner INFO: intensity=0.20 seed=0 ep=2 success=True steps=101
2026-03-04 19:19:43,717 trace.runner.sweep_runner INFO: intensity=0.20 seed=0 ep=3 success=True steps=84
2026-03-04 19:19:49,226 trace.runner.sweep_runner INFO: intensity=0.20 seed=0 ep=4 success=True steps=85
2026-03-04 19:19:57,236 trace.runner.sweep_runner INFO: intensity=0.20 seed=0 ep=5 success=True steps=135
2026-03-04 19:20:02,731 trace.runner.sweep_runner INFO: intensity=0.20 seed=0 ep=6 success=True steps=83
2026-03-04 19:20:08,311 trace.runner.sweep_runner INFO: intensity=0.20 seed=0 ep=7 success=True steps=84
2026-03-04 19:20:14,274 trace.runner.sweep_runner INFO: intensity=0.20 seed=0 ep=8 success=True steps=92
2026-03-04 19:20:20,479 trace.runner.sweep_runner INFO: intensity=0.20 seed=0 ep=9 success=True steps=99
2026-03-04 19:20:28,364 trace.runner.sweep_runner INFO: intensity=0.20 seed=1 ep=0 success=True steps=132
2026-03-04 19:20:33,269 trace.runner.sweep_runner INFO: intensity=0.20 seed=1 ep=1 success=True steps=73
2026-03-04 19:20:39,045 trace.runner.sweep_runner INFO: intensity=0.20 seed=1 ep=2 success=True steps=93
2026-03-04 19:20:48,213 trace.runner.sweep_runner INFO: intensity=0.20 seed=1 ep=3 success=True steps=157
2026-03-04 19:20:53,532 trace.runner.sweep_runner INFO: intensity=0.20 seed=1 ep=4 success=True steps=81
2026-03-04 19:20:59,748 trace.runner.sweep_runner INFO: intensity=0.20 seed=1 ep=5 success=True steps=97
2026-03-04 19:21:04,890 trace.runner.sweep_runner INFO: intensity=0.20 seed=1 ep=6 success=True steps=78
2026-03-04 19:21:12,813 trace.runner.sweep_runner INFO: intensity=0.20 seed=1 ep=7 success=True steps=132
2026-03-04 19:21:18,896 trace.runner.sweep_runner INFO: intensity=0.20 seed=1 ep=8 success=True steps=96
2026-03-04 19:21:31,393 trace.runner.sweep_runner INFO: intensity=0.20 seed=1 ep=9 success=True steps=216
2026-03-04 19:21:36,656 trace.runner.sweep_runner INFO: intensity=0.20 seed=2 ep=0 success=True steps=80
2026-03-04 19:21:45,648 trace.runner.sweep_runner INFO: intensity=0.20 seed=2 ep=1 success=True steps=154
2026-03-04 19:21:52,878 trace.runner.sweep_runner INFO: intensity=0.20 seed=2 ep=2 success=True steps=122
2026-03-04 19:21:58,369 trace.runner.sweep_runner INFO: intensity=0.20 seed=2 ep=3 success=True steps=85
2026-03-04 19:22:03,656 trace.runner.sweep_runner INFO: intensity=0.20 seed=2 ep=4 success=True steps=78
2026-03-04 19:22:09,081 trace.runner.sweep_runner INFO: intensity=0.20 seed=2 ep=5 success=True steps=83
2026-03-04 19:22:17,081 trace.runner.sweep_runner INFO: intensity=0.20 seed=2 ep=6 success=True steps=133
2026-03-04 19:22:22,970 trace.runner.sweep_runner INFO: intensity=0.20 seed=2 ep=7 success=True steps=89
2026-03-04 19:22:31,885 trace.runner.sweep_runner INFO: intensity=0.20 seed=2 ep=8 success=True steps=152
2026-03-04 19:22:37,899 trace.runner.sweep_runner INFO: intensity=0.20 seed=2 ep=9 success=True steps=93
2026-03-04 19:22:45,021 trace.runner.sweep_runner INFO: intensity=0.20 seed=3 ep=0 success=True steps=116
2026-03-04 19:22:51,937 trace.runner.sweep_runner INFO: intensity=0.20 seed=3 ep=1 success=True steps=112
2026-03-04 19:22:57,816 trace.runner.sweep_runner INFO: intensity=0.20 seed=3 ep=2 success=True steps=92
2026-03-04 19:23:05,986 trace.runner.sweep_runner INFO: intensity=0.20 seed=3 ep=3 success=True steps=136
2026-03-04 19:23:17,572 trace.runner.sweep_runner INFO: intensity=0.20 seed=3 ep=4 success=True steps=201
2026-03-04 19:23:25,805 trace.runner.sweep_runner INFO: intensity=0.20 seed=3 ep=5 success=True steps=139
2026-03-04 19:23:31,340 trace.runner.sweep_runner INFO: intensity=0.20 seed=3 ep=6 success=True steps=85
2026-03-04 19:23:36,960 trace.runner.sweep_runner INFO: intensity=0.20 seed=3 ep=7 success=True steps=86
2026-03-04 19:23:42,421 trace.runner.sweep_runner INFO: intensity=0.20 seed=3 ep=8 success=True steps=85
2026-03-04 19:23:47,617 trace.runner.sweep_runner INFO: intensity=0.20 seed=3 ep=9 success=True steps=78
2026-03-04 19:23:54,236 trace.runner.sweep_runner INFO: intensity=0.20 seed=4 ep=0 success=True steps=106
2026-03-04 19:23:59,919 trace.runner.sweep_runner INFO: intensity=0.20 seed=4 ep=1 success=True steps=87
2026-03-04 19:24:05,194 trace.runner.sweep_runner INFO: intensity=0.20 seed=4 ep=2 success=True steps=84
2026-03-04 19:24:10,899 trace.runner.sweep_runner INFO: intensity=0.20 seed=4 ep=3 success=True steps=88
2026-03-04 19:24:16,589 trace.runner.sweep_runner INFO: intensity=0.20 seed=4 ep=4 success=True steps=87
2026-03-04 19:24:23,498 trace.runner.sweep_runner INFO: intensity=0.20 seed=4 ep=5 success=True steps=113
2026-03-04 19:24:28,468 trace.runner.sweep_runner INFO: intensity=0.20 seed=4 ep=6 success=True steps=72
2026-03-04 19:24:34,799 trace.runner.sweep_runner INFO: intensity=0.20 seed=4 ep=7 success=True steps=98
2026-03-04 19:24:41,191 trace.runner.sweep_runner INFO: intensity=0.20 seed=4 ep=8 success=True steps=101
2026-03-04 19:24:46,367 trace.runner.sweep_runner INFO: intensity=0.20 seed=4 ep=9 success=True steps=78
2026-03-04 19:24:54,084 trace.runner.sweep_runner INFO: intensity=0.30 seed=0 ep=0 success=True steps=129
2026-03-04 19:25:00,448 trace.runner.sweep_runner INFO: intensity=0.30 seed=0 ep=1 success=True steps=101
2026-03-04 19:25:12,745 trace.runner.sweep_runner INFO: intensity=0.30 seed=0 ep=2 success=False steps=220
2026-03-04 19:25:23,736 trace.runner.sweep_runner INFO: intensity=0.30 seed=0 ep=3 success=True steps=191
2026-03-04 19:25:33,492 trace.runner.sweep_runner INFO: intensity=0.30 seed=0 ep=4 success=True steps=168
2026-03-04 19:25:39,714 trace.runner.sweep_runner INFO: intensity=0.30 seed=0 ep=5 success=True steps=97
2026-03-04 19:25:48,752 trace.runner.sweep_runner INFO: intensity=0.30 seed=0 ep=6 success=True steps=152
2026-03-04 19:25:54,605 trace.runner.sweep_runner INFO: intensity=0.30 seed=0 ep=7 success=True steps=91
2026-03-04 19:26:00,697 trace.runner.sweep_runner INFO: intensity=0.30 seed=0 ep=8 success=True steps=96
2026-03-04 19:26:09,013 trace.runner.sweep_runner INFO: intensity=0.30 seed=0 ep=9 success=True steps=137
2026-03-04 19:26:15,993 trace.runner.sweep_runner INFO: intensity=0.30 seed=1 ep=0 success=True steps=114
2026-03-04 19:26:23,240 trace.runner.sweep_runner INFO: intensity=0.30 seed=1 ep=1 success=True steps=118
2026-03-04 19:26:31,736 trace.runner.sweep_runner INFO: intensity=0.30 seed=1 ep=2 success=True steps=148
2026-03-04 19:26:44,216 trace.runner.sweep_runner INFO: intensity=0.30 seed=1 ep=3 success=False steps=220
2026-03-04 19:26:50,090 trace.runner.sweep_runner INFO: intensity=0.30 seed=1 ep=4 success=True steps=91
2026-03-04 19:26:58,972 trace.runner.sweep_runner INFO: intensity=0.30 seed=1 ep=5 success=True steps=152
2026-03-04 19:27:05,400 trace.runner.sweep_runner INFO: intensity=0.30 seed=1 ep=6 success=True steps=103
2026-03-04 19:27:11,282 trace.runner.sweep_runner INFO: intensity=0.30 seed=1 ep=7 success=True steps=89
2026-03-04 19:27:17,780 trace.runner.sweep_runner INFO: intensity=0.30 seed=1 ep=8 success=True steps=101
2026-03-04 19:27:23,778 trace.runner.sweep_runner INFO: intensity=0.30 seed=1 ep=9 success=True steps=94
2026-03-04 19:27:29,465 trace.runner.sweep_runner INFO: intensity=0.30 seed=2 ep=0 success=True steps=89
2026-03-04 19:27:37,573 trace.runner.sweep_runner INFO: intensity=0.30 seed=2 ep=1 success=True steps=136
2026-03-04 19:27:44,453 trace.runner.sweep_runner INFO: intensity=0.30 seed=2 ep=2 success=True steps=114
2026-03-04 19:27:51,943 trace.runner.sweep_runner INFO: intensity=0.30 seed=2 ep=3 success=True steps=122
2026-03-04 19:27:59,675 trace.runner.sweep_runner INFO: intensity=0.30 seed=2 ep=4 success=True steps=128
2026-03-04 19:28:05,285 trace.runner.sweep_runner INFO: intensity=0.30 seed=2 ep=5 success=True steps=86
2026-03-04 19:28:11,648 trace.runner.sweep_runner INFO: intensity=0.30 seed=2 ep=6 success=True steps=96
2026-03-04 19:28:21,072 trace.runner.sweep_runner INFO: intensity=0.30 seed=2 ep=7 success=True steps=163
2026-03-04 19:28:27,637 trace.runner.sweep_runner INFO: intensity=0.30 seed=2 ep=8 success=True steps=104
2026-03-04 19:28:38,701 trace.runner.sweep_runner INFO: intensity=0.30 seed=2 ep=9 success=True steps=195
2026-03-04 19:28:44,747 trace.runner.sweep_runner INFO: intensity=0.30 seed=3 ep=0 success=True steps=95
2026-03-04 19:28:57,260 trace.runner.sweep_runner INFO: intensity=0.30 seed=3 ep=1 success=False steps=220
2026-03-04 19:29:03,519 trace.runner.sweep_runner INFO: intensity=0.30 seed=3 ep=2 success=True steps=104
2026-03-04 19:29:11,089 trace.runner.sweep_runner INFO: intensity=0.30 seed=3 ep=3 success=True steps=124
2026-03-04 19:29:16,479 trace.runner.sweep_runner INFO: intensity=0.30 seed=3 ep=4 success=True steps=81
2026-03-04 19:29:23,346 trace.runner.sweep_runner INFO: intensity=0.30 seed=3 ep=5 success=True steps=111
2026-03-04 19:29:29,772 trace.runner.sweep_runner INFO: intensity=0.30 seed=3 ep=6 success=True steps=102
2026-03-04 19:29:37,298 trace.runner.sweep_runner INFO: intensity=0.30 seed=3 ep=7 success=True steps=119
2026-03-04 19:29:43,219 trace.runner.sweep_runner INFO: intensity=0.30 seed=3 ep=8 success=True steps=93
2026-03-04 19:29:50,673 trace.runner.sweep_runner INFO: intensity=0.30 seed=3 ep=9 success=True steps=122
2026-03-04 19:29:56,933 trace.runner.sweep_runner INFO: intensity=0.30 seed=4 ep=0 success=True steps=97
2026-03-04 19:30:03,421 trace.runner.sweep_runner INFO: intensity=0.30 seed=4 ep=1 success=True steps=102
2026-03-04 19:30:09,863 trace.runner.sweep_runner INFO: intensity=0.30 seed=4 ep=2 success=True steps=104
2026-03-04 19:30:22,245 trace.runner.sweep_runner INFO: intensity=0.30 seed=4 ep=3 success=False steps=220
2026-03-04 19:30:29,228 trace.runner.sweep_runner INFO: intensity=0.30 seed=4 ep=4 success=True steps=113
2026-03-04 19:30:36,699 trace.runner.sweep_runner INFO: intensity=0.30 seed=4 ep=5 success=True steps=123
2026-03-04 19:30:45,180 trace.runner.sweep_runner INFO: intensity=0.30 seed=4 ep=6 success=True steps=136
2026-03-04 19:30:51,914 trace.runner.sweep_runner INFO: intensity=0.30 seed=4 ep=7 success=True steps=105
2026-03-04 19:30:57,773 trace.runner.sweep_runner INFO: intensity=0.30 seed=4 ep=8 success=True steps=90
2026-03-04 19:31:05,216 trace.runner.sweep_runner INFO: intensity=0.30 seed=4 ep=9 success=True steps=118
2026-03-04 19:31:14,177 trace.runner.sweep_runner INFO: intensity=0.50 seed=0 ep=0 success=True steps=151
2026-03-04 19:31:26,573 trace.runner.sweep_runner INFO: intensity=0.50 seed=0 ep=1 success=False steps=220
2026-03-04 19:31:38,805 trace.runner.sweep_runner INFO: intensity=0.50 seed=0 ep=2 success=False steps=220
2026-03-04 19:31:51,223 trace.runner.sweep_runner INFO: intensity=0.50 seed=0 ep=3 success=False steps=220
2026-03-04 19:32:03,735 trace.runner.sweep_runner INFO: intensity=0.50 seed=0 ep=4 success=False steps=220
2026-03-04 19:32:15,972 trace.runner.sweep_runner INFO: intensity=0.50 seed=0 ep=5 success=False steps=220
2026-03-04 19:32:23,297 trace.runner.sweep_runner INFO: intensity=0.50 seed=0 ep=6 success=True steps=120
2026-03-04 19:32:36,089 trace.runner.sweep_runner INFO: intensity=0.50 seed=0 ep=7 success=False steps=220
2026-03-04 19:32:41,699 trace.runner.sweep_runner INFO: intensity=0.50 seed=0 ep=8 success=True steps=88
2026-03-04 19:32:54,171 trace.runner.sweep_runner INFO: intensity=0.50 seed=0 ep=9 success=False steps=220
2026-03-04 19:33:01,733 trace.runner.sweep_runner INFO: intensity=0.50 seed=1 ep=0 success=True steps=122
2026-03-04 19:33:14,122 trace.runner.sweep_runner INFO: intensity=0.50 seed=1 ep=1 success=False steps=220
2026-03-04 19:33:26,406 trace.runner.sweep_runner INFO: intensity=0.50 seed=1 ep=2 success=False steps=220
2026-03-04 19:33:38,844 trace.runner.sweep_runner INFO: intensity=0.50 seed=1 ep=3 success=False steps=220
2026-03-04 19:33:51,176 trace.runner.sweep_runner INFO: intensity=0.50 seed=1 ep=4 success=False steps=220
2026-03-04 19:34:02,422 trace.runner.sweep_runner INFO: intensity=0.50 seed=1 ep=5 success=True steps=198
2026-03-04 19:34:14,792 trace.runner.sweep_runner INFO: intensity=0.50 seed=1 ep=6 success=False steps=220
2026-03-04 19:34:24,236 trace.runner.sweep_runner INFO: intensity=0.50 seed=1 ep=7 success=True steps=160
2026-03-04 19:34:35,352 trace.runner.sweep_runner INFO: intensity=0.50 seed=1 ep=8 success=True steps=184
2026-03-04 19:34:42,168 trace.runner.sweep_runner INFO: intensity=0.50 seed=1 ep=9 success=True steps=110
2026-03-04 19:34:49,433 trace.runner.sweep_runner INFO: intensity=0.50 seed=2 ep=0 success=True steps=117
2026-03-04 19:35:01,875 trace.runner.sweep_runner INFO: intensity=0.50 seed=2 ep=1 success=False steps=220
2026-03-04 19:35:12,610 trace.runner.sweep_runner INFO: intensity=0.50 seed=2 ep=2 success=True steps=194
2026-03-04 19:35:25,212 trace.runner.sweep_runner INFO: intensity=0.50 seed=2 ep=3 success=False steps=220
2026-03-04 19:35:37,661 trace.runner.sweep_runner INFO: intensity=0.50 seed=2 ep=4 success=False steps=220
2026-03-04 19:35:50,208 trace.runner.sweep_runner INFO: intensity=0.50 seed=2 ep=5 success=True steps=210
2026-03-04 19:36:00,483 trace.runner.sweep_runner INFO: intensity=0.50 seed=2 ep=6 success=True steps=177
2026-03-04 19:36:13,187 trace.runner.sweep_runner INFO: intensity=0.50 seed=2 ep=7 success=False steps=220
2026-03-04 19:36:25,443 trace.runner.sweep_runner INFO: intensity=0.50 seed=2 ep=8 success=False steps=220
2026-03-04 19:36:37,973 trace.runner.sweep_runner INFO: intensity=0.50 seed=2 ep=9 success=False steps=220
2026-03-04 19:36:46,681 trace.runner.sweep_runner INFO: intensity=0.50 seed=3 ep=0 success=True steps=146
2026-03-04 19:36:58,880 trace.runner.sweep_runner INFO: intensity=0.50 seed=3 ep=1 success=False steps=220
2026-03-04 19:37:11,025 trace.runner.sweep_runner INFO: intensity=0.50 seed=3 ep=2 success=False steps=220
2026-03-04 19:37:17,219 trace.runner.sweep_runner INFO: intensity=0.50 seed=3 ep=3 success=True steps=96
2026-03-04 19:37:29,593 trace.runner.sweep_runner INFO: intensity=0.50 seed=3 ep=4 success=False steps=220
2026-03-04 19:37:41,915 trace.runner.sweep_runner INFO: intensity=0.50 seed=3 ep=5 success=False steps=220
2026-03-04 19:37:54,304 trace.runner.sweep_runner INFO: intensity=0.50 seed=3 ep=6 success=False steps=220
2026-03-04 19:38:06,854 trace.runner.sweep_runner INFO: intensity=0.50 seed=3 ep=7 success=False steps=220
2026-03-04 19:38:19,121 trace.runner.sweep_runner INFO: intensity=0.50 seed=3 ep=8 success=False steps=220
2026-03-04 19:38:31,810 trace.runner.sweep_runner INFO: intensity=0.50 seed=3 ep=9 success=False steps=220
2026-03-04 19:38:38,234 trace.runner.sweep_runner INFO: intensity=0.50 seed=4 ep=0 success=True steps=102
2026-03-04 19:38:50,607 trace.runner.sweep_runner INFO: intensity=0.50 seed=4 ep=1 success=False steps=220
2026-03-04 19:39:02,718 trace.runner.sweep_runner INFO: intensity=0.50 seed=4 ep=2 success=False steps=220
2026-03-04 19:39:15,155 trace.runner.sweep_runner INFO: intensity=0.50 seed=4 ep=3 success=False steps=220
2026-03-04 19:39:27,550 trace.runner.sweep_runner INFO: intensity=0.50 seed=4 ep=4 success=False steps=220
2026-03-04 19:39:39,816 trace.runner.sweep_runner INFO: intensity=0.50 seed=4 ep=5 success=False steps=220
2026-03-04 19:39:52,458 trace.runner.sweep_runner INFO: intensity=0.50 seed=4 ep=6 success=False steps=220
2026-03-04 19:40:05,131 trace.runner.sweep_runner INFO: intensity=0.50 seed=4 ep=7 success=False steps=220
2026-03-04 19:40:12,971 trace.runner.sweep_runner INFO: intensity=0.50 seed=4 ep=8 success=True steps=126
2026-03-04 19:40:19,664 trace.runner.sweep_runner INFO: intensity=0.50 seed=4 ep=9 success=True steps=108
2026-03-04 19:40:32,078 trace.runner.sweep_runner INFO: intensity=0.70 seed=0 ep=0 success=False steps=220
2026-03-04 19:40:44,372 trace.runner.sweep_runner INFO: intensity=0.70 seed=0 ep=1 success=False steps=220
2026-03-04 19:40:56,421 trace.runner.sweep_runner INFO: intensity=0.70 seed=0 ep=2 success=False steps=220
2026-03-04 19:41:08,885 trace.runner.sweep_runner INFO: intensity=0.70 seed=0 ep=3 success=False steps=220
2026-03-04 19:41:21,143 trace.runner.sweep_runner INFO: intensity=0.70 seed=0 ep=4 success=False steps=220
2026-03-04 19:41:33,419 trace.runner.sweep_runner INFO: intensity=0.70 seed=0 ep=5 success=False steps=220
2026-03-04 19:41:45,734 trace.runner.sweep_runner INFO: intensity=0.70 seed=0 ep=6 success=False steps=220
2026-03-04 19:41:58,496 trace.runner.sweep_runner INFO: intensity=0.70 seed=0 ep=7 success=False steps=220
2026-03-04 19:42:10,722 trace.runner.sweep_runner INFO: intensity=0.70 seed=0 ep=8 success=False steps=220
2026-03-04 19:42:20,837 trace.runner.sweep_runner INFO: intensity=0.70 seed=0 ep=9 success=True steps=172
2026-03-04 19:42:33,163 trace.runner.sweep_runner INFO: intensity=0.70 seed=1 ep=0 success=False steps=220
2026-03-04 19:42:45,299 trace.runner.sweep_runner INFO: intensity=0.70 seed=1 ep=1 success=False steps=220
2026-03-04 19:42:57,391 trace.runner.sweep_runner INFO: intensity=0.70 seed=1 ep=2 success=False steps=220
2026-03-04 19:43:09,940 trace.runner.sweep_runner INFO: intensity=0.70 seed=1 ep=3 success=False steps=220
2026-03-04 19:43:22,247 trace.runner.sweep_runner INFO: intensity=0.70 seed=1 ep=4 success=False steps=220
2026-03-04 19:43:34,542 trace.runner.sweep_runner INFO: intensity=0.70 seed=1 ep=5 success=False steps=220
2026-03-04 19:43:47,018 trace.runner.sweep_runner INFO: intensity=0.70 seed=1 ep=6 success=False steps=220
2026-03-04 19:43:59,515 trace.runner.sweep_runner INFO: intensity=0.70 seed=1 ep=7 success=False steps=220
2026-03-04 19:44:12,173 trace.runner.sweep_runner INFO: intensity=0.70 seed=1 ep=8 success=False steps=220
2026-03-04 19:44:24,498 trace.runner.sweep_runner INFO: intensity=0.70 seed=1 ep=9 success=False steps=220
2026-03-04 19:44:37,073 trace.runner.sweep_runner INFO: intensity=0.70 seed=2 ep=0 success=False steps=220
2026-03-04 19:44:49,511 trace.runner.sweep_runner INFO: intensity=0.70 seed=2 ep=1 success=False steps=220
2026-03-04 19:45:02,003 trace.runner.sweep_runner INFO: intensity=0.70 seed=2 ep=2 success=False steps=220
2026-03-04 19:45:14,403 trace.runner.sweep_runner INFO: intensity=0.70 seed=2 ep=3 success=False steps=220
2026-03-04 19:45:26,832 trace.runner.sweep_runner INFO: intensity=0.70 seed=2 ep=4 success=False steps=220
2026-03-04 19:45:39,044 trace.runner.sweep_runner INFO: intensity=0.70 seed=2 ep=5 success=False steps=220
2026-03-04 19:45:51,578 trace.runner.sweep_runner INFO: intensity=0.70 seed=2 ep=6 success=False steps=220
2026-03-04 19:46:04,088 trace.runner.sweep_runner INFO: intensity=0.70 seed=2 ep=7 success=False steps=220
2026-03-04 19:46:16,710 trace.runner.sweep_runner INFO: intensity=0.70 seed=2 ep=8 success=False steps=220
2026-03-04 19:46:29,274 trace.runner.sweep_runner INFO: intensity=0.70 seed=2 ep=9 success=False steps=220
2026-03-04 19:46:41,653 trace.runner.sweep_runner INFO: intensity=0.70 seed=3 ep=0 success=False steps=220
2026-03-04 19:46:54,106 trace.runner.sweep_runner INFO: intensity=0.70 seed=3 ep=1 success=False steps=220
2026-03-04 19:47:06,323 trace.runner.sweep_runner INFO: intensity=0.70 seed=3 ep=2 success=False steps=220
2026-03-04 19:47:17,881 trace.runner.sweep_runner INFO: intensity=0.70 seed=3 ep=3 success=True steps=196
2026-03-04 19:47:30,327 trace.runner.sweep_runner INFO: intensity=0.70 seed=3 ep=4 success=False steps=220
2026-03-04 19:47:43,077 trace.runner.sweep_runner INFO: intensity=0.70 seed=3 ep=5 success=False steps=220
2026-03-04 19:47:55,434 trace.runner.sweep_runner INFO: intensity=0.70 seed=3 ep=6 success=False steps=220
2026-03-04 19:48:07,768 trace.runner.sweep_runner INFO: intensity=0.70 seed=3 ep=7 success=False steps=220
2026-03-04 19:48:20,157 trace.runner.sweep_runner INFO: intensity=0.70 seed=3 ep=8 success=False steps=220
2026-03-04 19:48:32,662 trace.runner.sweep_runner INFO: intensity=0.70 seed=3 ep=9 success=False steps=220
2026-03-04 19:48:45,095 trace.runner.sweep_runner INFO: intensity=0.70 seed=4 ep=0 success=False steps=220
2026-03-04 19:48:55,303 trace.runner.sweep_runner INFO: intensity=0.70 seed=4 ep=1 success=True steps=171
2026-03-04 19:49:05,150 trace.runner.sweep_runner INFO: intensity=0.70 seed=4 ep=2 success=True steps=165
2026-03-04 19:49:17,509 trace.runner.sweep_runner INFO: intensity=0.70 seed=4 ep=3 success=False steps=220
2026-03-04 19:49:29,875 trace.runner.sweep_runner INFO: intensity=0.70 seed=4 ep=4 success=False steps=220
2026-03-04 19:49:42,201 trace.runner.sweep_runner INFO: intensity=0.70 seed=4 ep=5 success=False steps=220
2026-03-04 19:49:54,856 trace.runner.sweep_runner INFO: intensity=0.70 seed=4 ep=6 success=False steps=220
2026-03-04 19:50:07,326 trace.runner.sweep_runner INFO: intensity=0.70 seed=4 ep=7 success=False steps=220
2026-03-04 19:50:19,483 trace.runner.sweep_runner INFO: intensity=0.70 seed=4 ep=8 success=False steps=220
2026-03-04 19:50:31,960 trace.runner.sweep_runner INFO: intensity=0.70 seed=4 ep=9 success=False steps=220
2026-03-04 19:50:44,302 trace.runner.sweep_runner INFO: intensity=1.00 seed=0 ep=0 success=False steps=220
2026-03-04 19:50:56,462 trace.runner.sweep_runner INFO: intensity=1.00 seed=0 ep=1 success=False steps=220
2026-03-04 19:51:08,196 trace.runner.sweep_runner INFO: intensity=1.00 seed=0 ep=2 success=False steps=220
2026-03-04 19:51:20,675 trace.runner.sweep_runner INFO: intensity=1.00 seed=0 ep=3 success=False steps=220
2026-03-04 19:51:32,993 trace.runner.sweep_runner INFO: intensity=1.00 seed=0 ep=4 success=False steps=220
2026-03-04 19:51:45,207 trace.runner.sweep_runner INFO: intensity=1.00 seed=0 ep=5 success=False steps=220
2026-03-04 19:51:57,563 trace.runner.sweep_runner INFO: intensity=1.00 seed=0 ep=6 success=False steps=220
2026-03-04 19:52:09,982 trace.runner.sweep_runner INFO: intensity=1.00 seed=0 ep=7 success=False steps=220
2026-03-04 19:52:22,217 trace.runner.sweep_runner INFO: intensity=1.00 seed=0 ep=8 success=False steps=220
2026-03-04 19:52:34,687 trace.runner.sweep_runner INFO: intensity=1.00 seed=0 ep=9 success=False steps=220
2026-03-04 19:52:47,183 trace.runner.sweep_runner INFO: intensity=1.00 seed=1 ep=0 success=False steps=220
2026-03-04 19:52:59,623 trace.runner.sweep_runner INFO: intensity=1.00 seed=1 ep=1 success=False steps=220
2026-03-04 19:53:11,332 trace.runner.sweep_runner INFO: intensity=1.00 seed=1 ep=2 success=False steps=220
2026-03-04 19:53:23,789 trace.runner.sweep_runner INFO: intensity=1.00 seed=1 ep=3 success=False steps=220
2026-03-04 19:53:36,277 trace.runner.sweep_runner INFO: intensity=1.00 seed=1 ep=4 success=False steps=220
2026-03-04 19:53:48,630 trace.runner.sweep_runner INFO: intensity=1.00 seed=1 ep=5 success=False steps=220
2026-03-04 19:54:01,053 trace.runner.sweep_runner INFO: intensity=1.00 seed=1 ep=6 success=False steps=220
2026-03-04 19:54:13,477 trace.runner.sweep_runner INFO: intensity=1.00 seed=1 ep=7 success=False steps=220
2026-03-04 19:54:25,851 trace.runner.sweep_runner INFO: intensity=1.00 seed=1 ep=8 success=False steps=220
2026-03-04 19:54:38,244 trace.runner.sweep_runner INFO: intensity=1.00 seed=1 ep=9 success=False steps=220
2026-03-04 19:54:50,721 trace.runner.sweep_runner INFO: intensity=1.00 seed=2 ep=0 success=False steps=220
2026-03-04 19:55:02,964 trace.runner.sweep_runner INFO: intensity=1.00 seed=2 ep=1 success=False steps=220
2026-03-04 19:55:14,588 trace.runner.sweep_runner INFO: intensity=1.00 seed=2 ep=2 success=False steps=220
2026-03-04 19:55:27,041 trace.runner.sweep_runner INFO: intensity=1.00 seed=2 ep=3 success=False steps=220
2026-03-04 19:55:39,497 trace.runner.sweep_runner INFO: intensity=1.00 seed=2 ep=4 success=False steps=220
2026-03-04 19:55:51,763 trace.runner.sweep_runner INFO: intensity=1.00 seed=2 ep=5 success=False steps=220
2026-03-04 19:56:04,179 trace.runner.sweep_runner INFO: intensity=1.00 seed=2 ep=6 success=False steps=220
2026-03-04 19:56:16,468 trace.runner.sweep_runner INFO: intensity=1.00 seed=2 ep=7 success=False steps=220
2026-03-04 19:56:28,685 trace.runner.sweep_runner INFO: intensity=1.00 seed=2 ep=8 success=False steps=220
2026-03-04 19:56:41,183 trace.runner.sweep_runner INFO: intensity=1.00 seed=2 ep=9 success=False steps=220
2026-03-04 19:56:53,640 trace.runner.sweep_runner INFO: intensity=1.00 seed=3 ep=0 success=False steps=220
2026-03-04 19:57:05,944 trace.runner.sweep_runner INFO: intensity=1.00 seed=3 ep=1 success=False steps=220
2026-03-04 19:57:17,634 trace.runner.sweep_runner INFO: intensity=1.00 seed=3 ep=2 success=False steps=220
2026-03-04 19:57:30,033 trace.runner.sweep_runner INFO: intensity=1.00 seed=3 ep=3 success=False steps=220
2026-03-04 19:57:42,365 trace.runner.sweep_runner INFO: intensity=1.00 seed=3 ep=4 success=False steps=220
2026-03-04 19:57:54,670 trace.runner.sweep_runner INFO: intensity=1.00 seed=3 ep=5 success=False steps=220
2026-03-04 19:58:07,034 trace.runner.sweep_runner INFO: intensity=1.00 seed=3 ep=6 success=False steps=220
2026-03-04 19:58:19,416 trace.runner.sweep_runner INFO: intensity=1.00 seed=3 ep=7 success=False steps=220
2026-03-04 19:58:31,798 trace.runner.sweep_runner INFO: intensity=1.00 seed=3 ep=8 success=False steps=220
2026-03-04 19:58:44,306 trace.runner.sweep_runner INFO: intensity=1.00 seed=3 ep=9 success=False steps=220
2026-03-04 19:58:56,642 trace.runner.sweep_runner INFO: intensity=1.00 seed=4 ep=0 success=False steps=220
2026-03-04 19:59:08,990 trace.runner.sweep_runner INFO: intensity=1.00 seed=4 ep=1 success=False steps=220
2026-03-04 19:59:20,815 trace.runner.sweep_runner INFO: intensity=1.00 seed=4 ep=2 success=False steps=220
2026-03-04 19:59:33,303 trace.runner.sweep_runner INFO: intensity=1.00 seed=4 ep=3 success=False steps=220
2026-03-04 19:59:45,736 trace.runner.sweep_runner INFO: intensity=1.00 seed=4 ep=4 success=False steps=220
2026-03-04 19:59:58,126 trace.runner.sweep_runner INFO: intensity=1.00 seed=4 ep=5 success=False steps=220
2026-03-04 20:00:10,648 trace.runner.sweep_runner INFO: intensity=1.00 seed=4 ep=6 success=False steps=220
2026-03-04 20:00:23,008 trace.runner.sweep_runner INFO: intensity=1.00 seed=4 ep=7 success=False steps=220
2026-03-04 20:00:35,317 trace.runner.sweep_runner INFO: intensity=1.00 seed=4 ep=8 success=False steps=220
2026-03-04 20:00:47,700 trace.runner.sweep_runner INFO: intensity=1.00 seed=4 ep=9 success=False steps=220
2026-03-04 20:00:47,710 __main__ INFO:   baseline=100%, max_degradation=100%, breakpoint=0.50
2026-03-04 20:00:47,710 __main__ INFO: Running sweep 3/9: PhysicsShiftStressor
2026-03-04 20:00:54,686 trace.runner.sweep_runner INFO: intensity=0.00 seed=0 ep=0 success=True steps=76
2026-03-04 20:01:01,096 trace.runner.sweep_runner INFO: intensity=0.00 seed=0 ep=1 success=True steps=102
2026-03-04 20:01:06,588 trace.runner.sweep_runner INFO: intensity=0.00 seed=0 ep=2 success=True steps=83
2026-03-04 20:01:11,785 trace.runner.sweep_runner INFO: intensity=0.00 seed=0 ep=3 success=True steps=76
2026-03-04 20:01:16,893 trace.runner.sweep_runner INFO: intensity=0.00 seed=0 ep=4 success=True steps=75
2026-03-04 20:01:22,053 trace.runner.sweep_runner INFO: intensity=0.00 seed=0 ep=5 success=True steps=74
2026-03-04 20:01:27,241 trace.runner.sweep_runner INFO: intensity=0.00 seed=0 ep=6 success=True steps=75
2026-03-04 20:01:32,616 trace.runner.sweep_runner INFO: intensity=0.00 seed=0 ep=7 success=True steps=79
2026-03-04 20:01:37,903 trace.runner.sweep_runner INFO: intensity=0.00 seed=0 ep=8 success=True steps=78
2026-03-04 20:01:44,756 trace.runner.sweep_runner INFO: intensity=0.00 seed=0 ep=9 success=True steps=110
2026-03-04 20:01:50,173 trace.runner.sweep_runner INFO: intensity=0.00 seed=1 ep=0 success=True steps=81
2026-03-04 20:01:56,672 trace.runner.sweep_runner INFO: intensity=0.00 seed=1 ep=1 success=True steps=104
2026-03-04 20:02:03,710 trace.runner.sweep_runner INFO: intensity=0.00 seed=1 ep=2 success=True steps=113
2026-03-04 20:02:08,700 trace.runner.sweep_runner INFO: intensity=0.00 seed=1 ep=3 success=True steps=73
2026-03-04 20:02:13,794 trace.runner.sweep_runner INFO: intensity=0.00 seed=1 ep=4 success=True steps=74
2026-03-04 20:02:18,547 trace.runner.sweep_runner INFO: intensity=0.00 seed=1 ep=5 success=True steps=70
2026-03-04 20:02:23,608 trace.runner.sweep_runner INFO: intensity=0.00 seed=1 ep=6 success=True steps=74
2026-03-04 20:02:29,133 trace.runner.sweep_runner INFO: intensity=0.00 seed=1 ep=7 success=True steps=81
2026-03-04 20:02:34,610 trace.runner.sweep_runner INFO: intensity=0.00 seed=1 ep=8 success=True steps=82
2026-03-04 20:02:39,825 trace.runner.sweep_runner INFO: intensity=0.00 seed=1 ep=9 success=True steps=77
2026-03-04 20:02:45,257 trace.runner.sweep_runner INFO: intensity=0.00 seed=2 ep=0 success=True steps=80
2026-03-04 20:02:55,212 trace.runner.sweep_runner INFO: intensity=0.00 seed=2 ep=1 success=True steps=170
2026-03-04 20:03:00,209 trace.runner.sweep_runner INFO: intensity=0.00 seed=2 ep=2 success=True steps=76
2026-03-04 20:03:05,295 trace.runner.sweep_runner INFO: intensity=0.00 seed=2 ep=3 success=True steps=74
2026-03-04 20:03:10,315 trace.runner.sweep_runner INFO: intensity=0.00 seed=2 ep=4 success=True steps=73
2026-03-04 20:03:15,420 trace.runner.sweep_runner INFO: intensity=0.00 seed=2 ep=5 success=True steps=75
2026-03-04 20:03:28,392 trace.runner.sweep_runner INFO: intensity=0.00 seed=2 ep=6 success=False steps=220
2026-03-04 20:03:33,742 trace.runner.sweep_runner INFO: intensity=0.00 seed=2 ep=7 success=True steps=78
2026-03-04 20:03:39,370 trace.runner.sweep_runner INFO: intensity=0.00 seed=2 ep=8 success=True steps=82
2026-03-04 20:03:44,411 trace.runner.sweep_runner INFO: intensity=0.00 seed=2 ep=9 success=True steps=72
2026-03-04 20:03:51,261 trace.runner.sweep_runner INFO: intensity=0.00 seed=3 ep=0 success=True steps=109
2026-03-04 20:03:57,917 trace.runner.sweep_runner INFO: intensity=0.00 seed=3 ep=1 success=True steps=106
2026-03-04 20:04:03,270 trace.runner.sweep_runner INFO: intensity=0.00 seed=3 ep=2 success=True steps=85
2026-03-04 20:04:08,342 trace.runner.sweep_runner INFO: intensity=0.00 seed=3 ep=3 success=True steps=75
2026-03-04 20:04:13,338 trace.runner.sweep_runner INFO: intensity=0.00 seed=3 ep=4 success=True steps=72
2026-03-04 20:04:19,788 trace.runner.sweep_runner INFO: intensity=0.00 seed=3 ep=5 success=True steps=102
2026-03-04 20:04:24,760 trace.runner.sweep_runner INFO: intensity=0.00 seed=3 ep=6 success=True steps=73
2026-03-04 20:04:30,097 trace.runner.sweep_runner INFO: intensity=0.00 seed=3 ep=7 success=True steps=78
2026-03-04 20:04:35,324 trace.runner.sweep_runner INFO: intensity=0.00 seed=3 ep=8 success=True steps=77
2026-03-04 20:04:40,343 trace.runner.sweep_runner INFO: intensity=0.00 seed=3 ep=9 success=True steps=71
2026-03-04 20:04:45,770 trace.runner.sweep_runner INFO: intensity=0.00 seed=4 ep=0 success=True steps=79
2026-03-04 20:04:50,980 trace.runner.sweep_runner INFO: intensity=0.00 seed=4 ep=1 success=True steps=77
2026-03-04 20:04:57,297 trace.runner.sweep_runner INFO: intensity=0.00 seed=4 ep=2 success=True steps=99
2026-03-04 20:05:04,141 trace.runner.sweep_runner INFO: intensity=0.00 seed=4 ep=3 success=True steps=108
2026-03-04 20:05:09,334 trace.runner.sweep_runner INFO: intensity=0.00 seed=4 ep=4 success=True steps=76
2026-03-04 20:05:14,248 trace.runner.sweep_runner INFO: intensity=0.00 seed=4 ep=5 success=True steps=72
2026-03-04 20:05:19,192 trace.runner.sweep_runner INFO: intensity=0.00 seed=4 ep=6 success=True steps=70
2026-03-04 20:05:24,456 trace.runner.sweep_runner INFO: intensity=0.00 seed=4 ep=7 success=True steps=77
2026-03-04 20:05:29,766 trace.runner.sweep_runner INFO: intensity=0.00 seed=4 ep=8 success=True steps=80
2026-03-04 20:05:34,915 trace.runner.sweep_runner INFO: intensity=0.00 seed=4 ep=9 success=True steps=75
2026-03-04 20:05:39,968 trace.runner.sweep_runner INFO: intensity=0.10 seed=0 ep=0 success=True steps=75
2026-03-04 20:05:46,709 trace.runner.sweep_runner INFO: intensity=0.10 seed=0 ep=1 success=True steps=107
2026-03-04 20:05:52,261 trace.runner.sweep_runner INFO: intensity=0.10 seed=0 ep=2 success=True steps=83
2026-03-04 20:05:57,592 trace.runner.sweep_runner INFO: intensity=0.10 seed=0 ep=3 success=True steps=80
2026-03-04 20:06:02,766 trace.runner.sweep_runner INFO: intensity=0.10 seed=0 ep=4 success=True steps=76
2026-03-04 20:06:07,965 trace.runner.sweep_runner INFO: intensity=0.10 seed=0 ep=5 success=True steps=76
2026-03-04 20:06:12,758 trace.runner.sweep_runner INFO: intensity=0.10 seed=0 ep=6 success=True steps=67
2026-03-04 20:06:18,349 trace.runner.sweep_runner INFO: intensity=0.10 seed=0 ep=7 success=True steps=82
2026-03-04 20:06:23,641 trace.runner.sweep_runner INFO: intensity=0.10 seed=0 ep=8 success=True steps=78
2026-03-04 20:06:30,361 trace.runner.sweep_runner INFO: intensity=0.10 seed=0 ep=9 success=True steps=106
2026-03-04 20:06:35,502 trace.runner.sweep_runner INFO: intensity=0.10 seed=1 ep=0 success=True steps=76
2026-03-04 20:06:41,715 trace.runner.sweep_runner INFO: intensity=0.10 seed=1 ep=1 success=True steps=98
2026-03-04 20:06:46,693 trace.runner.sweep_runner INFO: intensity=0.10 seed=1 ep=2 success=True steps=76
2026-03-04 20:06:51,951 trace.runner.sweep_runner INFO: intensity=0.10 seed=1 ep=3 success=True steps=77
2026-03-04 20:06:57,064 trace.runner.sweep_runner INFO: intensity=0.10 seed=1 ep=4 success=True steps=74
2026-03-04 20:07:02,405 trace.runner.sweep_runner INFO: intensity=0.10 seed=1 ep=5 success=True steps=79
2026-03-04 20:07:07,642 trace.runner.sweep_runner INFO: intensity=0.10 seed=1 ep=6 success=True steps=76
2026-03-04 20:07:13,069 trace.runner.sweep_runner INFO: intensity=0.10 seed=1 ep=7 success=True steps=79
2026-03-04 20:07:18,522 trace.runner.sweep_runner INFO: intensity=0.10 seed=1 ep=8 success=True steps=81
2026-03-04 20:07:23,779 trace.runner.sweep_runner INFO: intensity=0.10 seed=1 ep=9 success=True steps=78
2026-03-04 20:07:29,017 trace.runner.sweep_runner INFO: intensity=0.10 seed=2 ep=0 success=True steps=78
2026-03-04 20:07:35,940 trace.runner.sweep_runner INFO: intensity=0.10 seed=2 ep=1 success=True steps=111
2026-03-04 20:07:40,999 trace.runner.sweep_runner INFO: intensity=0.10 seed=2 ep=2 success=True steps=77
2026-03-04 20:07:46,027 trace.runner.sweep_runner INFO: intensity=0.10 seed=2 ep=3 success=True steps=73
2026-03-04 20:07:51,019 trace.runner.sweep_runner INFO: intensity=0.10 seed=2 ep=4 success=True steps=72
2026-03-04 20:07:56,339 trace.runner.sweep_runner INFO: intensity=0.10 seed=2 ep=5 success=True steps=79
2026-03-04 20:08:01,393 trace.runner.sweep_runner INFO: intensity=0.10 seed=2 ep=6 success=True steps=74
2026-03-04 20:08:07,010 trace.runner.sweep_runner INFO: intensity=0.10 seed=2 ep=7 success=True steps=83
2026-03-04 20:08:12,359 trace.runner.sweep_runner INFO: intensity=0.10 seed=2 ep=8 success=True steps=80
2026-03-04 20:08:17,330 trace.runner.sweep_runner INFO: intensity=0.10 seed=2 ep=9 success=True steps=72
2026-03-04 20:08:24,041 trace.runner.sweep_runner INFO: intensity=0.10 seed=3 ep=0 success=True steps=107
2026-03-04 20:08:30,788 trace.runner.sweep_runner INFO: intensity=0.10 seed=3 ep=1 success=True steps=107
2026-03-04 20:08:36,511 trace.runner.sweep_runner INFO: intensity=0.10 seed=3 ep=2 success=True steps=87
2026-03-04 20:08:41,731 trace.runner.sweep_runner INFO: intensity=0.10 seed=3 ep=3 success=True steps=77
2026-03-04 20:08:46,798 trace.runner.sweep_runner INFO: intensity=0.10 seed=3 ep=4 success=True steps=74
2026-03-04 20:08:53,275 trace.runner.sweep_runner INFO: intensity=0.10 seed=3 ep=5 success=True steps=101
2026-03-04 20:08:58,200 trace.runner.sweep_runner INFO: intensity=0.10 seed=3 ep=6 success=True steps=70
2026-03-04 20:09:03,808 trace.runner.sweep_runner INFO: intensity=0.10 seed=3 ep=7 success=True steps=83
2026-03-04 20:09:09,331 trace.runner.sweep_runner INFO: intensity=0.10 seed=3 ep=8 success=True steps=81
2026-03-04 20:09:14,606 trace.runner.sweep_runner INFO: intensity=0.10 seed=3 ep=9 success=True steps=78
2026-03-04 20:09:19,846 trace.runner.sweep_runner INFO: intensity=0.10 seed=4 ep=0 success=True steps=78
2026-03-04 20:09:24,789 trace.runner.sweep_runner INFO: intensity=0.10 seed=4 ep=1 success=True steps=73
2026-03-04 20:09:30,051 trace.runner.sweep_runner INFO: intensity=0.10 seed=4 ep=2 success=True steps=81
2026-03-04 20:09:35,248 trace.runner.sweep_runner INFO: intensity=0.10 seed=4 ep=3 success=True steps=76
2026-03-04 20:09:40,296 trace.runner.sweep_runner INFO: intensity=0.10 seed=4 ep=4 success=True steps=75
2026-03-04 20:09:45,511 trace.runner.sweep_runner INFO: intensity=0.10 seed=4 ep=5 success=True steps=77
2026-03-04 20:09:53,414 trace.runner.sweep_runner INFO: intensity=0.10 seed=4 ep=6 success=True steps=123
2026-03-04 20:10:01,098 trace.runner.sweep_runner INFO: intensity=0.10 seed=4 ep=7 success=True steps=122
2026-03-04 20:10:06,340 trace.runner.sweep_runner INFO: intensity=0.10 seed=4 ep=8 success=True steps=76
2026-03-04 20:10:11,421 trace.runner.sweep_runner INFO: intensity=0.10 seed=4 ep=9 success=True steps=74
2026-03-04 20:10:16,448 trace.runner.sweep_runner INFO: intensity=0.20 seed=0 ep=0 success=True steps=73
2026-03-04 20:10:24,569 trace.runner.sweep_runner INFO: intensity=0.20 seed=0 ep=1 success=True steps=135
2026-03-04 20:10:30,013 trace.runner.sweep_runner INFO: intensity=0.20 seed=0 ep=2 success=True steps=83
2026-03-04 20:10:35,253 trace.runner.sweep_runner INFO: intensity=0.20 seed=0 ep=3 success=True steps=78
2026-03-04 20:10:42,050 trace.runner.sweep_runner INFO: intensity=0.20 seed=0 ep=4 success=True steps=108
2026-03-04 20:10:47,158 trace.runner.sweep_runner INFO: intensity=0.20 seed=0 ep=5 success=True steps=74
2026-03-04 20:10:52,297 trace.runner.sweep_runner INFO: intensity=0.20 seed=0 ep=6 success=True steps=73
2026-03-04 20:10:57,911 trace.runner.sweep_runner INFO: intensity=0.20 seed=0 ep=7 success=True steps=82
2026-03-04 20:11:03,237 trace.runner.sweep_runner INFO: intensity=0.20 seed=0 ep=8 success=True steps=79
2026-03-04 20:11:09,987 trace.runner.sweep_runner INFO: intensity=0.20 seed=0 ep=9 success=True steps=107
2026-03-04 20:11:15,149 trace.runner.sweep_runner INFO: intensity=0.20 seed=1 ep=0 success=True steps=76
2026-03-04 20:11:20,211 trace.runner.sweep_runner INFO: intensity=0.20 seed=1 ep=1 success=True steps=75
2026-03-04 20:11:25,026 trace.runner.sweep_runner INFO: intensity=0.20 seed=1 ep=2 success=True steps=73
2026-03-04 20:11:30,156 trace.runner.sweep_runner INFO: intensity=0.20 seed=1 ep=3 success=True steps=75
2026-03-04 20:11:35,319 trace.runner.sweep_runner INFO: intensity=0.20 seed=1 ep=4 success=True steps=75
2026-03-04 20:11:40,606 trace.runner.sweep_runner INFO: intensity=0.20 seed=1 ep=5 success=True steps=77
2026-03-04 20:11:45,832 trace.runner.sweep_runner INFO: intensity=0.20 seed=1 ep=6 success=True steps=76
2026-03-04 20:11:51,195 trace.runner.sweep_runner INFO: intensity=0.20 seed=1 ep=7 success=True steps=80
2026-03-04 20:11:56,600 trace.runner.sweep_runner INFO: intensity=0.20 seed=1 ep=8 success=True steps=80
2026-03-04 20:12:01,781 trace.runner.sweep_runner INFO: intensity=0.20 seed=1 ep=9 success=True steps=76
2026-03-04 20:12:07,193 trace.runner.sweep_runner INFO: intensity=0.20 seed=2 ep=0 success=True steps=80
2026-03-04 20:12:13,868 trace.runner.sweep_runner INFO: intensity=0.20 seed=2 ep=1 success=True steps=106
2026-03-04 20:12:18,815 trace.runner.sweep_runner INFO: intensity=0.20 seed=2 ep=2 success=True steps=73
2026-03-04 20:12:24,036 trace.runner.sweep_runner INFO: intensity=0.20 seed=2 ep=3 success=True steps=76
2026-03-04 20:12:29,026 trace.runner.sweep_runner INFO: intensity=0.20 seed=2 ep=4 success=True steps=72
2026-03-04 20:12:34,479 trace.runner.sweep_runner INFO: intensity=0.20 seed=2 ep=5 success=True steps=79
2026-03-04 20:12:39,449 trace.runner.sweep_runner INFO: intensity=0.20 seed=2 ep=6 success=True steps=72
2026-03-04 20:12:45,106 trace.runner.sweep_runner INFO: intensity=0.20 seed=2 ep=7 success=True steps=82
2026-03-04 20:12:50,714 trace.runner.sweep_runner INFO: intensity=0.20 seed=2 ep=8 success=True steps=84
2026-03-04 20:12:55,988 trace.runner.sweep_runner INFO: intensity=0.20 seed=2 ep=9 success=True steps=76
2026-03-04 20:13:02,884 trace.runner.sweep_runner INFO: intensity=0.20 seed=3 ep=0 success=True steps=110
2026-03-04 20:13:09,674 trace.runner.sweep_runner INFO: intensity=0.20 seed=3 ep=1 success=True steps=109
2026-03-04 20:13:15,100 trace.runner.sweep_runner INFO: intensity=0.20 seed=3 ep=2 success=True steps=84
2026-03-04 20:13:20,392 trace.runner.sweep_runner INFO: intensity=0.20 seed=3 ep=3 success=True steps=78
2026-03-04 20:13:25,524 trace.runner.sweep_runner INFO: intensity=0.20 seed=3 ep=4 success=True steps=75
2026-03-04 20:13:32,174 trace.runner.sweep_runner INFO: intensity=0.20 seed=3 ep=5 success=True steps=105
2026-03-04 20:13:37,345 trace.runner.sweep_runner INFO: intensity=0.20 seed=3 ep=6 success=True steps=75
2026-03-04 20:13:42,922 trace.runner.sweep_runner INFO: intensity=0.20 seed=3 ep=7 success=True steps=81
2026-03-04 20:13:48,518 trace.runner.sweep_runner INFO: intensity=0.20 seed=3 ep=8 success=True steps=81
2026-03-04 20:13:53,548 trace.runner.sweep_runner INFO: intensity=0.20 seed=3 ep=9 success=True steps=73
2026-03-04 20:13:58,755 trace.runner.sweep_runner INFO: intensity=0.20 seed=4 ep=0 success=True steps=77
2026-03-04 20:14:03,784 trace.runner.sweep_runner INFO: intensity=0.20 seed=4 ep=1 success=True steps=74
2026-03-04 20:14:08,883 trace.runner.sweep_runner INFO: intensity=0.20 seed=4 ep=2 success=True steps=77
2026-03-04 20:14:15,874 trace.runner.sweep_runner INFO: intensity=0.20 seed=4 ep=3 success=True steps=109
2026-03-04 20:14:20,963 trace.runner.sweep_runner INFO: intensity=0.20 seed=4 ep=4 success=True steps=75
2026-03-04 20:14:25,984 trace.runner.sweep_runner INFO: intensity=0.20 seed=4 ep=5 success=True steps=74
2026-03-04 20:14:31,223 trace.runner.sweep_runner INFO: intensity=0.20 seed=4 ep=6 success=True steps=74
2026-03-04 20:14:36,306 trace.runner.sweep_runner INFO: intensity=0.20 seed=4 ep=7 success=True steps=74
2026-03-04 20:14:41,586 trace.runner.sweep_runner INFO: intensity=0.20 seed=4 ep=8 success=True steps=79
2026-03-04 20:14:46,734 trace.runner.sweep_runner INFO: intensity=0.20 seed=4 ep=9 success=True steps=74
2026-03-04 20:14:51,838 trace.runner.sweep_runner INFO: intensity=0.30 seed=0 ep=0 success=True steps=74
2026-03-04 20:14:56,883 trace.runner.sweep_runner INFO: intensity=0.30 seed=0 ep=1 success=True steps=75
2026-03-04 20:15:02,251 trace.runner.sweep_runner INFO: intensity=0.30 seed=0 ep=2 success=True steps=82
2026-03-04 20:15:07,240 trace.runner.sweep_runner INFO: intensity=0.30 seed=0 ep=3 success=True steps=72
2026-03-04 20:15:12,448 trace.runner.sweep_runner INFO: intensity=0.30 seed=0 ep=4 success=True steps=76
2026-03-04 20:15:17,451 trace.runner.sweep_runner INFO: intensity=0.30 seed=0 ep=5 success=True steps=73
2026-03-04 20:15:22,234 trace.runner.sweep_runner INFO: intensity=0.30 seed=0 ep=6 success=True steps=66
2026-03-04 20:15:27,638 trace.runner.sweep_runner INFO: intensity=0.30 seed=0 ep=7 success=True steps=79
2026-03-04 20:15:33,184 trace.runner.sweep_runner INFO: intensity=0.30 seed=0 ep=8 success=True steps=81
2026-03-04 20:15:38,254 trace.runner.sweep_runner INFO: intensity=0.30 seed=0 ep=9 success=True steps=75
2026-03-04 20:15:43,466 trace.runner.sweep_runner INFO: intensity=0.30 seed=1 ep=0 success=True steps=77
2026-03-04 20:15:49,650 trace.runner.sweep_runner INFO: intensity=0.30 seed=1 ep=1 success=True steps=97
2026-03-04 20:15:55,198 trace.runner.sweep_runner INFO: intensity=0.30 seed=1 ep=2 success=True steps=82
2026-03-04 20:16:00,469 trace.runner.sweep_runner INFO: intensity=0.30 seed=1 ep=3 success=True steps=77
2026-03-04 20:16:05,799 trace.runner.sweep_runner INFO: intensity=0.30 seed=1 ep=4 success=True steps=78
2026-03-04 20:16:11,233 trace.runner.sweep_runner INFO: intensity=0.30 seed=1 ep=5 success=True steps=81
2026-03-04 20:16:16,448 trace.runner.sweep_runner INFO: intensity=0.30 seed=1 ep=6 success=True steps=76
2026-03-04 20:16:21,909 trace.runner.sweep_runner INFO: intensity=0.30 seed=1 ep=7 success=True steps=79
2026-03-04 20:16:27,508 trace.runner.sweep_runner INFO: intensity=0.30 seed=1 ep=8 success=True steps=82
2026-03-04 20:16:32,768 trace.runner.sweep_runner INFO: intensity=0.30 seed=1 ep=9 success=True steps=77
2026-03-04 20:16:38,186 trace.runner.sweep_runner INFO: intensity=0.30 seed=2 ep=0 success=True steps=79
2026-03-04 20:16:46,587 trace.runner.sweep_runner INFO: intensity=0.30 seed=2 ep=1 success=True steps=139
2026-03-04 20:16:51,891 trace.runner.sweep_runner INFO: intensity=0.30 seed=2 ep=2 success=True steps=77
2026-03-04 20:16:56,974 trace.runner.sweep_runner INFO: intensity=0.30 seed=2 ep=3 success=True steps=74
2026-03-04 20:17:01,993 trace.runner.sweep_runner INFO: intensity=0.30 seed=2 ep=4 success=True steps=73
2026-03-04 20:17:07,092 trace.runner.sweep_runner INFO: intensity=0.30 seed=2 ep=5 success=True steps=75
2026-03-04 20:17:11,924 trace.runner.sweep_runner INFO: intensity=0.30 seed=2 ep=6 success=True steps=70
2026-03-04 20:17:17,590 trace.runner.sweep_runner INFO: intensity=0.30 seed=2 ep=7 success=True steps=83
2026-03-04 20:17:23,291 trace.runner.sweep_runner INFO: intensity=0.30 seed=2 ep=8 success=True steps=85
2026-03-04 20:17:28,377 trace.runner.sweep_runner INFO: intensity=0.30 seed=2 ep=9 success=True steps=73
2026-03-04 20:17:35,284 trace.runner.sweep_runner INFO: intensity=0.30 seed=3 ep=0 success=True steps=110
2026-03-04 20:17:42,015 trace.runner.sweep_runner INFO: intensity=0.30 seed=3 ep=1 success=True steps=107
2026-03-04 20:17:48,028 trace.runner.sweep_runner INFO: intensity=0.30 seed=3 ep=2 success=True steps=89
2026-03-04 20:17:53,471 trace.runner.sweep_runner INFO: intensity=0.30 seed=3 ep=3 success=True steps=79
2026-03-04 20:17:58,597 trace.runner.sweep_runner INFO: intensity=0.30 seed=3 ep=4 success=True steps=74
2026-03-04 20:18:05,160 trace.runner.sweep_runner INFO: intensity=0.30 seed=3 ep=5 success=True steps=104
2026-03-04 20:18:10,211 trace.runner.sweep_runner INFO: intensity=0.30 seed=3 ep=6 success=True steps=71
2026-03-04 20:18:16,060 trace.runner.sweep_runner INFO: intensity=0.30 seed=3 ep=7 success=True steps=87
2026-03-04 20:18:21,420 trace.runner.sweep_runner INFO: intensity=0.30 seed=3 ep=8 success=True steps=79
2026-03-04 20:18:26,383 trace.runner.sweep_runner INFO: intensity=0.30 seed=3 ep=9 success=True steps=72
2026-03-04 20:18:31,691 trace.runner.sweep_runner INFO: intensity=0.30 seed=4 ep=0 success=True steps=79
2026-03-04 20:18:38,400 trace.runner.sweep_runner INFO: intensity=0.30 seed=4 ep=1 success=True steps=106
2026-03-04 20:18:43,417 trace.runner.sweep_runner INFO: intensity=0.30 seed=4 ep=2 success=True steps=74
2026-03-04 20:18:50,225 trace.runner.sweep_runner INFO: intensity=0.30 seed=4 ep=3 success=True steps=107
2026-03-04 20:18:55,499 trace.runner.sweep_runner INFO: intensity=0.30 seed=4 ep=4 success=True steps=77
2026-03-04 20:19:00,802 trace.runner.sweep_runner INFO: intensity=0.30 seed=4 ep=5 success=True steps=79
2026-03-04 20:19:06,036 trace.runner.sweep_runner INFO: intensity=0.30 seed=4 ep=6 success=True steps=74
2026-03-04 20:19:11,424 trace.runner.sweep_runner INFO: intensity=0.30 seed=4 ep=7 success=True steps=78
2026-03-04 20:19:17,018 trace.runner.sweep_runner INFO: intensity=0.30 seed=4 ep=8 success=True steps=83
2026-03-04 20:19:22,146 trace.runner.sweep_runner INFO: intensity=0.30 seed=4 ep=9 success=True steps=75
2026-03-04 20:19:26,974 trace.runner.sweep_runner INFO: intensity=0.50 seed=0 ep=0 success=True steps=70
2026-03-04 20:19:33,394 trace.runner.sweep_runner INFO: intensity=0.50 seed=0 ep=1 success=True steps=99
2026-03-04 20:19:39,113 trace.runner.sweep_runner INFO: intensity=0.50 seed=0 ep=2 success=True steps=86
2026-03-04 20:19:44,216 trace.runner.sweep_runner INFO: intensity=0.50 seed=0 ep=3 success=True steps=75
2026-03-04 20:19:49,282 trace.runner.sweep_runner INFO: intensity=0.50 seed=0 ep=4 success=True steps=74
2026-03-04 20:19:54,383 trace.runner.sweep_runner INFO: intensity=0.50 seed=0 ep=5 success=True steps=75
2026-03-04 20:19:59,288 trace.runner.sweep_runner INFO: intensity=0.50 seed=0 ep=6 success=True steps=68
2026-03-04 20:20:04,705 trace.runner.sweep_runner INFO: intensity=0.50 seed=0 ep=7 success=True steps=79
2026-03-04 20:20:10,226 trace.runner.sweep_runner INFO: intensity=0.50 seed=0 ep=8 success=True steps=81
2026-03-04 20:20:16,863 trace.runner.sweep_runner INFO: intensity=0.50 seed=0 ep=9 success=True steps=104
2026-03-04 20:20:22,104 trace.runner.sweep_runner INFO: intensity=0.50 seed=1 ep=0 success=True steps=78
2026-03-04 20:20:28,869 trace.runner.sweep_runner INFO: intensity=0.50 seed=1 ep=1 success=True steps=107
2026-03-04 20:20:35,563 trace.runner.sweep_runner INFO: intensity=0.50 seed=1 ep=2 success=True steps=108
2026-03-04 20:20:40,985 trace.runner.sweep_runner INFO: intensity=0.50 seed=1 ep=3 success=True steps=80
2026-03-04 20:20:46,159 trace.runner.sweep_runner INFO: intensity=0.50 seed=1 ep=4 success=True steps=75
2026-03-04 20:20:51,560 trace.runner.sweep_runner INFO: intensity=0.50 seed=1 ep=5 success=True steps=80
2026-03-04 20:20:56,727 trace.runner.sweep_runner INFO: intensity=0.50 seed=1 ep=6 success=True steps=73
2026-03-04 20:21:02,410 trace.runner.sweep_runner INFO: intensity=0.50 seed=1 ep=7 success=True steps=85
2026-03-04 20:21:08,107 trace.runner.sweep_runner INFO: intensity=0.50 seed=1 ep=8 success=True steps=84
2026-03-04 20:21:13,222 trace.runner.sweep_runner INFO: intensity=0.50 seed=1 ep=9 success=True steps=75
2026-03-04 20:21:18,593 trace.runner.sweep_runner INFO: intensity=0.50 seed=2 ep=0 success=True steps=78
2026-03-04 20:21:25,832 trace.runner.sweep_runner INFO: intensity=0.50 seed=2 ep=1 success=True steps=116
2026-03-04 20:21:33,698 trace.runner.sweep_runner INFO: intensity=0.50 seed=2 ep=2 success=True steps=126
2026-03-04 20:21:39,069 trace.runner.sweep_runner INFO: intensity=0.50 seed=2 ep=3 success=True steps=79
2026-03-04 20:21:44,146 trace.runner.sweep_runner INFO: intensity=0.50 seed=2 ep=4 success=True steps=73
2026-03-04 20:21:49,464 trace.runner.sweep_runner INFO: intensity=0.50 seed=2 ep=5 success=True steps=78
2026-03-04 20:21:54,438 trace.runner.sweep_runner INFO: intensity=0.50 seed=2 ep=6 success=True steps=71
2026-03-04 20:21:59,852 trace.runner.sweep_runner INFO: intensity=0.50 seed=2 ep=7 success=True steps=79
2026-03-04 20:22:05,439 trace.runner.sweep_runner INFO: intensity=0.50 seed=2 ep=8 success=True steps=81
2026-03-04 20:22:10,495 trace.runner.sweep_runner INFO: intensity=0.50 seed=2 ep=9 success=True steps=72
2026-03-04 20:22:19,241 trace.runner.sweep_runner INFO: intensity=0.50 seed=3 ep=0 success=True steps=145
2026-03-04 20:22:24,764 trace.runner.sweep_runner INFO: intensity=0.50 seed=3 ep=1 success=True steps=82
2026-03-04 20:22:30,719 trace.runner.sweep_runner INFO: intensity=0.50 seed=3 ep=2 success=True steps=87
2026-03-04 20:22:36,029 trace.runner.sweep_runner INFO: intensity=0.50 seed=3 ep=3 success=True steps=77
2026-03-04 20:22:41,121 trace.runner.sweep_runner INFO: intensity=0.50 seed=3 ep=4 success=True steps=74
2026-03-04 20:22:47,750 trace.runner.sweep_runner INFO: intensity=0.50 seed=3 ep=5 success=True steps=105
2026-03-04 20:22:52,857 trace.runner.sweep_runner INFO: intensity=0.50 seed=3 ep=6 success=True steps=74
2026-03-04 20:22:58,287 trace.runner.sweep_runner INFO: intensity=0.50 seed=3 ep=7 success=True steps=79
2026-03-04 20:23:03,692 trace.runner.sweep_runner INFO: intensity=0.50 seed=3 ep=8 success=True steps=78
2026-03-04 20:23:08,869 trace.runner.sweep_runner INFO: intensity=0.50 seed=3 ep=9 success=True steps=75
2026-03-04 20:23:13,941 trace.runner.sweep_runner INFO: intensity=0.50 seed=4 ep=0 success=True steps=74
2026-03-04 20:23:20,440 trace.runner.sweep_runner INFO: intensity=0.50 seed=4 ep=1 success=True steps=102
2026-03-04 20:23:25,598 trace.runner.sweep_runner INFO: intensity=0.50 seed=4 ep=2 success=True steps=74
2026-03-04 20:23:30,908 trace.runner.sweep_runner INFO: intensity=0.50 seed=4 ep=3 success=True steps=77
2026-03-04 20:23:36,153 trace.runner.sweep_runner INFO: intensity=0.50 seed=4 ep=4 success=True steps=76
2026-03-04 20:23:41,136 trace.runner.sweep_runner INFO: intensity=0.50 seed=4 ep=5 success=True steps=73
2026-03-04 20:23:46,258 trace.runner.sweep_runner INFO: intensity=0.50 seed=4 ep=6 success=True steps=72
2026-03-04 20:23:51,575 trace.runner.sweep_runner INFO: intensity=0.50 seed=4 ep=7 success=True steps=76
2026-03-04 20:23:57,213 trace.runner.sweep_runner INFO: intensity=0.50 seed=4 ep=8 success=True steps=84
2026-03-04 20:24:02,293 trace.runner.sweep_runner INFO: intensity=0.50 seed=4 ep=9 success=True steps=74
2026-03-04 20:24:07,627 trace.runner.sweep_runner INFO: intensity=0.70 seed=0 ep=0 success=True steps=78
2026-03-04 20:24:12,608 trace.runner.sweep_runner INFO: intensity=0.70 seed=0 ep=1 success=True steps=72
2026-03-04 20:24:17,959 trace.runner.sweep_runner INFO: intensity=0.70 seed=0 ep=2 success=True steps=80
2026-03-04 20:24:22,985 trace.runner.sweep_runner INFO: intensity=0.70 seed=0 ep=3 success=True steps=72
2026-03-04 20:24:31,278 trace.runner.sweep_runner INFO: intensity=0.70 seed=0 ep=4 success=True steps=133
2026-03-04 20:24:36,331 trace.runner.sweep_runner INFO: intensity=0.70 seed=0 ep=5 success=True steps=74
2026-03-04 20:24:41,365 trace.runner.sweep_runner INFO: intensity=0.70 seed=0 ep=6 success=True steps=73
2026-03-04 20:24:46,962 trace.runner.sweep_runner INFO: intensity=0.70 seed=0 ep=7 success=True steps=81
2026-03-04 20:24:52,430 trace.runner.sweep_runner INFO: intensity=0.70 seed=0 ep=8 success=True steps=80
2026-03-04 20:24:59,000 trace.runner.sweep_runner INFO: intensity=0.70 seed=0 ep=9 success=True steps=102
2026-03-04 20:25:04,203 trace.runner.sweep_runner INFO: intensity=0.70 seed=1 ep=0 success=True steps=76
2026-03-04 20:25:09,332 trace.runner.sweep_runner INFO: intensity=0.70 seed=1 ep=1 success=True steps=75
2026-03-04 20:25:16,303 trace.runner.sweep_runner INFO: intensity=0.70 seed=1 ep=2 success=True steps=108
2026-03-04 20:25:21,583 trace.runner.sweep_runner INFO: intensity=0.70 seed=1 ep=3 success=True steps=77
2026-03-04 20:25:26,861 trace.runner.sweep_runner INFO: intensity=0.70 seed=1 ep=4 success=True steps=76
2026-03-04 20:25:32,103 trace.runner.sweep_runner INFO: intensity=0.70 seed=1 ep=5 success=True steps=76
2026-03-04 20:25:37,140 trace.runner.sweep_runner INFO: intensity=0.70 seed=1 ep=6 success=True steps=73
2026-03-04 20:25:42,904 trace.runner.sweep_runner INFO: intensity=0.70 seed=1 ep=7 success=True steps=84
2026-03-04 20:25:48,330 trace.runner.sweep_runner INFO: intensity=0.70 seed=1 ep=8 success=True steps=80
2026-03-04 20:25:53,343 trace.runner.sweep_runner INFO: intensity=0.70 seed=1 ep=9 success=True steps=73
2026-03-04 20:25:58,596 trace.runner.sweep_runner INFO: intensity=0.70 seed=2 ep=0 success=True steps=77
2026-03-04 20:26:05,640 trace.runner.sweep_runner INFO: intensity=0.70 seed=2 ep=1 success=True steps=111
2026-03-04 20:26:11,232 trace.runner.sweep_runner INFO: intensity=0.70 seed=2 ep=2 success=True steps=80
2026-03-04 20:26:16,520 trace.runner.sweep_runner INFO: intensity=0.70 seed=2 ep=3 success=True steps=77
2026-03-04 20:26:21,637 trace.runner.sweep_runner INFO: intensity=0.70 seed=2 ep=4 success=True steps=74
2026-03-04 20:26:26,874 trace.runner.sweep_runner INFO: intensity=0.70 seed=2 ep=5 success=True steps=76
2026-03-04 20:26:31,646 trace.runner.sweep_runner INFO: intensity=0.70 seed=2 ep=6 success=True steps=67
2026-03-04 20:26:37,246 trace.runner.sweep_runner INFO: intensity=0.70 seed=2 ep=7 success=True steps=81
2026-03-04 20:26:42,882 trace.runner.sweep_runner INFO: intensity=0.70 seed=2 ep=8 success=True steps=82
2026-03-04 20:26:48,057 trace.runner.sweep_runner INFO: intensity=0.70 seed=2 ep=9 success=True steps=74
2026-03-04 20:26:55,107 trace.runner.sweep_runner INFO: intensity=0.70 seed=3 ep=0 success=True steps=111
2026-03-04 20:27:01,613 trace.runner.sweep_runner INFO: intensity=0.70 seed=3 ep=1 success=True steps=102
2026-03-04 20:27:07,623 trace.runner.sweep_runner INFO: intensity=0.70 seed=3 ep=2 success=True steps=89
2026-03-04 20:27:13,219 trace.runner.sweep_runner INFO: intensity=0.70 seed=3 ep=3 success=True steps=81
2026-03-04 20:27:18,549 trace.runner.sweep_runner INFO: intensity=0.70 seed=3 ep=4 success=True steps=77
2026-03-04 20:27:25,008 trace.runner.sweep_runner INFO: intensity=0.70 seed=3 ep=5 success=True steps=101
2026-03-04 20:27:29,859 trace.runner.sweep_runner INFO: intensity=0.70 seed=3 ep=6 success=True steps=70
2026-03-04 20:27:35,510 trace.runner.sweep_runner INFO: intensity=0.70 seed=3 ep=7 success=True steps=83
2026-03-04 20:27:40,841 trace.runner.sweep_runner INFO: intensity=0.70 seed=3 ep=8 success=True steps=78
2026-03-04 20:27:45,823 trace.runner.sweep_runner INFO: intensity=0.70 seed=3 ep=9 success=True steps=72
2026-03-04 20:27:51,238 trace.runner.sweep_runner INFO: intensity=0.70 seed=4 ep=0 success=True steps=80
2026-03-04 20:27:56,266 trace.runner.sweep_runner INFO: intensity=0.70 seed=4 ep=1 success=True steps=74
2026-03-04 20:28:03,018 trace.runner.sweep_runner INFO: intensity=0.70 seed=4 ep=2 success=True steps=104
2026-03-04 20:28:08,066 trace.runner.sweep_runner INFO: intensity=0.70 seed=4 ep=3 success=True steps=73
2026-03-04 20:28:13,167 trace.runner.sweep_runner INFO: intensity=0.70 seed=4 ep=4 success=True steps=74
2026-03-04 20:28:18,396 trace.runner.sweep_runner INFO: intensity=0.70 seed=4 ep=5 success=True steps=76
2026-03-04 20:28:23,443 trace.runner.sweep_runner INFO: intensity=0.70 seed=4 ep=6 success=True steps=72
2026-03-04 20:28:28,591 trace.runner.sweep_runner INFO: intensity=0.70 seed=4 ep=7 success=True steps=75
2026-03-04 20:28:34,143 trace.runner.sweep_runner INFO: intensity=0.70 seed=4 ep=8 success=True steps=82
2026-03-04 20:28:39,159 trace.runner.sweep_runner INFO: intensity=0.70 seed=4 ep=9 success=True steps=71
2026-03-04 20:28:44,194 trace.runner.sweep_runner INFO: intensity=1.00 seed=0 ep=0 success=True steps=73
2026-03-04 20:28:49,240 trace.runner.sweep_runner INFO: intensity=1.00 seed=0 ep=1 success=True steps=74
2026-03-04 20:28:54,740 trace.runner.sweep_runner INFO: intensity=1.00 seed=0 ep=2 success=True steps=83
2026-03-04 20:28:59,854 trace.runner.sweep_runner INFO: intensity=1.00 seed=0 ep=3 success=True steps=71
2026-03-04 20:29:04,948 trace.runner.sweep_runner INFO: intensity=1.00 seed=0 ep=4 success=True steps=73
2026-03-04 20:29:10,215 trace.runner.sweep_runner INFO: intensity=1.00 seed=0 ep=5 success=True steps=77
2026-03-04 20:29:15,118 trace.runner.sweep_runner INFO: intensity=1.00 seed=0 ep=6 success=True steps=69
2026-03-04 20:29:20,547 trace.runner.sweep_runner INFO: intensity=1.00 seed=0 ep=7 success=True steps=78
2026-03-04 20:29:25,960 trace.runner.sweep_runner INFO: intensity=1.00 seed=0 ep=8 success=True steps=80
2026-03-04 20:29:39,389 trace.runner.sweep_runner INFO: intensity=1.00 seed=0 ep=9 success=False steps=220
2026-03-04 20:29:46,014 trace.runner.sweep_runner INFO: intensity=1.00 seed=1 ep=0 success=True steps=103
2026-03-04 20:29:59,416 trace.runner.sweep_runner INFO: intensity=1.00 seed=1 ep=1 success=False steps=220
2026-03-04 20:30:04,558 trace.runner.sweep_runner INFO: intensity=1.00 seed=1 ep=2 success=True steps=75
2026-03-04 20:30:10,270 trace.runner.sweep_runner INFO: intensity=1.00 seed=1 ep=3 success=True steps=83
